DATA;TIPO;NR;PROCEDIMENTO;DESCRIÇÃO: MATERIAL / SERVIÇO / PATRONAL;VALOR;DEFERIDO POR;CODIGO;Unidade;TIPO DE EMPENHO;UNIDADE;OBS;COD;TIPO;OBS
20/01/22;EMP;70;13-53.2022;Contratação de curso de Conformidade de Registro de Gestão;3180;SAO;CAPAC;33903948;AC CAPPAC;SEDES;5;COFIN;estimativo;EMP703180CAPAC/33903948-AC CAPPAC-SEDES-5
15/03/22;EMP;107;1122-39.2021;DEA - Reembolso de aquisição de TOKEN;209;SAO;20GPC;999999999;OUTROS;OUTRO;190;SEJUD;estimativo;EMP10720920GPC/999999999-OUTROS--190
10/01/22;EMP;27;1620-33.2021;Serviços terceirizados de motoristas;41114,88;DG;20GPC;33903701;ADM APOIO;SETRAN;159;SETRAN;global;"EMP2741114;8820GPC/33903701-ADM APOIO-SETRAN-159"
10/01/22;EMP;28;1620-33.2021;Diárias sem pernoite - serviços terceirizados de motoristas;3448,2;DG;20GPC;33903701;ADM APOIO;SETRAN;159;SETRAN;global;"EMP283448;220GPC/33903701-ADM APOIO-SETRAN-159"
10/01/22;EMP;29;1620-33.2021;Diárias com pernoite - serviços terceirizados de motoristas;5625;DG;20GPC;33903701;ADM APOIO;SETRAN;159;SETRAN;global;EMP29562520GPC/33903701-ADM APOIO-SETRAN-159
10/01/22;EMP;30;45-58.2022;Indenização aos oficiais de justiça do TJ/AC;15000;DG;20GPC;33909301;ADM OFIJUS;GAJUD ;106;SEJUD;estimativo;EMP301500020GPC/33909301-ADM OFIJUS-GAJUD -106
10/01/22;EMP;31;4-91.2022;Aquisição de gás de cozinha;576,5;SAO;20GPC;33903004;ADM MATAUX;SEAD;117;SEADE;estimativo;
10/01/22;EMP;31;4-91.2022;Aquisição de água mineral;5520;SAO;20GPC;33903007;ADM MATAUX;SEAD;118;SEADE;estimativo;EMP31552020GPC/33903007-ADM MATAUX-SEAD-118
10/01/22;EMP;31;4-91.2022;Aquisição de vasilhame para água mineral;69;SAO;20GPC;33903004;ADM MATAUX;SEAD;117;SEADE;estimativo;EMP316920GPC/33903004-ADM MATAUX-SEAD-117
10/01/22;EMP;32;2703-77.2021;Lavagens simples de veículos - 4ZE;1800;SAO;20GPC;999999999;OUTROS;OUTRO;190;4ZE;estimativo;EMP32180020GPC/999999999-OUTROS--190
10/01/22;EMP;45;2703-77.2021;Cont. Patronal sobre lavagens simples de veículos - 4ZE;360;SAO;20GPC;33914718;OUTROS;OUTRO;191;4ZE;estimativo;EMP4536020GPC/33914718-OUTROS--191
10/01/22;EMP;33;2195-17.2019;Água encanada - CAPITAL;14000;SAO;20GPC;33903944;IEF AGUA;SEAD;130;SEADE;estimativo;EMP331400020GPC/33903944-IEF AGUA-SEAD-130
10/01/22;EMP;34;2195-17.2019;Água encanada - INTERIOR;16000;SAO;20GPC;33903944;IEF AGUA;SEAD;131;SEADE;estimativo;EMP341600020GPC/33903944-IEF AGUA-SEAD-131
10/01/22;EMP;35;2913-77.2020;Combustível;7447,66;SAO;20GPC;33903001;ADM MATAUX;SETRAN;155;SETRAN;estimativo;"EMP357447;6620GPC/33903001-ADM MATAUX-SETRAN-155"
12/01/22;EMP;36;1243-67.2021;Operação do sistema de som - Período Ordinário - Dias Úteis;23349;SAO;20GPC;33903701;ADM APOIO;GAJUD ;104;SEJUD;estimativo;EMP362334920GPC/33903701-ADM APOIO-GAJUD -104
12/01/22;EMP;37;1243-67.2021;Operação do sistema de som - Período Extraordinário - Dias Úteis;3502,35;SAO;20GPC;33903701;ADM APOIO;GAJUD ;104;SEJUD;estimativo;"EMP373502;3520GPC/33903701-ADM APOIO-GAJUD -104"
12/01/22;EMP;38;1243-67.2021;Operação do sistema de som - Período Ordinário - Dias Não-Úteis;3113,2;SAO;20GPC;33903701;ADM APOIO;GAJUD ;104;SEJUD;estimativo;"EMP383113;220GPC/33903701-ADM APOIO-GAJUD -104"
12/01/22;EMP;39;1243-67.2021;Operação do sistema de som - Período Extraordinário - Dias Não-Úteis;544,81;SAO;20GPC;33903701;ADM APOIO;GAJUD ;104;SEJUD;estimativo;"EMP39544;8120GPC/33903701-ADM APOIO-GAJUD -104"
12/01/22;EMP;40;1243-67.2021;Manutenção do sistema de som - Período Ordinário;3174;SAO;20GPC;33903701;ADM APOIO;GAJUD ;104;SEJUD;estimativo;EMP40317420GPC/33903701-ADM APOIO-GAJUD -104
12/01/22;EMP;41;1243-67.2021;Manutenção do sistema de som - Período Extraordinário;555,45;SAO;20GPC;33903701;ADM APOIO;GAJUD ;104;SEJUD;estimativo;"EMP41555;4520GPC/33903701-ADM APOIO-GAJUD -104"
12/01/22;EMP;42;1243-67.2021;Contribuição Patronal - Manutenção e Operação do sistema de som;6847,76;SAO;20GPC;33914718;OUTROS;OUTRO;191;SEJUD;estimativo;"EMP426847;7620GPC/33914718-OUTROS--191"
13/01/22;EMP;43;2110-60.2021;Agente de integração do Programa de Estágio do TRE/AC;4775,04;SAO;20GPC;33903903;ADM ESTAGI;SEDES;153;SEDES;estimativo;"EMP434775;0420GPC/33903903-ADM ESTAGI-SEDES-153"
18/04/22;EMP;44;2650-45.2020;Lavagem e lubrificação de veículos - CT 02/2020;256,99;SAO;20GPC;33903919;ADM MANVEI;SETRAN;160;SETRAN;estimativo;"EMP44256;9920GPC/33903919-ADM MANVEI-SETRAN-160"
28/01/22;EMP;78;2687-38.2021;Aquisição de equipamento de TI - WEBCAM;9798;SAO;20GPC;33903017;TIC MATCON;STI;170;STI;estimativo;44589EMP979820GPC/33903017-TIC MATCON-STI-170
14/01/22;EMP;46;2021-37.2021;CT 27/2017 -Manutenção de Veículos - Serviços;14670;PRESI;20GPC;33903919;ADM MANVEI;SETRAN;161;SETRAN;estimativo;EMP461467020GPC/33903919-ADM MANVEI-SETRAN-161
14/01/22;EMP;47;2021-37.2021;CT 27/2017 - Manutenção de Veículos - Peças;40000;PRESI;20GPC;33903039;ADM MANVEI;SETRAN;156;SETRAN;estimativo;EMP474000020GPC/33903039-ADM MANVEI-SETRAN-156
17/01/22;EMP;51;2701-10.2021;Aquisição de água mineral e gás de cozinha - 4ª ZE (água);2100;SAO;20GPC;33903004;ADM MATAUX;SEAD;117;4ZE;estimativo;EMP51210020GPC/33903004-ADM MATAUX-SEAD-117
17/01/22;EMP;51;2701-10.2021;Aquisição de água mineral e gás de cozinha - 4ª ZE (gás);645;SAO;20GPC;33903007;ADM MATAUX;SEAD;118;4ZE;estimativo;EMP5164520GPC/33903007-ADM MATAUX-SEAD-118
17/01/22;EMP;54;4509-62.2017;CT 12/2018 - Serviços de manutenção de condicionadores de ar;4000;PRESI;20GPC;33903025;ADM MATMAN;SEAD;121;SEADE;estimativo;EMP54400020GPC/33903025-ADM MATMAN-SEAD-121
17/01/22;EMP;55;4509-62.2017;CT 12/2018 -  Despesa fornecimento de peças;12000;PRESI;20GPC;33903917;IEF MANPRE;SEAD;126;SEADE;estimativo;EMP551200020GPC/33903917-IEF MANPRE-SEAD-126
17/01/22;EMP;56;4509-62.2017;CT 12/2018 - Manutenção bebedouros;2500;PRESI;20GPC;33903917;ADM MANMAQ;SEAD;127;SEADE;estimativo;EMP56250020GPC/33903917-ADM MANMAQ-SEAD-127
17/01/22;EMP;57;2368-70.2021;CT 28/2016 - Links satélites VSAT (comunicação);23059,8;PRESI;20GPC;33904013;TIC COMRED;STI;175;CIE ;global;"EMP5723059;820GPC/33904013-TIC COMRED-STI-175"
17/01/22;EMP;58;2368-70.2021;CT 28/2016 - Links satélites VSAT (locação com garantia);6149,28;PRESI;20GPC;33904013;TIC COMRED;STI;175;CIE ;global;"EMP586149;2820GPC/33904013-TIC COMRED-STI-175"
17/01/22;EMP;94;11-83.2022;"Serviços de encadernação; plastificação; encadernação e impressão";2966,8;SAO;20GPC;33903963;ADM APOIO;SEAD;134;SEADE;estimativo;"EMP942966;820GPC/33903963-ADM APOIO-SEAD-134"
17/01/22;EMP;95;11-83.2022;Aquisição de carimbos e refis de carimbos;3597,5;SAO;20GPC;33903016;ADM APOIO;SEAD;119;SEADE;estimativo;"EMP953597;520GPC/33903016-ADM APOIO-SEAD-119"
17/01/22;EMP;96;11-83.2022;Aquisição de crachás;1000;SAO;20GPC;33903028;ADM MATMAN;SEAD;122;SEADE;estimativo;EMP96100020GPC/33903028-ADM MATMAN-SEAD-122
23/03/22;EMP;130;2115-82.2021;Serviços de Carregadores;105435,8;DG;20GPC;33903701;ADM APOIO;PROTO;109;PROTO;global;"EMP130105435;820GPC/33903701-ADM APOIO-PROTO-109"
17/01/22;EMP;48;358-53.2021;Vigilância Armada - Fórum Eleitoral de Cruzeiro do Sul;116687,27;DG;20GPC;33903703;IEF VIGOST;PROTO;111;PROTO;global;"EMP48116687;2720GPC/33903703-IEF VIGOST-PROTO-111"
17/01/22;EMP;59;2657-08.2018;Correios;5000;SAO;20GPC;33903947;ADM LOGIST;PROTO;112;PROTO;estimativo;EMP59500020GPC/33903947-ADM LOGIST-PROTO-112
18/01/22;EMP;98;118-30.2022;Aquisição de Materiais de Consumo - Limpeza;54686;PRESI;20GPC;33903022;ADM MATAUX;SEALM;147;SEALM;ordinario;EMP985468620GPC/33903022-ADM MATAUX-SEALM-147
20/01/22;EMP;63;121-82.2022;Aquisição de Materiais de Consumo - Copa e Cozinha;3161;SAO;20GPC;33903021;ADM MATAUX;SEALM;146;SEALM;ordinario;EMP63316120GPC/33903021-ADM MATAUX-SEALM-146
18/01/22;EMP;64;122-67.2022;Aquisição de Materiais de Consumo - Cadeado;1000;SAO;20GPC;33903025;ADM MATMAN;SEALM;148;SEALM;ordinario;EMP64100020GPC/33903025-ADM MATMAN-SEALM-148
19/01/22;EMP;65;2029-48.2020;Aquisição de material odontológico;5906,8;SAO;20GPC;999999999;OUTROS;OUTRO;190;SASBEN;estimativo;"EMP655906;820GPC/999999999-OUTROS--190"
18/01/22;INF;12;2361-78.2021;Contratação de empresa para gerenciamento de frota - Combustível 20GP;50000;;20GPC;33903001;ADM MATAUX;SETRAN;155;SETRAN;estimativo;INF125000020GPC/33903001-ADM MATAUX-SETRAN-155
18/01/22;INF;12;2361-78.2021;Contratação de empresa para gerenciamento de frota - Peças 20GP;63000;;20GPC;33903039;ADM MANVEI;SETRAN;156;SETRAN;estimativo;INF126300020GPC/33903039-ADM MANVEI-SETRAN-156
18/01/22;INF;12;2361-78.2021;Contratação de empresa para gerenciamento de frota - Manutenção 20GP;20000;;20GPC;33903919;ADM MANVEI;SETRAN;160;SETRAN;estimativo;INF122000020GPC/33903919-ADM MANVEI-SETRAN-160
18/01/22;INF;12;2361-78.2021;Contratação de empresa para gerenc. de frota - Combustível PLEITOS;139038,98;;PLEIT;33903001;FUN MATAUX;SETRAN;271;SETRAN;estimativo;"INF12139038;98PLEIT/33903001-FUN MATAUX-SETRAN-271"
20/01/22;EMP;67;2014-45.2021;Diferença de repactuação de preços - Motoristas Terceirizados;1113;SAO;20GPC;999999999;OUTROS;OUTRO;190;SETRAN;ordinario;EMP67111320GPC/999999999-OUTROS--190
20/01/22;EMP;69;661-67.2017;Licenciamento anual de veículos;2761,5;SAO;20GPC;33904710;ADM MANVEI;SETRAN;163;SETRAN;ordinario;"EMP692761;520GPC/33904710-ADM MANVEI-SETRAN-163"
20/01/22;EMP;71;1826-86.2020;Manutenção Predial - Capital;266147,88;SAO;20GPC;33903916;IEF MANPRE;SOMI;169;SOMI;estimativo;"EMP71266147;8820GPC/33903916-IEF MANPRE-SOMI-169"
20/01/22;EMP;72;1826-86.2020;Manutenção Predial - Interior;170000;SAO;20GPC;33903916;IEF MANPRE;SOMI;169;SOMI;estimativo;EMP7217000020GPC/33903916-IEF MANPRE-SOMI-169
24/01/22;EMP;75;1827-37.2021;Passagens para servidores;100000;SAO;20GPC;33903301;ADM PASSAG;SETRAN;158;SETRAN;estimativo;EMP7510000020GPC/33903301-ADM PASSAG-SETRAN-158
24/01/22;EMP;76;1827-37.2021;Passagens para membros;60000;SAO;20GPC;33903301;ADM PASMEM;SETRAN;157;SETRAN;estimativo;EMP766000020GPC/33903301-ADM PASMEM-SETRAN-157
17/01/22;EMP;50;9-16.2022;Diárias para servidores;50000;SAO;20GPC;33901414;ADM DIARIA;SEDES;151;SPEO;estimativo;EMP505000020GPC/33901414-ADM DIARIA-SEDES-151
17/01/22;EMP;52;9-16.2022;Diárias para Membros;45000;SAO;20GPC;33901414;ADM DIAMEM;SEDES ;154;SPEO;estimativo;EMP524500020GPC/33901414-ADM DIAMEM-SEDES -154
17/01/22;EMP;53;9-16.2022;Indenização da combustível;10000;SAO;20GPC;999999999;OUTROS;OUTRO;190;SPEO;estimativo;EMP531000020GPC/999999999-OUTROS--190
18/01/22;EMP;60;1538-07.2021;Vigilância Armada - Fórum Eleitoral de Rio Branco - Diurno;78904;SAO;20GPC;33903703;IEF VIGOST;PROTO;111;PROTO;global;EMP607890420GPC/33903703-IEF VIGOST-PROTO-111
18/01/22;EMP;61;1538-07.2021;Vigilância Armada - Fórum Eleitoral de Rio Branco - Noturno;98618;SAO;20GPC;33903703;IEF VIGOST;PROTO;111;PROTO;global;EMP619861820GPC/33903703-IEF VIGOST-PROTO-111
28/01/22;EMP;79;2687-38.2021;Aquisição de equipamento de TI - HEADSET;5779,2;SAO;20GPC;33903017;TIC MATCON;STI;170;STI;estimativo;"44589EMP5779;220GPC/33903017-TIC MATCON-STI-170"
28/01/22;EMP;80;2687-38.2021;Aquisição de equipamento de TI - ANTENA WIFI;1000;SAO;20GPC;33903017;TIC MATCON;STI;170;STI;estimativo;44589EMP100020GPC/33903017-TIC MATCON-STI-170
28/01/22;EMP;81;2687-38.2021;Aquisição de equipamento de TI - DISCO SSD;9138;SAO;20GPC;33903017;TIC MATCON;STI;170;STI;estimativo;44589EMP913820GPC/33903017-TIC MATCON-STI-170
28/01/22;EMP;82;2687-38.2021;Aquisição de equipamento de TI - ADAPTADOR VGA;1575,5;SAO;20GPC;33903017;TIC MATCON;STI;170;STI;estimativo;"44589EMP1575;520GPC/33903017-TIC MATCON-STI-170"
28/01/22;EMP;77;406-12.2021;Vigilância eletrônica;34792,15;DG;20GPC;33903977;IEF VIGELE;PROTO;114;PROTO;global;"EMP7734792;1520GPC/33903977-IEF VIGELE-PROTO-114"
02/01/22;INF;14;51-65.2022;Aquisição de Material de Consumo (açúcar);840;SAO;20GPC;33903007;ADM MATAUX;SEALM;140;SEALM;ordinario;INF1484020GPC/33903007-ADM MATAUX-SEALM-140
02/01/22;EMP;106;196-09.2022;Aquisição de gás de cozinha;599,9;SAO;20GPC;33903004;ADM MATAUX;SEAD;117;5ZE;ordinario;"EMP106599;920GPC/33903004-ADM MATAUX-SEAD-117"
04/02/22;EMP;83;2518-51.2021;Programa de Estágio - Taxa Administrativa;725;PRESI;20GPC;33903903;ADM ESTAGI;SEDES;153;SEDES;estimativo;EMP8372520GPC/33903903-ADM ESTAGI-SEDES-153
04/02/22;EMP;84;2518-51.2021;Programa de Estágio - Bolsa Nível Superior;22290;PRESI;20GPC;33903607;ADM ESTAGI;SEDES;152;SEDES;estimativo;EMP842229020GPC/33903607-ADM ESTAGI-SEDES-152
04/02/22;EMP;85;2518-51.2021;Programa de Estágio - Bolsa Nível Médio;3013,33;PRESI;20GPC;33903607;ADM ESTAGI;SEDES;152;SEDES;estimativo;"EMP853013;3320GPC/33903607-ADM ESTAGI-SEDES-152"
04/02/22;EMP;86;2518-51.2021;Programa de Estágio - Auxílio Transporte;2597;PRESI;20GPC;33903607;ADM ESTAGI;SEDES;152;SEDES;estimativo;EMP86259720GPC/33903607-ADM ESTAGI-SEDES-152
04/02/22;EMP;87;1599-62.2021;CT 16/2019 - Serviço de Carregadores;17985,87;PRESI;20GPC;33903701;ADM APOIO;PROTO;109;PROTO;global;"EMP8717985;8720GPC/33903701-ADM APOIO-PROTO-109"
07/02/22;EMP;104;2343-57.2021;CT 36/2027 - Fornecimento de combustíveis - Linkcard;65000;PRESI;20GPC;33903001;ADM MATAUX;SETRAN;155;SETRAN;estimativo;EMP1046500020GPC/33903001-ADM MATAUX-SETRAN-155
07/02/22;EMP;90;-;cancelado;0;PRESI;20GPC;33903947;ADM LOGIST;PROTO;112;PROTO;estimativo;EMP90020GPC/33903947-ADM LOGIST-PROTO-112
08/02/22;EMP;93;11-83.2022;"Serviços de encadernação; plastificação; encadernação e impressão";6135;SAO;20GPC;33903963;ADM APOIO;SEAD;134;SEADE;estimativo;EMP93613520GPC/33903963-ADM APOIO-SEAD-134
08/02/22;EMP;97;187-67.2022;CT 38/2017 - Vigilância Ostensiva Sede TRE;241134,24;PRESI;20GPC;33903703;IEF VIGOST;PROTO;111;PROTO;global;"EMP97241134;2420GPC/33903703-IEF VIGOST-PROTO-111"
07/02/22;EMP;88;162-49.2022;Limpeza predial;245792,5;PRESI;20GPC;33903702;IEF LIMPEZ;SEAD;123;SEADE;global;"EMP88245792;520GPC/33903702-IEF LIMPEZ-SEAD-123"
07/02/22;EMP;89;162-49.2022;Limpeza predial;188440,93;PRESI;20GPC;33903702;IEF LIMPEZ;SEAD;123;SEADE;global;"EMP89188440;9320GPC/33903702-IEF LIMPEZ-SEAD-123"
08/02/22;EMP;91;135-37.2016;Energia elétrica;400000;PRESI;20GPC;33903943;IEF ENERGI;SEAD;129;SEADE;estimativo;EMP9140000020GPC/33903943-IEF ENERGI-SEAD-129
08/02/22;EMP;92;135-37.2016;COSIP - Energia elétrica;15000;PRESI;20GPC;33904722;IEF ENERGI;SEAD;139;SEADE;estimativo;EMP921500020GPC/33904722-IEF ENERGI-SEAD-139
16/02/22;EMP;102;237-88.2022;Curso Tesouro Gerencial Avançado;5070;PRESI;CAPAC;33903948;AC CAPPAC;SEDES;5;SEDES;ordinario;EMP1025070CAPAC/33903948-AC CAPPAC-SEDES-5
11/02/22;EMP;99;2835-49.2017;CT 05/2017 - Serviços de Comunicação de Dados - Claro;56214,47;PRESI;20GPC;33904013;TIC COMRED;STI;176;CIE ;global;"EMP9956214;4720GPC/33904013-TIC COMRED-STI-176"
11/02/22;EMP;100;2199-20.2016;CT 09/2016 - Serviços de Link dedicado - OI;24241,61;PRESI;20GPC;33904013;TIC COMRED;STI;176;CIE ;global;"EMP10024241;6120GPC/33904013-TIC COMRED-STI-176"
30/03/22;EMP;192;2830-27.2021;Aquisição de Equipamento detector de metais - tipo manual (raquete);4500;PRESI;20GPI;44905224;INV PERMAN;PROTO;58;SAO;ordinario;EMP192450020GPI/44905224-INV PERMAN-PROTO-58
12/04/22;EMP;214;2702-07.2021;Aquisição de Equipamento detector de metais - tipo pórtico;58799,4;PRESI;20GPI;44905224;INV PERMAN;PROTO;58;SAO;ordinario;"EMP21458799;420GPI/44905224-INV PERMAN-PROTO-58"
10/03/22;EMP;111;805-12.2019;Taxa de Coleta de Lixo dos imóveis da Capital - competência 2022;4615,8;PRESI;20GPC;33904710;IEF LIMPEZ;SEAD;138;SEADE;ordinario;"EMP1114615;820GPC/33904710-IEF LIMPEZ-SEAD-138"
15/02/22;EMP;101;471-41.2016; CT 6/2016 - Link Claro - IC60616AC;3511,58;PRESI;20GPC;33904013;TIC COMRED;STI;176;CIE ;global;"EMP1013511;5820GPC/33904013-TIC COMRED-STI-176"
16/02/22;INF;21;1865-49.2021;Aquisição de Acess Point;43096,5;PRESI;20GPI;44905237;INV EQUTIC;STI;83;CIE ;ordinario;"INF2143096;520GPI/44905237-INV EQUTIC-STI-83"
16/02/22;INF;22;2399-90.2021;Contratração Lavagem de Veículos;;DG;20GPC;33903919;ADM MANVEI;SETRAN;160;SETRAN;estimativo;INF2220GPC/33903919-ADM MANVEI-SETRAN-160
17/03/22;EMP;122;3442-67.2018;Reconhecimento de Dívida - DEA. Reembolso Convênio TJ/AC 36/2018.;435,76;SAO;20GPC;999999999;OUTROS;OUTRO;190;6ZE;global;"EMP122435;7620GPC/999999999-OUTROS--190"
16/02/22;EMP;103;3442-67.2018;Reembolso Convênio TJ/AC 56/2018.;9600;DG;20GPC;999999999;OUTROS;OUTRO;190;6ZE;global;EMP103960020GPC/999999999-OUTROS--190
31/03/22;EMP;199;13-87.2021;CT 6/2019  -  Serviço de vigilância monitorada eletrônica;67035,89;PRESI;20GPC;33903977;IEF VIGELE;PROTO;114;PROTO;global;"EMP19967035;8920GPC/33903977-IEF VIGELE-PROTO-114"
21/02/22;EMP;105;2809-51.2017;CT 12/2017 - Link Internet TRE/AC;91721,51;PRESI;20GPC;33904013;TIC COMRED;STI;176;CIE ;global;"EMP10591721;5120GPC/33904013-TIC COMRED-STI-176"
26/04/22;EMP;243;278-55.2022;CT 12/2018 - 4 TA - Manutenção bebedouros - serviços;58769,45;PRESI;20GPC;33903917;IEF MANPRE;SEAD;126;SEADE;estimativo;"EMP24358769;4520GPC/33903917-IEF MANPRE-SEAD-126"
26/04/22;EMP;242;278-55.2022;CT 12/2018 - 4 TA - Manutenção de bebedouras - peças;7000;PRESI;20GPC;33903025;ADM MATMAN;SEAD;121;SEADE;estimativo;EMP242700020GPC/33903025-ADM MATMAN-SEAD-121
15/03/22;EMP;120;323-59.2022;Contratação de Curso de Auditoria Governamental para COCIN;3380;SAO;CAPAC;33903948;AC CAPPAC;SEDES;5;SEDES;ordinario;EMP1203380CAPAC/33903948-AC CAPPAC-SEDES-5
15/03/22;EMP;119;356-49.2022;Contratação de Curso para COFIN;6760;SAO;CAPAC;33903948;AC CAPPAC;SEDES;5;SEDES;ordinario;
01/04/22;EMP;203;2475-17.2021;Contratação do serviço de chaveiro ;7200;SAO;20GPC;33903916;IEF MANPRE;SEAD;125;SEADE;estimativo;EMP203720020GPC/33903916-IEF MANPRE-SEAD-125
21/03/22;EMP;124;317-52.2022;Contratação de Curso de Gestão da Estratégia para ASPLAN;25000;SAO;CAPAC;33903948;AC CAPPAC;SEDES;5;SEDES;ordinario;EMP12425000CAPAC/33903948-AC CAPPAC-SEDES-5
21/03/22;EMP;123;490-76.2022;Contratação de Curso de EFD-Reinf;4461;SAO;CAPAC;33903948;AC CAPPAC;SEDES;5;SEDES;ordinario;EMP1234461CAPAC/33903948-AC CAPPAC-SEDES-5
09/03/22;INF;31;1644-66.2021;Serviços de Rede Corporativa;338963,8;PRESI;20GPC;33904013;TIC COMRED;STI;173;CIE ;global;"INF31338963;820GPC/33904013-TIC COMRED-STI-173"
09/03/22;EMP;108;-;cancelado;;;20GPC;33904013;TIC COMRED;STI;173;CIE ;global;EMP10820GPC/33904013-TIC COMRED-STI-173
09/03/22;EMP;109;2828-57.2017;CT 10/2018 - Serviços de Rede Corporativa;249070,73;PRESI;20GPC;33904013;TIC COMRED;STI;173;CIE ;global;"EMP109249070;7320GPC/33904013-TIC COMRED-STI-173"
09/03/22;EMP;110;4798-92.2017;CT  28/2018 - Serviço de dados móveis;7181,96;PRESI;20GPC;33904014;TIC COMRED;STI;177;CIE ;global;"EMP1107181;9620GPC/33904014-TIC COMRED-STI-177"
21/03/22;EMP;125;365-90.2022;Fornecimento de Água - 6ª ZE;420;SAO;20GPC;33903007;ADM MATAUX;SEAD;118;6ZE;estimativo;EMP12542020GPC/33903007-ADM MATAUX-SEAD-118
21/03/22;EMP;125;365-90.2022;Fornecimento de Gás - 6ª ZE;270;SAO;20GPC;33903004;ADM MATAUX;SEAD;117;6ZE;estimativo;EMP12527020GPC/33903004-ADM MATAUX-SEAD-117
10/03/22;INF;33;2733-27.2021;Aquisição de material odontológico;3683,28;;20GPC;33903010;ADM MATMOD;SASBEN;115;SASBEN;ordinario;"INF333683;2820GPC/33903010-ADM MATMOD-SASBEN-115"
15/03/22;EMP;118;2331-43.2021;Aquisição de totem;1950;SAO;20GPI;99999999;OUTROS;OUTRO;92;SEJUD;ordinario;EMP118195020GPI/99999999-OUTROS--92
10/03/22;EMP;112;2399-90.2021;Serviço de lavagem de veículos - item 1;525;PRESI;20GPC;33903919;ADM MANVEI;SETRAN;160;SETRAN;estimativo;EMP11252520GPC/33903919-ADM MANVEI-SETRAN-160
10/03/22;EMP;113;2399-90.2021;Serviço de lavagem de veículos - item 2;200;PRESI;20GPC;33903919;ADM MANVEI;SETRAN;160;SETRAN;estimativo;EMP11320020GPC/33903919-ADM MANVEI-SETRAN-160
10/03/22;EMP;114;2399-90.2021;Serviço de lavagem de veículos - item 3;2700;PRESI;20GPC;33903919;ADM MANVEI;SETRAN;160;SETRAN;estimativo;EMP114270020GPC/33903919-ADM MANVEI-SETRAN-160
10/03/22;EMP;115;2399-90.2021;Serviço de lavagem de veículos - item 4;3360;PRESI;20GPC;33903919;ADM MANVEI;SETRAN;160;SETRAN;estimativo;EMP115336020GPC/33903919-ADM MANVEI-SETRAN-160
10/03/22;EMP;116;2399-90.2021;Serviço de lavagem de veículos - item 5;840;PRESI;20GPC;33903919;ADM MANVEI;SETRAN;160;SETRAN;estimativo;EMP11684020GPC/33903919-ADM MANVEI-SETRAN-160
10/03/22;EMP;117;2399-90.2021;Serviço de lavagem de veículos - item 6;600;PRESI;20GPC;33903919;ADM MANVEI;SETRAN;160;SETRAN;estimativo;EMP11760020GPC/33903919-ADM MANVEI-SETRAN-160
29/03/22;EMP;189;500-23.2022;Contratação de Curso de TED ;3380;SAO;CAPAC;33903948;AC CAPPAC;SEDES;5;SEDES;ordinario;EMP1893380CAPAC/33903948-AC CAPPAC-SEDES-5
21/03/22;EMP;126;430-06.2022;Aquisição de máscara cirúrgica descartável;11340;DG;20GPC;999999999;OUTROS;OUTRO;190;SEALM;ordinario;EMP1261134020GPC/999999999-OUTROS--190
12/04/22;EMP;219;456-04.2022;Prestação de serviços de rede corporativa - CT 10/2018;311899,22;PRESI;20GPC;33904013;TIC COMRED;STI;173;CIE ;global;"EMP219311899;2220GPC/33904013-TIC COMRED-STI-173"
15/03/22;INF;38;2514-14.2021;Prestação de serviços de rede corporativa;496385,57;;20GPC;33904013;TIC COMRED;STI;173;CIE ;global;"INF38496385;5720GPC/33904013-TIC COMRED-STI-173"
15/03/22;INF;39;368-45.2022;Serviços de limpeza de ar condicionado;2950;;20GPC;999999999;OUTROS;OUTRO;190;6ZE;estimativo;INF39295020GPC/999999999-OUTROS--190
15/03/22;INF;39;368-45.2022;Serviços de limpeza de bebedouro;90;;20GPC;999999999;OUTROS;OUTRO;190;6ZE;estimativo;INF399020GPC/999999999-OUTROS--190
15/03/22;INF;39;368-45.2022;Contribuição Patronal - Serviços de limpeza de ar condicionado;590;;20GPC;33914718;OUTROS;OUTRO;191;6ZE;estimativo;INF3959020GPC/33914718-OUTROS--191
15/03/22;INF;39;368-45.2022;Contribuição Patronal - Serviços de limpeza de bebedouro;18;;20GPC;33914718;OUTROS;OUTRO;191;6ZE;estimativo;INF391820GPC/33914718-OUTROS--191
31/03/22;EMP;198;537-50.2022;D.E.A. - Despacho de bagagem por servidor;220;DG;20GPC;999999999;OUTROS;OUTRO;190;SETRAN;ordinario;EMP19822020GPC/999999999-OUTROS--190
24/03/22;EMP;160;563-48.2022;Digitadores - CAE e OCA;249776,62;PRESI;20GPC;999999999;OUTROS;OUTRO;190;1ZE;global;"EMP160249776;6220GPC/999999999-OUTROS--190"
17/03/22;INF;42;563-48.2022;Digitadores - Fechamento do Cadastro Eleitoral;260875,9;;PLEIT;33903701;FUN APOIO;STI ;288;ASPLAN;global;"INF42260875;9PLEIT/33903701-FUN APOIO-STI -288"
23/03/22;EMP;140;567-85.2022;Digitadores - Fechamento do Cadastro Eleitoral - PAE CAPIXABA;3720;DG;PLEIT;33903701;FUN APOIO;STI ;288;ASPLAN;global;EMP1403720PLEIT/33903701-FUN APOIO-STI -288
17/03/22;EMP;121;566-03.2022;Aquisição de cestos de lixo;267;SAO;20GPC;33903022;ADM MATAUX;SEALM;147;SEALM;ordinario;EMP12126720GPC/33903022-ADM MATAUX-SEALM-147
07/04/22;EMP;212;294-09.2022;Contratação de consultoria pela EJE;39840;DG;20GPC;999999999;OUTROS;OUTRO;190;EJE;ordinario;EMP2123984020GPC/999999999-OUTROS--190
13/04/22;EMP;224;2815-58.2021;Link de acesso a internet temporário - SESI;1660;SAO;PLEIT;99999999;OUTROS;OUTRO;298;CIE ;global;EMP2241660PLEIT/99999999-OUTROS--298
17/03/22;INF;47;2705-59.2021;Manutenção de urnas eletrônicas;178323,2;;PLEIT;33904012;UEL MANPREV;STI ;289;STI;global;"INF47178323;2PLEIT/33904012-UEL MANPREV-STI -289"
13/04/22;EMP;225;357-34.2022;Assinatura do sistema web Gestão Tributária;7188;SAO;20GPC;33903901;ADM ASSINA;SECON;150;COFIN;ordinario;EMP225718820GPC/33903901-ADM ASSINA-SECON-150
22/03/22;EMP;128;588-61.2022;Camisetas para e-título;6415;DG;PLEIT;33903023;FUN MATAUX;SEMAP;268;ASCOM;ordinario;EMP1286415PLEIT/33903023-FUN MATAUX-SEMAP-268
25/03/22;EMP;182;509-67.2022;Aquisição de água mineral - 5ZE;780;SAO;20GPC;999999999;OUTROS;OUTRO;190;5ZE;estimativo;EMP18278020GPC/999999999-OUTROS--190
30/03/22;EMP;191;550-49.2022;Curso de Tesouro Gerencial Básico;8000;SAO;CAPAC;33903948;AC CAPPAC;SEDES;5;SEDES;ordinario;EMP1918000CAPAC/33903948-AC CAPPAC-SEDES-5
20/04/22;EMP;238;805-12.2019;Taxa de Coleta de Lixo dos imóveis da Capital - competência 2022;2314,83;SAO;20GPC;33904710;IEF LIMPEZ;SEAD;138;SEADE;ordinario;"EMP2382314;8320GPC/33904710-IEF LIMPEZ-SEAD-138"
28/03/22;EMP;188;365-90.2022;Fornecimento de Água - PAE PORTO ACRE;420;SAO;20GPC;33903007;ADM MATAUX;SEAD;118;6ZE;estimativo;EMP18842020GPC/33903007-ADM MATAUX-SEAD-118
28/03/22;EMP;188;365-90.2022;Fornecimento de Gás - PAE PORTO ACRE;290;SAO;20GPC;33903004;ADM MATAUX;SEAD;117;6ZE;estimativo;EMP18829020GPC/33903004-ADM MATAUX-SEAD-117
30/03/22;EMP;193;152-02.2022;Serviços de capina - PAE PORTO ACRE;3850;SAO;20GPC;999999999;OUTROS;OUTRO;190;1ZE;global;EMP193385020GPC/999999999-OUTROS--190
30/03/22;EMP;194;152-02.2022;Contribuição Patronal dos Serviços de capina - PAE PORTO ACRE;770;SAO;20GPC;33914718;OUTROS;OUTRO;191;1ZE;global;EMP19477020GPC/33914718-OUTROS--191
05/04/22;EMP;206;502-84.2022;Serviços de limpeza de ares condicionados;1920;SAO;20GPC;33903917;IEF MANPRE;SEAD;126;2ZE;estimativo;EMP206192020GPC/33903917-IEF MANPRE-SEAD-126
05/04/22;EMP;208;502-84.2022;Contribuição Patronal - Serviços de limpeza de ares condicionados;384;SAO;20GPC;33914718;OUTROS;OUTRO;191;2ZE;estimativo;EMP20838420GPC/33914718-OUTROS--191
05/04/22;EMP;207;502-84.2022;Serviços de limpeza de bebedouro;160;SAO;20GPC;33903917;ADM MANMAQ;SEAD;127;2ZE;estimativo;EMP20716020GPC/33903917-ADM MANMAQ-SEAD-127
05/04/22;EMP;209;502-84.2022;Contribuição Patronal - Serviços de limpeza de bebedouro;32;SAO;20GPC;33914718;OUTROS;OUTRO;191;2ZE;estimativo;EMP2093220GPC/33914718-OUTROS--191
04/04/22;EMP;205;502-84.2022;Lavagem de veículos;800;SAO;20GPC;33903919;ADM MANVEI;SETRAN;160;2ZE;estimativo;EMP20580020GPC/33903919-ADM MANVEI-SETRAN-160
04/05/22;EMP;204;502-84.2022;Aquisição de água mineral;294;SAO;20GPC;33903007;ADM MATAUX;SEAD;118;2ZE;estimativo;EMP20429420GPC/33903007-ADM MATAUX-SEAD-118
04/05/22;EMP;204;502-84.2022;Aquisição de vasilhame para água mineral;110;SAO;20GPC;33903019;ADM MATAUX;SEAD;120;2ZE;estimativo;EMP20411020GPC/33903019-ADM MATAUX-SEAD-120
23/03/22;EMP;131;2115-82.2021;Serviços de Carregadores - Horas Extras 50 %;502,66;DG;20GPC;33903701;ADM APOIO;PROTO;109;PROTO;global;"EMP131502;6620GPC/33903701-ADM APOIO-PROTO-109"
23/03/22;EMP;132;2115-82.2021;Serviços de Carregadores - Horas Extras 100 %;491,7;DG;20GPC;33903701;ADM APOIO;PROTO;109;PROTO;global;"EMP132491;720GPC/33903701-ADM APOIO-PROTO-109"
23/03/22;EMP;133;2115-82.2021;Serviços de Carregadores - Diárias Sem Pernoite;1974,42;DG;20GPC;33903701;ADM APOIO;PROTO;109;PROTO;global;"EMP1331974;4220GPC/33903701-ADM APOIO-PROTO-109"
23/03/22;EMP;134;2115-82.2021;Serviços de Carregadores - Diárias Com Pernoite;3948,84;DG;20GPC;33903701;ADM APOIO;PROTO;109;PROTO;global;"EMP1343948;8420GPC/33903701-ADM APOIO-PROTO-109"
23/03/22;EMP;135;2115-82.2021;Serviços de Carregadores - Pleitos;41395,84;DG;PLEIT;99999999;OUTROS;OUTRO;298;PROTO;global;"EMP13541395;84PLEIT/99999999-OUTROS--298"
23/03/22;EMP;136;2115-82.2021;Serviços de Carregadores - Pleitos - HE 50%;1005,32;DG;PLEIT;99999999;OUTROS;OUTRO;298;PROTO;global;"EMP1361005;32PLEIT/99999999-OUTROS--298"
23/03/22;EMP;137;2115-82.2021;Serviços de Carregadores - Pleitos - HE 100%;1507,88;DG;PLEIT;99999999;OUTROS;OUTRO;298;PROTO;global;"EMP1371507;88PLEIT/99999999-OUTROS--298"
23/03/22;EMP;138;2115-82.2021;Serviços de Carregadores - Pleitos - Diárias Sem Pernoite;7020,16;DG;PLEIT;99999999;OUTROS;OUTRO;298;PROTO;global;"EMP1387020;16PLEIT/99999999-OUTROS--298"
23/03/22;EMP;139;2115-82.2021;Serviços de Carregadores - Pleitos - Diárias Com Pernoite;17989,16;DG;PLEIT;99999999;OUTROS;OUTRO;298;PROTO;global;"EMP13917989;16PLEIT/99999999-OUTROS--298"
23/03/22;EMP;141;567-85.2022;Digitadores - Fechamento do Cadastro Eleitoral - FORUM DA 6ª ZE;7471;DG;PLEIT;33903701;FUN APOIO;STI ;288;ASPLAN;global;EMP1417471PLEIT/33903701-FUN APOIO-STI -288
23/03/22;EMP;142;567-85.2022;Digitadores - Fechamento do Cadastro Eleitoral - PAE ASSIS BRASIL;3720;DG;PLEIT;33903701;FUN APOIO;STI ;288;ASPLAN;global;EMP1423720PLEIT/33903701-FUN APOIO-STI -288
23/03/22;EMP;144;567-85.2022;Digitadores - Fechamento do Cadastro Eleitoral - PAE ACRELÂNDIA;3720;DG;PLEIT;33903701;FUN APOIO;STI ;288;ASPLAN;global;EMP1443720PLEIT/33903701-FUN APOIO-STI -288
23/03/22;EMP;145;567-85.2022;Digitadores - Fechamento do Cadastro Eleitoral - PAE PLÁCIDO DE CASTRO;3720;DG;PLEIT;33903701;FUN APOIO;STI ;288;ASPLAN;global;EMP1453720PLEIT/33903701-FUN APOIO-STI -288
23/03/22;EMP;146;567-85.2022;Digitadores - Fechamento do Cadastro Eleitoral - FÓRUM 3ª ZE;14973;DG;PLEIT;33903701;FUN APOIO;STI ;288;ASPLAN;global;EMP14614973PLEIT/33903701-FUN APOIO-STI -288
23/03/22;EMP;147;567-85.2022;Digitadores - Fechamento do Cadastro Eleitoral - PAE MANOEL URBANO;3720;DG;PLEIT;33903701;FUN APOIO;STI ;288;ASPLAN;global;EMP1473720PLEIT/33903701-FUN APOIO-STI -288
23/03/22;EMP;148;567-85.2022;Digitadores - Fechamento do Cadastro Eleitoral - PAE SANTA ROSA;3704,19;DG;PLEIT;33903701;FUN APOIO;STI ;288;ASPLAN;global;"EMP1483704;19PLEIT/33903701-FUN APOIO-STI -288"
23/03/22;EMP;149;567-85.2022;Digitadores - Fechamento do Cadastro Eleitoral - FÓRUM 3ª ZE;11222,18;DG;PLEIT;33903701;FUN APOIO;STI ;288;ASPLAN;global;"EMP14911222;18PLEIT/33903701-FUN APOIO-STI -288"
23/03/22;EMP;150;567-85.2022;Digitadores - Fechamento do Cadastro Eleitoral - PAE JÓRDÃO;3723,33;DG;PLEIT;33903701;FUN APOIO;STI ;288;ASPLAN;global;"EMP1503723;33PLEIT/33903701-FUN APOIO-STI -288"
23/03/22;EMP;151;567-85.2022;Digitadores - Fechamento do Cadastro Eleitoral - FÓRUM 3ª ZE;3704,32;DG;PLEIT;33903701;FUN APOIO;STI ;288;ASPLAN;global;"EMP1513704;32PLEIT/33903701-FUN APOIO-STI -288"
23/03/22;EMP;152;567-85.2022;Digitadores - Fechamento do Cadastro Eleitoral - FÓRUM 4ª ZE;16428,61;DG;PLEIT;33903701;FUN APOIO;STI ;288;ASPLAN;global;"EMP15216428;61PLEIT/33903701-FUN APOIO-STI -288"
23/03/22;EMP;153;567-85.2022;Digitadores - Fechamento do Cadastro Eleitoral - PAE MÂNCIO LIMA;3723,33;DG;PLEIT;33903701;FUN APOIO;STI ;288;ASPLAN;global;"EMP1533723;33PLEIT/33903701-FUN APOIO-STI -288"
23/03/22;EMP;154;567-85.2022;Digitadores - Fechamento do Cadastro Eleitoral - PAE MAL. THAUMATURGO;7412,3;DG;PLEIT;33903701;FUN APOIO;STI ;288;ASPLAN;global;"EMP1547412;3PLEIT/33903701-FUN APOIO-STI -288"
23/03/22;EMP;155;567-85.2022;Digitadores - Fechamento do Cadastro Eleitoral - PAE PORTO WALTER;7412,3;DG;PLEIT;33903701;FUN APOIO;STI ;288;ASPLAN;global;"EMP1557412;3PLEIT/33903701-FUN APOIO-STI -288"
23/03/22;EMP;156;567-85.2022;Digitadores - Fechamento do Cadastro Eleitoral - FÓRUM 8ª ZE;7471;DG;PLEIT;33903701;FUN APOIO;STI ;288;ASPLAN;global;EMP1567471PLEIT/33903701-FUN APOIO-STI -288
23/03/22;EMP;157;567-85.2022;Digitadores - Fechamento do Cadastro Eleitoral - PAE RODRIGUES ALVES;3723,33;DG;PLEIT;33903701;FUN APOIO;STI ;288;ASPLAN;global;"EMP1573723;33PLEIT/33903701-FUN APOIO-STI -288"
24/03/22;EMP;159;567-85.2022;Digitadores - Fechamento do Cadastro Eleitoral - GINÁSIO DO SESI;249286,27;DG;PLEIT;33903701;FUN APOIO;STI ;288;ASPLAN;global;"EMP159249286;27PLEIT/33903701-FUN APOIO-STI -288"
24/03/22;EMP;161;567-85.2022;Digitadores - Fechamento do Cadastro Eleitoral - PAE PORTO ACRE;7726,42;DG;PLEIT;33903701;FUN APOIO;STI ;288;ASPLAN;global;"EMP1617726;42PLEIT/33903701-FUN APOIO-STI -288"
24/03/22;EMP;162;567-85.2022;Digitadores - Fechamento do Cadastro Eleitoral - PAE BUJARI;3863,21;DG;PLEIT;33903701;FUN APOIO;STI ;288;ASPLAN;global;"EMP1623863;21PLEIT/33903701-FUN APOIO-STI -288"
24/03/22;INF;56;1812-68.2021;Serviços terceirizados de estoquistas;57854,54;;20GPC;33903701;ADM APOIO;SEALM;149;SEALM;global;"INF5657854;5420GPC/33903701-ADM APOIO-SEALM-149"
25/03/22;EMP;186;600-48.2022;Fornecimento de Água - PAE BUJARI;490;SAO;20GPC;33903007;ADM MATAUX;SEAD;118;6ZE;estimativo;EMP18649020GPC/33903007-ADM MATAUX-SEAD-118
25/03/22;EMP;186;600-48.2022;Fornecimento de Gás - PAE BUJARI;320;SAO;20GPC;33903004;ADM MATAUX;SEAD;117;6ZE;estimativo;EMP18632020GPC/33903004-ADM MATAUX-SEAD-117
24/03/22;EMP;163;124-37.2022;Telefonia fixa;22000;DG;20GPC;33903958;ADM TELEFO;PROTO;113;PROTO;estimativo;EMP1632200020GPC/33903958-ADM TELEFO-PROTO-113
24/03/22;EMP;164;124-37.2022;Telefonia fixa;6000;DG;20GPC;33903958;ADM TELEFO;PROTO;113;PROTO;estimativo;EMP164600020GPC/33903958-ADM TELEFO-PROTO-113
24/03/22;EMP;165;124-37.2022;Telefonia fixa;10699,2;DG;20GPC;33903958;ADM TELEFO;PROTO;113;PROTO;estimativo;
24/03/22;EMP;166;124-37.2022;Telefonia fixa;10692;DG;20GPC;33903958;ADM TELEFO;PROTO;113;PROTO;estimativo;EMP1661069220GPC/33903958-ADM TELEFO-PROTO-113
24/03/22;EMP;167;124-37.2022;Telefonia fixa;74077,5;DG;20GPC;33903958;ADM TELEFO;PROTO;113;PROTO;estimativo;"EMP16774077;520GPC/33903958-ADM TELEFO-PROTO-113"
24/03/22;EMP;168;124-37.2022;Telefonia fixa;245,34;DG;20GPC;33903958;ADM TELEFO;PROTO;113;PROTO;estimativo;"EMP168245;3420GPC/33903958-ADM TELEFO-PROTO-113"
24/03/22;EMP;169;124-37.2022;Telefonia fixa;973,4;DG;20GPC;33903958;ADM TELEFO;PROTO;113;PROTO;estimativo;"EMP169973;420GPC/33903958-ADM TELEFO-PROTO-113"
24/03/22;EMP;170;124-37.2022;Telefonia fixa;8900,1;DG;20GPC;33903958;ADM TELEFO;PROTO;113;PROTO;estimativo;"EMP1708900;120GPC/33903958-ADM TELEFO-PROTO-113"
24/03/22;EMP;171;124-37.2022;Telefonia fixa;600;DG;20GPC;33903958;ADM TELEFO;PROTO;113;PROTO;estimativo;EMP17160020GPC/33903958-ADM TELEFO-PROTO-113
24/03/22;EMP;172;124-37.2022;Telefonia fixa;11998,8;DG;20GPC;33903958;ADM TELEFO;PROTO;113;PROTO;estimativo;"EMP17211998;820GPC/33903958-ADM TELEFO-PROTO-113"
24/03/22;EMP;173;124-37.2022;Telefonia fixa;13198,8;DG;20GPC;33903958;ADM TELEFO;PROTO;113;PROTO;estimativo;"EMP17313198;820GPC/33903958-ADM TELEFO-PROTO-113"
24/03/22;EMP;174;124-37.2022;Telefonia fixa;14398,8;DG;20GPC;33903958;ADM TELEFO;PROTO;113;PROTO;estimativo;"EMP17414398;820GPC/33903958-ADM TELEFO-PROTO-113"
24/03/22;EMP;175;124-37.2022;Telefonia fixa;15598,8;DG;20GPC;33903958;ADM TELEFO;PROTO;113;PROTO;estimativo;"EMP17515598;820GPC/33903958-ADM TELEFO-PROTO-113"
24/03/22;EMP;176;124-37.2022;Telefonia fixa;16798,8;DG;20GPC;33903958;ADM TELEFO;PROTO;113;PROTO;estimativo;"EMP17616798;820GPC/33903958-ADM TELEFO-PROTO-113"
24/03/22;EMP;177;124-37.2022;Telefonia fixa;17998,8;DG;20GPC;33903958;ADM TELEFO;PROTO;113;PROTO;estimativo;"EMP17717998;820GPC/33903958-ADM TELEFO-PROTO-113"
24/03/22;EMP;178;124-37.2022;Telefonia fixa;26899,65;DG;20GPC;33903958;ADM TELEFO;PROTO;113;PROTO;estimativo;"EMP17826899;6520GPC/33903958-ADM TELEFO-PROTO-113"
24/03/22;EMP;179;124-37.2022;Telefonia fixa;26899,65;DG;20GPC;33903958;ADM TELEFO;PROTO;113;PROTO;estimativo;"EMP17926899;6520GPC/33903958-ADM TELEFO-PROTO-113"
24/03/22;EMP;180;124-37.2022;Telefonia fixa;5296,5;DG;20GPC;33903958;ADM TELEFO;PROTO;113;PROTO;estimativo;"EMP1805296;520GPC/33903958-ADM TELEFO-PROTO-113"
24/03/22;EMP;181;124-37.2022;Telefonia fixa;11295,5;DG;20GPC;33903958;ADM TELEFO;PROTO;113;PROTO;estimativo;"EMP18111295;520GPC/33903958-ADM TELEFO-PROTO-113"
28/03/22;EMP;184;626-73.2022;Aquisição de arranjos florais;1580;SAO;20GPC;999999999;OUTROS;OUTRO;190;ASPLAN;ordinario;EMP184158020GPC/999999999-OUTROS--190
29/03/22;EMP;190;625-88.2022;Aquisição de motores para pórtão;8000;DG;20GPI;99999999;OUTROS;OUTRO;92;SOMI;ordinario;
28/03/22;EMP;185;626-73.2022;Aquisição de arranjos florais;400;SAO;20GPC;999999999;OUTROS;OUTRO;190;ASPLAN;ordinario;EMP18540020GPC/999999999-OUTROS--190
29/03/22;INF;61;580-34.2022;Assinatura ferramenta pesquisa de preços;8000;;20GPC;33903901;ADM ASSINA;SLC;164;COMAP;ordinario;INF61800020GPC/33903901-ADM ASSINA-SLC-164
27/04/22;EMP;248;648-34.2022;Aquisição de cabina de votação;10296;DG;PLEIT;99999999;OUTROS;OUTRO;298;STI;ordinario;EMP24810296PLEIT/99999999-OUTROS--298
12/04/22;EMP;218;327-96.2022;"Contratação do curso ""Argumentação e Lógica na Linguagem Jurídica""";4500;SAO;CAPAC;33903948;AC CAPPAC;SEDES;5;SEDES;ordinario;EMP2184500CAPAC/33903948-AC CAPPAC-SEDES-5
22/04/22;EMP;241;652-71.2022;Aquisição de bobinas de papel para urnas eletrônicas;15345;DG;PLEIT;99999999;OUTROS;OUTRO;298;STI;ordinario;EMP24115345PLEIT/99999999-OUTROS--298
31/03/22;EMP;200;2110-60.2021;Bolsa Estágio - Nível Superior;190000;PRESI;20GPC;33903607;ADM ESTAGI;SEDES;152;SEDES;estimativo;EMP20019000020GPC/33903607-ADM ESTAGI-SEDES-152
31/03/22;EMP;201;2110-60.2021;Bolsa Estágio - Nível Médio;66000;PRESI;20GPC;33903607;ADM ESTAGI;SEDES;152;SEDES;estimativo;EMP2016600020GPC/33903607-ADM ESTAGI-SEDES-152
31/03/22;EMP;202;2110-60.2021;Auxílio- Transporte de Estagiários;42000;PRESI;20GPC;33903607;ADM ESTAGI;SEDES;152;SEDES;estimativo;EMP2024200020GPC/33903607-ADM ESTAGI-SEDES-152
11/04/22;EMP;213;714-14.2022;Aquisição de coletes - Comissão de Votação Paralela;2699,6;SAO;PLEIT;33903023;FUN MATAUX;SEMAP;268;SEDES;ordinario;"EMP2132699;6PLEIT/33903023-FUN MATAUX-SEMAP-268"
07/04/22;EMP;211;673-47.2022;Aquisição de coletes - Equipe Técnica STI;6074,1;DG;PLEIT;33903023;FUN MATAUX;SEMAP;268;STI;ordinario;"EMP2116074;1PLEIT/33903023-FUN MATAUX-SEMAP-268"
13/04/22;EMP;223;623-21.2022;Aquisição de baterias para urnas eletrônicas;66400;SAO;PLEIT;99999999;OUTROS;OUTRO;298;STI;ordinario;EMP22366400PLEIT/99999999-OUTROS--298
13/04/22;EMP;220;718-51.2022;Prorrogação contrato de limpeza e conservação;122896,25;PRESI;20GPC;33903702;IEF LIMPEZ;SEAD;123;SEADE;global;"EMP220122896;2520GPC/33903702-IEF LIMPEZ-SEAD-123"
18/04/22;EMP;226;368-45.2022;Limpeza de aparelhos de ar condicionado;3100;SAO;20GPC;999999999;OUTROS;OUTRO;190;6ZE;estimativo;EMP226310020GPC/999999999-OUTROS--190
18/04/22;EMP;227;368-45.2022;Limpeza de aparelhos de ar condicionado - patronal;620;SAO;20GPC;999999999;OUTROS;OUTRO;190;6ZE;estimativo;EMP22762020GPC/999999999-OUTROS--190
18/04/22;EMP;228;368-45.2022;Limpeza de aparelhos de bebedouro;300;SAO;20GPC;999999999;OUTROS;OUTRO;190;6ZE;estimativo;EMP22830020GPC/999999999-OUTROS--190
18/04/22;EMP;229;368-45.2022;Limpeza de aparelhos de bebedouro - patronal;60;SAO;20GPC;999999999;OUTROS;OUTRO;190;6ZE;estimativo;EMP2296020GPC/999999999-OUTROS--190
06/04/22;EMP;210;124-37.2022;Serviços de telefonia;8112;DG;20GPC;33903958;ADM TELEFO;PROTO;113;PROTO;estimativo;EMP210811220GPC/33903958-ADM TELEFO-PROTO-113
12/04/22;EMP;215;750-56.2022;Serviços de recepcionistas - 2022;188669,86;PRESI;20GPC;33903701;ADM APOIO;PROTO;110;PROTO;global;"EMP215188669;8620GPC/33903701-ADM APOIO-PROTO-110"
06/04/22;INF;70;750-56.2022;Serviços de recepcionistas - 2023;0;;20GPC;33903701;ADM APOIO;PROTO;110;PROTO;global;INF70020GPC/33903701-ADM APOIO-PROTO-110
20/04/22;EMP;240;530-49.2022;Aquisição de água mineral;1050;DG;20GPC;999999999;OUTROS;OUTRO;190;3ZE;estimativo;EMP240105020GPC/999999999-OUTROS--190
13/04/22;EMP;222;748-86.2022;Confecção de banner;2700;SAO;PLEIT;33903044;DIV MATER;ASCOM;247;ASCOM;ordinario;EMP2222700PLEIT/33903044-DIV MATER-ASCOM-247
13/04/22;EMP;221;748-86.2022;Outdoor para campanhas institucionais;27360;DG;PLEIT;33903990;DIV SERVIC1;ASCOM;248;ASCOM;ordinario;EMP22127360PLEIT/33903990-DIV SERVIC1-ASCOM-248
12/04/22;EMP;216;750-56.2022;HE 50% - Serviços de recepcionistas - 2022;984,8;PRESI;20GPC;33903701;ADM APOIO;PROTO;110;PROTO;global;"EMP216984;820GPC/33903701-ADM APOIO-PROTO-110"
12/04/22;EMP;215;750-56.2022;HE 100% - Serviços de recepcionistas - 2022;3938,4;PRESI;20GPC;33903701;ADM APOIO;PROTO;110;PROTO;global;"EMP2153938;420GPC/33903701-ADM APOIO-PROTO-110"
27/04/22;EMP;246;797-30.2022;Aquisição de coletes - Equipe Ouvidoria;918;SAO;PLEIT;33903023;FUN MATAUX;SEMAP;268;STI;ordinario;EMP246918PLEIT/33903023-FUN MATAUX-SEMAP-268
13/04/22;INF;74;2532-35.2021;Manutenção de elevadores;28107,6;;20GPC;33903916;IEF MANPRE;SOMI;167;SOMI;global;"INF7428107;620GPC/33903916-IEF MANPRE-SOMI-167"
27/04/22;EMP;245;1856-24.2020;Peças para manutenção de veículos;2592,02;SAO;20GPC;33903039;ADM MANVEI;SETRAN;156;SETRAN;ordinario;"EMP2452592;0220GPC/33903039-ADM MANVEI-SETRAN-156"
27/04/22;EMP;244;1856-24.2020;Serviços de manutenção de veículos;440;SAO;20GPC;33903919;ADM MANVEI;SETRAN;161;SETRAN;ordinario;EMP24444020GPC/33903919-ADM MANVEI-SETRAN-161
20/04/22;EMP;239;811-14.2022;Aquisição de material de expediente - eleições;24960;DG;PLEIT;99999999;OUTROS;OUTRO;298;SEALM;ordinario;EMP23924960PLEIT/99999999-OUTROS--298
18/04/22;EMP;231;2475-17.2021;Confeção de chaves e cópias - imóveis;730;SAO;20GPC;33903028;ADM MATMAN;SEAD;122;SEADE;estimativo;EMP23173020GPC/33903028-ADM MATMAN-SEAD-122
18/04/22;EMP;232;2475-17.2021;Abertura de portas de imóveis e troca de segredos;1090;SAO;20GPC;999999999;OUTROS;OUTRO;190;SEADE;estimativo;EMP232109020GPC/999999999-OUTROS--190
18/04/22;EMP;233;2475-17.2021;Confeção de chaves e cópias - veículos;510;SAO;20GPC;999999999;OUTROS;OUTRO;190;SEADE;estimativo;EMP23351020GPC/999999999-OUTROS--190
18/04/22;EMP;234;2475-17.2021;Abertura de portas de veículos e troca de segredos;250;SAO;20GPC;999999999;OUTROS;OUTRO;190;SEADE;estimativo;EMP23425020GPC/999999999-OUTROS--190
18/04/22;EMP;235;1620-38.2021;Serviços terceirizados de motoristas;95934,72;DG;20GPC;33903701;ADM APOIO;SETRAN;159;SETRAN;global;"EMP23595934;7220GPC/33903701-ADM APOIO-SETRAN-159"
18/04/22;EMP;236;1620-38.2021;Diárias sem pernoite - serviços terceirizados de motoristas;5747;DG;20GPC;33903701;ADM APOIO;SETRAN;159;SETRAN;global;EMP236574720GPC/33903701-ADM APOIO-SETRAN-159
18/04/22;EMP;237;1620-38.2021;Diárias com pernoite - serviços terceirizados de motoristas;12375;DG;20GPC;33903701;ADM APOIO;SETRAN;159;SETRAN;global;EMP2371237520GPC/33903701-ADM APOIO-SETRAN-159
27/04/22;EMP;249;698-60.2022;Contratação de BGAN´s;1640270,27;PRESI;PLEIT;33904013;IES SISMOV1;STI ;290;CIE ;global;
20/04/22;INF;78;756-63.2022;Contratação de vigilância armada temporária - SESI;8836,66;;PLEIT;99999999;OUTROS;OUTRO;298;SEALM;ordinario;"INF788836;66PLEIT/99999999-OUTROS--298"
20/04/22;INF;79;2058-64.2021;Transporte de urnas eletrônicas;81299,48;;PLEIT;33903974;UEL TRANSP1;SETRAN;277;SETRAN;global;"INF7981299;48PLEIT/33903974-UEL TRANSP1-SETRAN-277"
28/04/22;EMP;269;868-05.2022;Ressarcimento de servidor;87,2;SAO;20GPC;999999999;OUTROS;OUTRO;190;9ZE;ordinario;"EMP26987;220GPC/999999999-OUTROS--190"
22/04/22;INF;81;369-30.2022;Lavagem de veículos - 6ZE;840;;20GPC;33903919;ADM MANVEI;SETRAN;160;6ZE;estimativo;INF8184020GPC/33903919-ADM MANVEI-SETRAN-160
11/05/22;EMP;268;2872-76.2021;Assinatura do sistema de video-conferência ZOOM;1150;DG;20GPC;999999999;OUTROS;OUTRO;190;SEJUD;ordinario;EMP268115020GPC/999999999-OUTROS--190
26/04/22;INF;83;853-63.2022;Curso de atualização de legislação de pessoal;41820;;CAPAC;33903948;AC CAPPAC;SEDES;5;SEDES;ordinario;INF8341820CAPAC/33903948-AC CAPPAC-SEDES-5
26/04/22;INF;84;324-44.2022;Curso de atualização - Arrecadação de recursos e gastos eleitorais;7840;;PLEIT;33903633;DIV ACOEDU;EJE;251;EJE;ordinario;INF847840PLEIT/33903633-DIV ACOEDU-EJE-251
26/04/22;INF;85;793-90.2022;Curso de Propaganda Eleitoral;4177,45;;PLEIT;33903628;DIV ACOEDU;EJE;250;EJE;ordinario;"INF854177;45PLEIT/33903628-DIV ACOEDU-EJE-250"
27/04/22;EMP;247;938-49.2022;Locação de climatizadores portáteis;7000;DG;PLEIT;99999999;OUTROS;OUTRO;298;SOMI;ordinario;EMP2477000PLEIT/99999999-OUTROS--298
11/05/22;EMP;270;899-37.2022;Ressarcimento de servidor;280;DG;20GPC;999999999;OUTROS;OUTRO;190;5ZE;ordinario;EMP27028020GPC/999999999-OUTROS--190
05/05/22;EMP;252;4-91.2022;Gás de cozinha;2882,5;DG;20GPC;33903004;ADM MATAUX;SEAD;117;SEADE;estimativo;"EMP2522882;520GPC/33903004-ADM MATAUX-SEAD-117"
05/05/22;EMP;252;4-91.2022;Água mineral;11730;DG;20GPC;33903007;ADM MATAUX;SEAD;118;SEADE;estimativo;EMP2521173020GPC/33903007-ADM MATAUX-SEAD-118
27/04/22;INF;89;231-81.2022;Diferença da reforma do PAE - Mâncio Lima;22731,11;;20GPC;999999999;OUTROS;OUTRO;190;SOMI;ordinario;"INF8922731;1120GPC/999999999-OUTROS--190"
09/05/22;EMP;267;940-19.2022;Aquisição de baterias para urnas eletrônicas;34025;PRESI;PLEIT;99999999;OUTROS;OUTRO;298;STI;ordinario;EMP26734025PLEIT/99999999-OUTROS--298
28/04/22;INF;91;64-43.2022;Água mineral - 7ª ze;1560;;20GPC;33903007;ADM MATAUX;SEAD;118;7ZE;estimativo;INF91156020GPC/33903007-ADM MATAUX-SEAD-118
09/05/22;EMP;256;963-62.2022;Serviços de copeiragem;98451,62;DG;20GPC;33903705;ADM APOIO;SEAD;124;SEADE;global;"EMP25698451;6220GPC/33903705-ADM APOIO-SEAD-124"
06/05/22;EMP;255;989-60.2022;Aquisição de crachás e adesivos de identificação;2280;SAO;PLEIT;33903044;DIV MATER;ASCOM;247;SEALM;ordinario;EMP2552280PLEIT/33903044-DIV MATER-ASCOM-247
29/04/22;EMP;251;769-62.2022;Telefonia fixa - OUVIDORIA CT N.º 24/2017;10456,73;DG;20GPC;33903958;ADM TELEFO;PROTO;113;PROTO;global;
03/05/22;INF;94;631-95.2022;"Curso ""Gestão de Folha de Pagamento""";3180;;CAPAC;33903948;AC CAPPAC;SEDES;5;SEDES;ordinario;
04/05/22;INF;95;369-29.2019;Locação de purificadores de água elétricos;94364,4;;20GPC;999999999;OUTROS;OUTRO;190;SEADE;global;"INF9594364;420GPC/999999999-OUTROS--190"
05/05/22;INF;96;1024-20.2022;Aquisição de persianas;89559;;20GPI;99999999;OUTROS;OUTRO;92;SOMI;global;INF968955920GPI/99999999-OUTROS--92
05/05/22;INF;97;1025-05.2022;Curso Acompanhando a Execução Orçamentária e Financeira;6400;;CAPAC;33903948;AC CAPPAC;SEDES;5;SEDES;ordinario;INF976400CAPAC/33903948-AC CAPPAC-SEDES-5
05/05/22;EMP;253;2156-20.2019;Limpeza predial - Contínuo;754770,79;PRESI;20GPC;33903702;IEF LIMPEZ;SEAD;123;SEADE;global;"EMP253754770;7920GPC/33903702-IEF LIMPEZ-SEAD-123"
05/05/22;EMP;254;2156-20.2019;Limpeza predial - Sob Demanda;40000;PRESI;20GPC;33903702;IEF LIMPEZ;SEAD;123;SEADE;global;EMP2544000020GPC/33903702-IEF LIMPEZ-SEAD-123
06/05/22;EMP;257;963-62.2022;Serviços de garçoneria;23105,73;PRESI;20GPC;33903705;ADM APOIO;SEAD;124;SEADE;global;"EMP25723105;7320GPC/33903705-ADM APOIO-SEAD-124"
06/05/22;EMP;262;963-62.2022;Serviços de Copeiragem - PLEITOS;20572;PRESI;PLEIT;33903705;FUN APOIO;SEAD;260;SEADE;global;EMP26220572PLEIT/33903705-FUN APOIO-SEAD-260
09/05/22;EMP;263;963-62.2022;Serviços de Copeiragem - HE 50% PLEITOS;2610;PRESI;PLEIT;33903705;FUN APOIO;SEAD;260;SEADE;global;EMP2632610PLEIT/33903705-FUN APOIO-SEAD-260
09/05/22;EMP;264;963-62.2022;Serviços de Copeiragem - HE 100% PLEITOS;2611,5;PRESI;PLEIT;33903705;FUN APOIO;SEAD;260;SEADE;global;"EMP2642611;5PLEIT/33903705-FUN APOIO-SEAD-260"
09/05/22;EMP;265;963-62.2022;Serviços de Garçoneria - HE 50% PLEITOS;2163;PRESI;PLEIT;33903705;FUN APOIO;SEAD;260;SEADE;global;EMP2652163PLEIT/33903705-FUN APOIO-SEAD-260
09/05/22;EMP;266;963-62.2022;Serviços de Garçoneria - HE 100% PLEITOS;2307,6;PRESI;PLEIT;33903705;FUN APOIO;SEAD;260;SEADE;global;"EMP2662307;6PLEIT/33903705-FUN APOIO-SEAD-260"
12/05/22;EMP;272;1004-29.2022;Aquisição de embalagem para urna eletrônica;1661;DG;PLEIT;33903019;FUN MATAUX;SEMAP;266;CIE ;ordinario;EMP2721661PLEIT/33903019-FUN MATAUX-SEMAP-266
10/05/22;INF;99;896-97.2022;Serviços de internet dedicada;190254;;20GPC;33904013;TIC COMRED;STI;176;CIE ;global;INF9919025420GPC/33904013-TIC COMRED-STI-176
10/05/22;INF;100;1034-64.2022;Aquisição de duas camionetes;587000;;20GPI;44905252;INV VEICUL;SETRAN;74;SETRAN;ordinario;INF10058700020GPI/44905252-INV VEICUL-SETRAN-74
11/05/22;INF;101;1033-79.2022;Aquisição de material de consumo - eleições;6775;;PLEIT;99999999;OUTROS;OUTRO;298;STI;ordinario;INF1016775PLEIT/99999999-OUTROS--298
11/05/22;INF;102;1045-93.2022;Aquisição de material de consumo de TI - eleições;28277;;PLEIT;99999999;OUTROS;OUTRO;298;CIE ;ordinario;INF10228277PLEIT/99999999-OUTROS--298
11/05/22;INF;102;1045-93.2022;Aquisição de HD´s Externos;11700;;20GPI;99999999;OUTROS;OUTRO;92;CIE ;ordinario;INF1021170020GPI/99999999-OUTROS--92
12/05/22;INF;103;875-24.2022;Curso Segurança do Processo Eletrônico de Votação - EJE;1856,64;;PLEIT;33903628;DIV ACOEDU;EJE;250;EJE;ordinario;"INF1031856;64PLEIT/33903628-DIV ACOEDU-EJE-250"
12/05/22;INF;104;1003-44.2022;Reconhecimento de Dívida - DEA. Internet;695,3;;20GPC;999999999;OUTROS;OUTRO;190;CIE ;ordinario;"INF104695;320GPC/999999999-OUTROS--190"
12/05/22;INF;105;1096-07.2022;Aquisição de tonners;6000;;20GPC;33903017;TIC MATCON;SEALM;144;SEALM;ordinario;INF105600020GPC/33903017-TIC MATCON-SEALM-144
