Item;Patrimônio;Garantia;Garantia_fim;Marca;Modelo;Série;Modelo;Descrição;
1;10;;;;;;MESA PARA MAQUINA DE ESCREVER EM MADEIRA ; CLARA COM 02 GAVETAS;
2;28;;;BORTOLINI;;;MESA PARA ESCRITORIO EM MADEIRA ; CLARA COM 03 GAVETAS;
3;93;;;PANDIN;;;ARQUIVO EM ACO ; COR CINZA COM 04 GAVETAS;
4;128;;;PANDIN;;;ARQUIVO EM ACO ; COR CINZA COM 04 GAVETAS;
5;179;;;CADERODE;;;POLTRONA FIXA EM TECIDO ; COR VERMELHA COM ESTRUTURA EM METAL SOBRE LONGARINA;
6;181;;;CADERODE;;;POLTRONA FIXA EM TECIDO ; COR VERMELHA COM ESTRUTURA EM METAL SOBRE LONGARINA;
7;182;;;CADERODE;;;POLTRONA FIXA EM TECIDO ; COR VERMELHA COM ESTRUTURA EM METAL SOBRE LONGARINA;
8;199;;;CADERODE;;;POLTRONA FIXA EM TECIDO ; COR VERMELHA COM ESTRUTURA EM METAL SOBRE LONGARINA;
9;200;;;CADERODE;;;POLTRONA FIXA EM TECIDO ; COR VERMELHA COM ESTRUTURA EM METAL SOBRE LONGARINA;
10;202;;;CADERODE;;;POLTRONA FIXA EM TECIDO ; COR VERMELHA COM ESTRUTURA EM METAL SOBRE LONGARINA;
11;219;;;CADERODE;;;POLTRONA FIXA EM TECIDO ; COR VERMELHA COM ESTRUTURA EM METAL SOBRE LONGARINA;
12;220;;;CADERODE;;;POLTRONA FIXA EM TECIDO ; COR VERMELHA COM ESTRUTURA EM METAL SOBRE LONGARINA;
13;221;;;CADERODE;;;POLTRONA FIXA EM TECIDO ; COR VERMELHA COM ESTRUTURA EM METAL SOBRE LONGARINA;
14;222;;;CADERODE;;;POLTRONA FIXA EM TECIDO ; COR VERMELHA COM ESTRUTURA EM METAL SOBRE LONGARINA;
15;225;;;CADERODE;;;POLTRONA FIXA EM TECIDO ; COR VERMELHA COM ESTRUTURA EM METAL SOBRE LONGARINA;
16;465;;;BOSCH;SUPER HOBBY;87101788;FURADEIRA ELETRICA PORTATIL;;
17;616;;;;;;MESA PARA MICROCOMPUTADOR ; COM ACABAMENTO EM LAMINADO MELAMINICO;
18;772;;;;;;ESTANTE EM MADEIRA ; CLARA COM 03 PRATELEIRAS E 02 PORTAS;
19;852;;;BALMAK;104;4326;BALANCA DE PLATAFORMA;;
20;1030;;;SANYO;CTP-3791 P;9806263883T031;TELEVISOR EM CORES ; 14 POLEGADAS;
21;1053;;;;;;MESA DE CENTRO ; CLARA COM 03 PRATELEIRAS;
22;1074;;;SANYO;CTP-3791P;9806266839T031;TELEVISOR EM CORES ; 14 POLEGADAS;
23;1230;;;;;;GAVETEIRO VOLANTE EM MADEIRA ; COM ACABAMENTO EM LAMINADO MELAMINICO COM 05 GAVETAS;
24;1411;;;;;;MESA PARA ESCRITORIO EM MADEIRA ; CLARA COM 03 GAVETAS;
25;1895;;;REFLECTA;;;TELA PARA PROJECAO;;
26;2063;;;ESMALTEC;GELAGUA;445654;BEBEDOURO DE AGUA TIPO GARRAFAO ; COR BEGE COM 02 TORNEIRAS;
27;2082;;;;;;MESA PARA MAQUINA DE ESCREVER EM MADEIRA ; CLARA COM 02 GAVETAS;
28;2110;;;WB;;;FICHARIO EM ACO ; COR CINZA COM 08 GAVETAS;
29;2111;;;WB;;;FICHARIO EM ACO ; COR CINZA COM 08 GAVETAS;
30;2112;;;WB;;;FICHARIO EM ACO ; COR CINZA COM 08 GAVETAS;
31;2150;;;WB;;;FICHARIO EM ACO ; COR CINZA COM 08 GAVETAS;
32;2158;;;ESMALTEC;VERONA;;FOGAO TIPO RESIDENCIAL ; COR BRANCA COM 04 QUEIMADORES;
33;2291;;;MAC;80;;BOMBA PARA ABASTECIMENTO - GERADOR;;
34;2292;;;;;;EXTINTOR DE INCENDIO PQS ; CAPACIDADE 04 QUILOS;
35;2464;;;IBBL;105GFNI;816A044387;BEBEDOURO DE AGUA TIPO GARRAFAO ; COM 02 TORNEIRAS;
36;2590;;;PANDIN;;;ARQUIVO EM ACO ; COR CINZA COM 04 GAVETAS;
37;2618;;;;;;CADEIRA GIRATORIA EM TECIDO ; COR PRETA COM ESTRUTURA EM METAL;
38;2652;16/08/2000 ; 14/08/2001;;CONSUL;;JF0998434;REFRIGERADOR TIPO FRIGOBAR;
39;2902;;;CADERODE;;;BANCO DE ESPERA EM PALHINA ; C/ 03 LUGARES;
40;2904;;;CADERODE;;;BANCO DE ESPERA EM PALHINA ; C/ 03 LUGARES;
41;2907;;;CADERODE;;;BANCO DE ESPERA EM PALHINA ; C/ 03 LUGARES;
42;3128;22/06/2001 ; 20/06/2002;;;;MESA PARA ESCRITORIO EM MADEIRA ; DE LEI; TIPO SECRETÁRIA; C/ 03 GAVETAS; MED 1;30 X 0;70 X 0;74 M;;
43;3133;22/06/2001 ; 20/06/2002;;;;MESA PARA ESCRITORIO EM MADEIRA ; DE LEI; TIPO SECRETARIA C/ 3 GAVETAS MED 1;30X0;70X0;74M;;
44;3135;22/06/2001 ; 20/06/2002;;;;MESA PARA ESCRITORIO EM MADEIRA ; DE LEI; TIPO SECRETÁRIA; C/ 03 GAVETAS; MED 1;30 X 0;70 X 0;74 M;;
45;3136;22/06/2001 ; 20/06/2002;;;;MESA PARA ESCRITORIO EM MADEIRA ; DE LEI; TIPO SECRETÁRIA; C/ 03 GAVETAS; MED 1;30 X 0;70 X 0;74 M;;
46;3256;29/08/2001 ; 12/08/2002;;;;SMJ010807CODIL-01;PAINEL ELETRONICO ; COM IMPRESSORA PARA SENHA(SÉRIE: 2499010708419).
47;3328;;;;;;MESA PARA ESCRITORIO EM MADEIRA ; C/ 02 GAVETAS;
48;3350;18/10/2001 ; 10/10/2002;;;;MESA PARA ESCRITORIO EM MADEIRA ; TIPO ESCRIVANINHA;
49;3388;15/03/2002 ; 14/03/2003;;;;160P T;EXTINTOR DE INCENDIO CO2 de 6 k.
50;3390;15/03/2002 ; 14/03/2003;;;;N767 T;EXTINTOR DE INCENDIO CO2 DE 06 K.
51;3403;14/11/2001 ; 14/11/2001;;COLEMAN;65-5000;GRUPO GERADOR PORTATIL ; A GASOLINA;
52;3449;27/12/2001 ; 03/11/2001;;SPRINGER;;4200B49006;MINI-CENTRAL DE AR CONDICIONADO ; SPLIT DE 12.000 BTU´S
53;3513;25/04/2002 ; 25/04/2003;;;;ARMARIO PARA COZINHA EM MADEIRA ; DE LEI; TRABALHADO; C/PRATELEIRAS INTERNAS; MED 0;50X2;08X0;40M;;
54;3518;;;SPRINGER;;2102B12845;CONDICIONADOR DE AR DE PAREDE ; DE 30000BTUS;
55;3528;13/05/2002 ; 13/05/2003;;SPRINGER;;1702B25315;CONDICIONADOR DE AR DE PAREDE ; 30.000 BTUS 220V
56;3548;19/06/2002 ; 19/06/2003;;;;ESTANTE EM MADEIRA DE LEI;
57;3735;06/09/2002 ; 06/09/2002;;;;MESA PARA ESCRITORIO EM MADEIRA ; MEDINDO 1;25MX0;70MX0;74M COM 3 GAVETAS;;
58;3829;14/10/2002 ; 07/10/2005;;3COM;;HUB-CONCENTRADOR DE COMUNICACAO COM 12 PORTAS ; CONECTOR 145 110X220;
59;3870;23/10/2002 ; 23/10/2002;;CCE;;TELEVISOR EM CORES ; 29 POLEGADAS/ CONTROLES;
60;3871;23/10/2002 ; 23/10/2002;;CCE;;TELEVISOR EM CORES ; 29 POLEGADAS/ CONTROLES;
61;3876;23/10/2002 ; 23/10/2002;;CCE;;TELEVISOR EM CORES ; 29 POLEGADAS/ CONTROLES;
62;3901;30/10/2002 ; 30/10/2003;;LG;EC-971B;APARELHO DE VIDEO CASSETE ; DE 4 CABEÇAS C/ CONTROLE;
63;3904;30/10/2002 ; 30/10/2003;;LG;EC-971B;APARELHO DE VIDEO CASSETE ; DE 4 CABEÇAS C/ CONTROLE;
64;3909;30/10/2002 ; 30/10/2003;;LG;EC-971B;APARELHO DE VIDEO CASSETE ; DE 4 CABEÇAS C/ CONTROLE;
65;3911;30/10/2002 ; 30/10/2003;;SONY;;HUB-CONCENTRADOR DE COMUNICACAO COM 12 PORTAS ; CONECTOR RJ45;
66;3913;07/11/2002 ; 30/10/2003;;WCM;;ARMARIO ALTO EM ACO ; COM 2 PORTAS COM PRATELEIRAS INTERNAS REFORÇADAS; MED APROX 200X0;40X1;00; COR CINZA;;
67;3977;11/11/2002 ; 11/11/2003;;SPRINGER;;CONDICIONADOR DE AR DE PAREDE ; DE 30000 BETUS 220 WATS;
68;4013;12/12/2002 ; 08/12/2003;;NETRIX;38BR;SCANNER DE MESA ; EASYSCAN 450P;19200DPI;;
69;4038;16/01/2003 ; 07/02/2005;;IBM;;CPU DO SERVIDOR E SERVER 342 PIII;;
70;4039;16/01/2003 ; 07/02/2005;;IBM;;SWITCH SERVER ; KVM;
71;4043;22/01/2003 ; 13/01/2004;;HP;500;IMPRESSORA JATO DE TINTA ; TIPO PLOTTER PRÓPRIA PARA PARA DESENHOS DE ARQUITETURA; ENGENHARIA E MECÂNICA MEMÓRIA PADRÃO 16MB RESOLUÇÃO MÁXIMA 1200 X 600 DPI DIMENSÕES (LARGURA X ALTURA X PROFUNDIDADE): 1690 X 1100 X 674 MM;;
72;4094;04/02/2003 ; 22/01/2004;;ERGOFLEX;5003;CADEIRA GIRATORIA EM TECIDO ; COM BRAÇO; COR AZUL;;
73;4120;04/02/2003 ; 22/01/2004;;ERGOFLEX;5003;CADEIRA GIRATORIA EM TECIDO ; COM BRAÇO; COR AZUL;;
74;4124;04/02/2003 ; 22/01/2004;;ERGOFLEX;5003;CADEIRA GIRATORIA EM TECIDO ; COM BRAÇO; COR AZUL;;
75;4125;04/02/2003 ; 22/01/2004;;ERGOFLEX;5003;CADEIRA GIRATORIA EM TECIDO ; COM BRAÇO; COR AZUL;;
76;4142;17/02/2003 ; 23/01/2004;;CADERODE;1516;MESA PARA MICROCOMPUTADOR ; COM TAMPO DE AGLORAMERADO REVEST EM MELAMINIO C/REG DE ALT DA BASE P/TEC; TAMPO MED 0;90X0;70X0;75M;;
77;4150;17/02/2003 ; 23/01/2004;;CADERODE;1516;MESA PARA MICROCOMPUTADOR ; COM TAMPO DE AGLORAMERADO REVEST EM MELAMINIO C/REG DE ALT DA BASE P/TEC; TAMPO MED 0;90X0;70X0;75M;;
78;4158;17/02/2003 ; 23/01/2004;;CADERODE;1516;MESA PARA MICROCOMPUTADOR ; COM TAMPO DE AGLORAMERADO REVEST EM MELAMINIO C/REG DE ALT DA BASE P/TEC; TAMPO MED 0;90X0;70X0;75M;;
79;4164;04/02/2003 ; 22/01/2004;;SPRINGER;;CONDICIONADOR DE AR DE PAREDE ; 30000 BTUS;
80;4231;26/05/2003 ; 26/05/2004;;;;RACK EM ACO PARA HUB ; PORTA EM ACRÍLICO; DE PAREDE; PARA HUB DE PORTAS;;
81;4291;11/07/2003 ; 11/07/2004;;CONSUL;;REFRIGERADOR TIPO RESIDENCIAL;;
82;4299;;;;;;ARMARIO SUSPENSO EM MADEIRA ; EM MADEIRA DE LEI; MEDINDO 0;60X1;51X0;40M;;
83;4311;;;;;;MESA PARA ESCRITORIO EM MADEIRA ; EM CURVA COM 6 GAVETAS MEDINDO 1;50X232 CM DE COMPRIMENTO;;
84;4317;28/07/2003 ; 28/07/2004;;;;MESA PARA REUNIAO  EM MELAMINIO ; FORMATO OVAL ; MEDINDO 2;30X1;20X0;74M NA CINZA;;
85;4411;28/11/2003 ; 19/11/2004;;PRINCE;;MALETA PARA DOCUMENTOS;;
86;4450;11/06/2004 ; 09/06/2005;;SHARP;EL-1801P;CALCULADORA  PROFISSIONAL DE MESA ; COM VISOR; FITA E BOBINA; VISOR DE CRISTAL LIQUIDO COM NUMEROS GRANDES; CALCULOS DE PORCENTAGEM;;
87;4454;11/06/2004 ; 09/06/2005;;SHARP;EL-1801P;CALCULADORA  PROFISSIONAL DE MESA ; COM VISOR; FITA E BOBINA; VISOR DE CRISTAL LIQUIDO COM NUMEROS GRANDES; CALCULOS DE PORCENTAGEM;;
88;4457;11/06/2004 ; 09/06/2005;;SHARP;EL-1801P;CALCULADORA  PROFISSIONAL DE MESA ; COM VISOR; FITA E BOBINA; VISOR DE CRISTAL LIQUIDO COM NUMEROS GRANDES; CALCULOS DE PORCENTAGEM;;
89;4496;;;;;;MESA PARA MICROCOMPUTADOR ; EM MELAMÍNIO; MEDINDO 1;60 X 0;68 X 074 M;;
90;4565;30/06/2004 ; 28/06/2005;;LUDNA;;MESA PARA ESCRITORIO EM MADEIRA ; MAÇICA MEDINDO 160X76X74 COM 6 GAVETAS;
91;4633;06/07/2004 ; 02/07/2005;;PANDIM;;ARQUIVO EM ACO ; COM 4 GAVETAS;
92;4647;06/07/2004 ; 01/07/2005;;SMS;;NO BREAK  ; 1200 VA NET STATION;
93;4659;07/07/2004 ; 07/07/2005;;SPRINGER;;CONDICIONADOR DE AR DE PAREDE ; 21000 BTUS;
94;4660;07/07/2004 ; 07/07/2005;;SPRINGER;;CONDICIONADOR DE AR DE PAREDE ; 21000 BTUS;
95;4665;07/07/2004 ; 07/07/2005;;SPRINGER;;CONDICIONADOR DE AR DE PAREDE ; 21000 BTUS;
96;4880;;;;;;ARMARIO ALTO EM  MELAMINIO ; COM 2 PORTAS MEDINDO 1;60X40X100;;
97;4881;;;;;;ARMARIO ALTO EM  MELAMINIO ; COM 2 PORTAS MEDINDO 1;60X40X100;;
98;4889;;;;;;ESTANTE EM ACO ; COM 5 PRATELEIRAS; MED 3;00X0;60X16M;;
99;4892;28/07/2004 ; 27/07/2005;;;;EXTINTOR DE INCENDIO PÓ QUÍMICO PRESSURIZADO ; 4 KG;
100;4894;;;;;;ESTANTE EM ACO ; COM 5 PRATELEIRAS; MED 3;00X0;60X16M;;
101;4923;;;;;;CARRINHO COM BANDEIJA PLÁSTICA ; ESTRUTURA EM AÇO NA COR PRETA;
102;4945;13/08/2004 ; 01/08/2005;;COBY;DVD-218;DVD PLAYER;;
103;4965;;;;;;BANCADA DE TRABALHO  ; COM 3;00X0;50X0;82CM; RODÍZIO COM FREIOS; 16 TOMADAS FÊMEAS BIPOLAR E CABO COM TOMADA;;
104;5002;;;GIOBEL;;;ARMARIO ALTO EM  MELAMINIO ; COM DUAS PORTAS NA COR CINZA - MEDINDO 0;90X0;44X1;60M;;
105;5026;20/09/2004 ; 20/09/2004;;DAIHATSU;TAIFF TURBO;SECADOR DE CABELO PORTATIL;;
106;5045;18/10/2004 ; 15/04/2005;;GIOBEL;;MESA PARA MICROCOMPUTADOR ; EM MELAMINIO; MED 1;70X0;68X0;75;;
107;5048;28/10/2004 ; 14/09/2004;;PANASONIC;KX-FT71LA-B;APARELHO DE FAX;;
108;5049;28/10/2004 ; 14/09/2004;;PANASONIC;KX-FT71LA-B;APARELHO DE FAX;;
109;5052;28/10/2004 ; 14/09/2004;;PANASONIC;KX-FT71LA-B;APARELHO DE FAX;;
110;5056;28/10/2004 ; 14/09/2004;;PANASONIC;KX-FT71LA-B;APARELHO DE FAX;;
111;5267;02/12/2004 ; 01/12/2005;;SCHNEIDER;BC-92S HB;MOTO BOMBA CENTRIFUGA ; MONO-ESTÁGIO 1 1/2 CV/220V; SUCCÃO 11/4 E CHAVE DE COMANDO 1 1/2CV 220V;;
112;5273;16/12/2004 ; 09/06/2005;;;;MESA PARA MICROCOMPUTADOR ; EM MADEIRA MEDINDO 120X075X060 COM 01 GAVETA PARA TECLADO;
113;5330;;;;;;EXTINTOR DE INCENDIO CO2 ; COM 6 KG;
114;5331;;;;;;EXTINTOR DE INCENDIO CO2 ; COM 6 KG;
115;5507;;;;;;CADEIRA  GIRATÓRIA S/BRAÇOS ; COM ASSENTO E ENCOSTO EM ESPUMA;
116;5509;;;;;;CADEIRA  GIRATÓRIA S/BRAÇOS ; COM ASSENTO E ENCOSTO EM ESPUMA;
117;5521;;;;;;CADEIRA FIXA S/BRAÇO ; COM ASSENTO E ENCOSTO EM ESPUMA INJETÁVEL;
118;5526;;;;;;CADEIRA FIXA S/BRAÇO ; COM ASSENTO E ENCOSTO EM ESPUMA INJETÁVEL;
119;5612;;;;;;POLTRONA FIXA COM BRAÇO;;
120;5626;;;;;;MESA PARA REUNIÃO ; EM FORMA REDONDA;
121;5630;;;;;;MESA INTEGRADA ; COM PAINEL FRONTAL E HORIZONTAL COM 4 SUPORTES PARA CPU;
122;5740;;;;;;POLTRONA FIXA EM COURO SINTETICO SOBRE LONGARINA;;
123;5741;;;;;;POLTRONA FIXA EM COURO SINTETICO SOBRE LONGARINA;;
124;5760;;;;;;POLTRONA FIXA EM COURO SINTETICO SOBRE LONGARINA;;
125;5761;;;;;;POLTRONA FIXA EM COURO SINTETICO SOBRE LONGARINA;;
126;5762;;;;;;POLTRONA FIXA EM COURO SINTETICO SOBRE LONGARINA;;
127;5763;;;;;;POLTRONA FIXA EM COURO SINTETICO SOBRE LONGARINA;;
128;5790;;;;;;BANCADA DE TRABALHO  ; ESTRUTURA METALICA NA COR PRETA; COM TAMPO EM MELAMINIO BRANCO GELO; MED 2;75X0;50X0;82; COM RODÍZIOS;;
129;5807;;;;;;MESA EM MELAMINIO;;
130;5809;;;;;;MESA INTEGRADA ; TIPO U; COM 2 SUPORTES PARA CPU;;
131;5887;22/07/2005 ; 22/07/2006;;CADERODE;5012-03 + 5021;CADEIRA GIRATORIA EM TECIDO ; NA COR AZUL MARINH0;
132;5892;22/07/2005 ; 22/07/2006;;CADERODE;5012-03 + 5021;CADEIRA GIRATORIA EM TECIDO ; NA COR AZUL MARINH0;
133;5906;22/07/2005 ; 22/07/2006;;CADERODE;5012-03 + 5021;CADEIRA GIRATORIA EM TECIDO ; NA COR AZUL MARINH0;
134;5938;;;;;;BALCAO EM MADEIRA ; MACIÇA MEDINDO 3;95 X1;30X0;60M;;
135;5947;12/08/2005 ; 12/08/2006;;CONTINENTAL;;FOGAO TIPO RESIDENCIAL ; COM COM 04 BOCAS;
136;5975;;;THEBE;;;MOTO BOMBA CENTRIFUGA ; 1/2 CV COM SAÍDA 3/4;
137;5992;;;;;;EXTINTOR DE INCENDIO CO2 ; 6 KG;
138;6000;;;;;;PRATELEIRA COM TAMPA ; EM MADEIRA ESTRUTURA DE FERRO; COM SUPORTE E MÃO-DE-FORCA; INSTALADA A PARTIR 2 METROS DE ALTURA DO CHÃO; PROFUNDIDADE DE 40 CM; ALTURA DE 50 CM CADA UMA; 1 (UMA) PARTE DE 3 METROS E 1(UMA) PARTE DE 4 METROS;;
139;6001;;;;;;PRATELEIRA COM TAMPA ; EM MADEIRA ESTRUTURA DE FERRO; COM SUPORTE E MÃO-DE-FORCA; INSTALADA A PARTIR 2 METROS DE ALTURA DO CHÃO; PROFUNDIDADE DE 40 CM; ALTURA DE 50 CM CADA UMA; 1 (UMA) PARTE DE 3 METROS E 1(UMA) PARTE DE 4 METROS;;
140;6002;22/12/2005 ; 22/12/2006;;SPRINGER;MCA105BB;CONDICIONADOR DE AR DE PAREDE ; 10000BTUS DE 220WATS;
141;6003;22/12/2005 ; 22/12/2006;;SPRINGER;MCA105BB;CONDICIONADOR DE AR DE PAREDE ; 10000BTUS DE 220WATS;
142;6066;24/02/2006 ; 24/02/2008;;IBM;;MONITOR DE VIDEO POLICROMATICO;;
143;6070;24/02/2006 ; 24/02/2008;;IBM;;TECLADO PARA MICROCOMPUTADOR;;
144;6159;;;IBM;;L1AK6DK;MICROCOMPUTADOR COM PROCESSADOR PENTIUM IV;;
145;6205;22/04/2006 ; 16/03/2009;;IBM;;MONITOR DE VIDEO POLICROMATICO;;
146;6307;;;GRADIENTE;DT-320;57U266729A5K;DVD PLAYER ; PORTÁTIL;
147;6308;;;DIGITEL;2G 3201;7802606;ROTEADOR PARA REDES;;
148;6315;;;CADERODE;;;GAVETEIRO VOLANTE EM MELAMINIO ; COM 3 GAVETAS / CHAVES NA COR CINZA;
149;6323;06/06/2006 ; 20/04/2007;;SONY;KV-34FS110;TELEVISOR EM CORES ; 34 POLEGADAS;
150;6328;07/06/2006 ; 01/03/2009;;CISCO;2950T;SWITCH  ;;
151;6369;30/08/2006 ; 30/01/2007;;GRADIENTE;D-203;DVD PLAYER;;
152;6379;05/09/2006 ; 29/01/2007;;GARMIN;MAP 60CSX;APARELHO DE GPS (SISTEMA DE POSICIONAMENTO GLOBAL) ; NR SÉRIE 74969798;
153;6399;;;;;;BALCAO PARA ATENDIMENTO ; EM MELAMINIO COM PAINÉIS 1;20 X0;73M 1MEDINDO 0;90X1;08M   COM DOIS  MÓDULOS;;
154;6400;;;;;;BALCAO PARA ATENDIMENTO ; EM MELAMINIO COM PAINÉIS 1;20 X0;73M 1MEDINDO 0;90X1;08M   -   COM  DOIS  MÓDULOS  ;;
155;6463;29/12/2006 ; 12/12/2007;;SPRINGER;SILENTIA;MINI-CENTRAL DE AR CONDICIONADO ; TIPO SPLIT; CAPACIDADE 12000 BTUS;;
156;6464;29/12/2006 ; 12/12/2007;;SPRINGER;SILENTIA;MINI-CENTRAL DE AR CONDICIONADO ; TIPO SPLIT; CAPACIDADE 12000 BTUS;;
157;6468;12/01/2007 ; 22/06/2007;;BROTHER;FAX-575;APARELHO DE FAX ; - PAPEL PLANO;
158;6496;;;SUL BASES;ANATÔMICA;;CADEIRA FIXA EM TECIDO ; NA COR AZUL MARINHO;
159;6500;;;;;;POLTRONA FIXA EM TECIDO SOBRE LONGARINA ; NA COR AZUL MARINHO;
160;6503;;;;;;POLTRONA FIXA EM TECIDO SOBRE LONGARINA ; NA COR AZUL MARINHO;
161;6536;13/03/2007 ; 13/03/2008;;AOC;;MONITOR LCD - CRISTAL LIQUIDO ; 17 POLEGADAS;
162;6541;13/03/2007 ; 13/03/2008;;AOC;;MONITOR LCD - CRISTAL LIQUIDO ; 17 POLEGADAS;
163;6545;13/03/2007 ; 13/03/2008;;AOC;LM722;MONITOR LCD - CRISTAL LIQUIDO ; 17 POLEGADAS;
164;6548;13/03/2007 ; 13/03/2008;;AOC;LM722;MONITOR LCD - CRISTAL LIQUIDO ; 17 POLEGADAS;
165;6550;13/03/2007 ; 13/03/2008;;AOC;LM722;MONITOR LCD - CRISTAL LIQUIDO ; 17 POLEGADAS;
166;6551;13/03/2007 ; 13/03/2008;;AOC;LM722;MONITOR LCD - CRISTAL LIQUIDO ; 17 POLEGADAS;
167;6576;16/04/2007 ; 16/04/2008;;APC;SURTA 3000XL;NO BREAK  ; 3KVA/ 18 KW PARA RACK 19;
168;6579;16/04/2007 ; 16/04/2008;;APC;SURTA 3000XL;NO BREAK  ; 3KVA/ 18 KW PARA RACK 19;
169;6581;04/06/2007 ; 30/11/2007;;KARSECT;KRU-302;RECEPTOR DE MICROFONE ; SISTEMA WIRELESS MICROPHONE SYSTEM;
170;6583;07/05/2007 ; 03/05/2008;;FRAHM;PS 500;CAIXA ACUSTICA ; DE 75 W;
171;6584;07/05/2007 ; 03/05/2008;;FRAHM;PS 500;CAIXA ACUSTICA ; DE 75 W;
172;6595;20/05/2007 ; 16/02/2008;;MOBRAN;SECRETÁRIO;ESTAÇÃO DE TRABALHO C/ UM MÓDULO - TIPO SECRETÁRIO ; MEDINDO 135 X 135 X 060 X 060 X 074CM;
173;6652;20/05/2007 ; 16/02/2008;;MOBRAN;PADRÃO;ARMARIO ALTO - C/ DUAS PORTAS DE CORRER ; MEDINDO 090CM DE LARG; 050CM DE PROF E 163CM DE ALTURA;;
174;6810;04/06/2007 ; 30/11/2007;;KARSECT;KST-5U;MICROFONE SEM FIO ; SISTEMA WIRELESS MICROPHONE SYSTEM;
175;6811;04/06/2007 ; 30/11/2007;;KARSECT;KST-5U;MICROFONE SEM FIO ; SISTEMA WIRELESS MICROPHONE SYSTEM;
176;6814;22/06/2007 ; 19/06/2008;;SONY;CYBER-SHOT DSC-S650;CÂMERA FOTOGRÁFICA DIGITAL ; 72 MEGA PIXELS; COM ZOOM ÓPTICO 3X E MONITOR DE LCD DE 20;;
177;6815;22/06/2007 ; 19/06/2008;;SONY;CYBER-SHOT DSC-S650;CÂMERA FOTOGRÁFICA DIGITAL ; 72 MEGA PIXELS; COM ZOOM ÓPTICO 3X E MONITOR DE LCD DE 20;;
178;6834;09/07/2007 ; 02/07/2008;;GREE;GJ21;CONDICIONADOR DE AR DE PAREDE ; DE 21000 BETUS;
179;6837;09/07/2007 ; 02/07/2008;;GREE;GJ21;CONDICIONADOR DE AR DE PAREDE ; DE 21000 BETUS;
180;6844;17/08/2007 ; 17/08/2008;;HITACHI;SPLIT;MINI-CENTRAL DE AR CONDICIONADO ; DE 30000 BTÚS CONDENSADORA    SÉRIE-471965;
181;6851;;;;;;BANCADA DE TRABALHO  ; EM MADEIRA C/ ESTRUTURA EM AÇO MEDINDO 3 METROS NA COR BRANCA COM 16 TOMADAS FEMEAS;
182;6852;;;;;;BANCADA DE TRABALHO  ; EM MADEIRA C/ ESTRUTURA EM AÇO MEDINDO 3 METROS NA COR BRANCA COM 16 TOMADAS FEMEAS;
183;6854;;;;;;BANCADA DE TRABALHO  ; EM MADEIRA C/ ESTRUTURA EM AÇO MEDINDO 3 METROS NA COR BRANCA COM 16 TOMADAS FEMEAS;
184;6855;;;;;;BANCADA DE TRABALHO  ; EM MADEIRA C/ ESTRUTURA EM AÇO MEDINDO 3 METROS NA COR BRANCA COM 16 TOMADAS FEMEAS;
185;6856;;;;;;BANCADA DE TRABALHO  ; EM MADEIRA C/ ESTRUTURA EM AÇO MEDINDO 3 METROS NA COR BRANCA COM 16 TOMADAS FEMEAS;
186;6857;;;;;;BANCADA DE TRABALHO  ; EM MADEIRA C/ ESTRUTURA EM AÇO MEDINDO 3 METROS NA COR BRANCA COM 16 TOMADAS FEMEAS;
187;6858;;;;;;BANCADA DE TRABALHO  ; EM MADEIRA C/ ESTRUTURA EM AÇO MEDINDO 3 METROS NA COR BRANCA COM 16 TOMADAS FEMEAS;
188;6967;;;MITRA;;;CINZEIRO LIXEIRA ; INOX MEDINDO 0;30 CM DIAMETRO X 0;70 CM ALTURA ;;
189;6968;;;MITRA;;;CINZEIRO LIXEIRA ; INOX MEDINDO 0;30 CM DIAMETRO X 0;70 CM ALTURA ;;
190;6976;;;;;;BANCADA DE TRABALHO  ; PARA SUPORTE DE URNAS ELETRÔNICAS;
191;6979;;;;;;BANCADA DE TRABALHO  ; PARA SUPORTE DE URNAS ELETRÔNICAS;
192;6984;;;;;;BANCADA DE TRABALHO  ; PARA SUPORTE DE URNAS ELETRÔNICAS;
193;7044;15/04/2008 ; 14/04/2009;;PLANTRONICS;CT 12;HEADSET APARELHO  COM FONE DE OUVIDO E MICROFONE ; SEM FIO 24 GHZ;
194;7045;15/04/2008 ; 14/04/2009;;PLANTRONICS;CT 12;HEADSET APARELHO  COM FONE DE OUVIDO E MICROFONE ; SEM FIO 24 GHZ;
195;7046;15/04/2008 ; 14/04/2009;;PLANTRONICS;CT 12;HEADSET APARELHO  COM FONE DE OUVIDO E MICROFONE ; SEM FIO 24 GHZ;
196;7052;;;BROTHER;FAX-575;U61361L7K900370;APARELHO DE FAX ; PAPEL A4;
197;7053;;;CCE;700USX;JMC3688FGTNI00GBA;DVD PLAYER ; COM CONTROLE;
198;7073;15/05/2008 ; 15/05/2008;;WACUM;GTE-650;MESA DIGITAL ; DE 6X8;
199;7079;30/05/2008 ; 30/05/2008;;GREE;;CONDICIONADOR DE AR DE PAREDE ; 21000 BTU´S; TENSÃO 220 V;;
200;7097;20/06/2008 ; 16/06/2009;;EPSON;EMP-X5;PROJETOR MULTIMIDIA ; RESOLUÇÃO NATIVA XGA (1024 X 768);
201;7102;25/06/2008 ; 20/06/2009;;HP;G2710;SCANNER DE MESA ; FOTOGRÁFICO SCANJET;
202;7103;25/06/2008 ; 20/06/2009;;HP;G2710;SCANNER DE MESA ; FOTOGRÁFICO SCANJET;
203;7115;15/07/2008 ; 09/07/2010;;MELCOM;ST-P101A;HEADSET APARELHO  COM FONE DE OUVIDO E MICROFONE;;
204;7160;31/07/2008 ; 11/03/2011;;TRELLIS;M56K;MODEM  ; EXTERNO 56K;
205;7185;30/07/2008 ; 24/07/2009;;;;POLTRONA GIRATORIA EM COURVIM ; TIPO DIRETOR; COM BRAÇOS; ESPALDAR MÉDIO;;
206;7187;30/07/2008 ; 24/07/2009;;;;POLTRONA GIRATORIA EM COURVIM ; COM BRAÇOS; ESPALDAR MÉDIO; COR PRETA;;
207;7191;30/07/2008 ; 24/07/2009;;;;POLTRONA GIRATORIA EM COURVIM ; COM BRAÇOS; ESPALDAR MÉDIO; COR PRETA;;
208;7192;30/07/2008 ; 24/07/2009;;;;POLTRONA GIRATORIA EM COURVIM ; COM BRAÇOS; ESPALDAR MÉDIO; COR PRETA;;
209;7194;30/07/2008 ; 24/07/2009;;;;POLTRONA GIRATORIA EM COURVIM ; COM BRAÇOS; ESPALDAR MÉDIO; COR PRETA;;
210;7215;30/08/2008 ; 04/08/2009;;ADATTARE;ADATTARE;ARMÁRIO ALTO EXECUTIVO  - C/ DUAS PORTAS DE CORRER ; MEDINDO 90X50X163;
211;7246;15/08/2008 ; 15/08/2009;;MOBILE;MOBILE;BALCAO DE ATENDIMENTO - EM MDF SOB MEDIDA ; BALCÃO DE ATENDIMENTO;
212;7248;15/08/2008 ; 15/08/2009;;MOBILE;MOBILE;SUPORTE SUPORTE PARA CPU ; SUPORTE PARA CPU;
213;7249;15/08/2008 ; 15/08/2009;;MOBILE;MOBILE;SUPORTE SUPORTE PARA CPU ; SUPORTE PARA CPU;
214;7265;30/08/2008 ; 05/08/2009;;ELECTROLUX;;MINI-CENTRAL DE AR CONDICIONADO ; 30000 BTUS;
215;7272;10/09/2008 ; 10/09/2009;;SAMSUNG;S860;CÂMERA FOTOGRÁFICA DIGITAL ; 81 MEGAPIXELS; ZOOM ÓPTICO 3X; LCD 2;4 ;;
216;7273;10/09/2008 ; 10/09/2009;;SAMSUNG;S860;CÂMERA FOTOGRÁFICA DIGITAL ; 81 MEGAPIXELS; ZOOM ÓPTICO 3X; LCD 2;4 ;;
217;7275;10/09/2008 ; 10/09/2009;;SAMSUNG;S860;CÂMERA FOTOGRÁFICA DIGITAL ; 81 MEGAPIXELS; ZOOM ÓPTICO 3X; LCD 2;4 ;;
218;7277;10/09/2008 ; 10/09/2009;;SAMSUNG;S860;CÂMERA FOTOGRÁFICA DIGITAL ; 81 MEGAPIXELS; ZOOM ÓPTICO 3X; LCD 2;4 ;;
219;7279;10/09/2008 ; 10/09/2009;;SAMSUNG;S860;CÂMERA FOTOGRÁFICA DIGITAL ; 81 MEGAPIXELS; ZOOM ÓPTICO 3X; LCD 2;4 ;;
220;7296;27/02/2008 ; 11/01/2009;;KOMECO;SPLIT;MINI-CENTRAL DE AR CONDICIONADO ; MINI-CENTRAL DE AR CONDICIONADO SPLIT; 12000 BTUS KOS 12 FC-G2B;;
221;7346;13/10/2008 ; 10/10/2009;;SMS;NET4+;NO BREAK  ; 14 KVA;
222;7393;18/09/2008 ; 15/09/2008;;LENOVO;THINKCENTRE M57P;MICROCOMPUTADOR COM PROCESSADOR ; INTEL CORE 2 DUO E6750 (266 GHZ); 2 GB DE MEMÓRIA RAM ; DISCO RÍGIDO 160GB;;
223;7394;18/09/2008 ; 15/09/2008;;LENOVO;THINKCENTRE M57P;MICROCOMPUTADOR COM PROCESSADOR ; INTEL CORE 2 DUO E6750 (266 GHZ); 2 GB DE MEMÓRIA RAM ; DISCO RÍGIDO 160GB;;
224;7399;18/09/2008 ; 15/09/2008;;LENOVO;THINKCENTRE M57P;MICROCOMPUTADOR COM PROCESSADOR ; INTEL CORE 2 DUO E6750 (266 GHZ); 2 GB DE MEMÓRIA RAM ; DISCO RÍGIDO 160GB;;
225;7402;18/09/2008 ; 15/09/2008;;LENOVO;THINKCENTRE M57P;MICROCOMPUTADOR COM PROCESSADOR ; INTEL CORE 2 DUO E6750 (266 GHZ); 2 GB DE MEMÓRIA RAM ; DISCO RÍGIDO 160GB;;
226;7420;07/10/2008 ; 01/10/2009;;AOC;718SWAG-1;MONITOR LCD - CRISTAL LIQUIDO ; SVGA; 17 POLEGADAS;;
227;7429;07/10/2008 ; 01/10/2009;;AOC;177SA-1;MONITOR LCD - CRISTAL LIQUIDO ; SVGA; 17 POLEGADAS;;
228;7433;07/10/2008 ; 01/10/2009;;AOC;177SA-1;MONITOR LCD - CRISTAL LIQUIDO ; SVGA; 17 POLEGADAS;;
229;7454;07/10/2008 ; 07/10/2009;;ELGIN;;CALCULADORA  ELETRONICA ; DE MESA COM VISOR E IMPRESSORA;
230;7488;30/10/2008 ; 13/10/2009;;LENOVO;6073BA4;MICROCOMPUTADOR COM PROCESSADOR ; INTEL CORE 2 DUO; 2GB RAM; HD 160 GB; DVD/RW;;
231;7504;30/10/2008 ; 13/10/2009;;LENOVO;4428-AB1;MONITOR LCD - CRISTAL LIQUIDO ; 17 POLEGADAS;
232;7505;30/10/2008 ; 13/10/2009;;LENOVO;4428-AB1;MONITOR LCD - CRISTAL LIQUIDO ; 17 POLEGADAS;
233;7558;06/11/2008 ; 31/10/2008;;HP;;UNIDADE DE BACKUP ; LTO;
234;7569;22/12/2008 ; 19/12/2009;;LENOVO;THINKCENTRE M57P;MICROCOMPUTADOR COM PROCESSADOR ; INTEL CORE 2 DUO E8400 (30 GHZ); 2GB RAM; HD 160 GB; DVD/RW;;
235;7573;22/12/2008 ; 19/12/2009;;LENOVO;THINKCENTRE M57P;MICROCOMPUTADOR COM PROCESSADOR ; INTEL CORE 2 DUO E8400 (30 GHZ); 2GB RAM; HD 160 GB; DVD/RW;;
236;7577;22/12/2008 ; 19/12/2009;;LENOVO;THINKCENTRE M57P;MICROCOMPUTADOR COM PROCESSADOR ; INTEL CORE 2 DUO E8400 (30 GHZ); 2GB RAM; HD 160 GB; DVD/RW;;
237;7598;13/03/2009 ; 13/03/2010;;BROTHER;FAX-575;APARELHO DE FAX;;
238;7622;08/06/2009 ; 05/11/2009;;MENNO;;DESUMIDIFICADOR DE PAPEL ; CAPACIDADE 1500 FLS;
239;7657;17/06/2009 ; 17/06/2010;;SKP PRO AUDIO;UHF 255;SISTEMA DE MICROFONES SEM FIO ; DUPLO; CONTENDO: 01 RECEPTOR (S/N 255080901417) E 02 MICROFONES DE MÃO;;
240;7714;26/10/2009 ; 26/10/2010;;MOTOMIL;LM-1600;LAVADORA  DE ALTA PRESSÃO ; POTÊNCIA: 1600 W; VAZÃO: 360 L/H;;
241;7808;17/11/2009 ; 17/11/2010;;SCHNEIDER;BC-98SC;MOTO BOMBA CENTRIFUGA ; 1/2CV; MONOFÁSICA; 60HZ;;
242;7809;24/11/2009 ; 24/11/2010;;SPRINGER;MINIMAXI;CONDICIONADOR DE AR DE PAREDE ; 12000 BTUS; 220 V;;
243;7810;24/11/2009 ; 24/11/2010;;SPRINGER;MINIMAXI;CONDICIONADOR DE AR DE PAREDE ; 12000 BTUS; 220 V;;
244;7828;;;ESMALTEC;EGC35B;12051406763645;BEBEDOURO DE AGUA EM AÇO INOX ; TIPO COLUNA;
245;7843;20/01/2010 ; 19/01/2013;;HP;LASERJET P2055DN;IMPRESSORA LASER ; MONOCROMÁTICA;
246;7844;20/01/2010 ; 19/01/2013;;HP;LASERJET P2055DN;IMPRESSORA LASER ; MONOCROMÁTICA;
247;7845;20/01/2010 ; 19/01/2013;;HP;LASERJET P2055DN;IMPRESSORA LASER ; MONOCROMÁTICA;
248;7846;20/01/2010 ; 19/01/2013;;HP;LASERJET P2055DN;IMPRESSORA LASER ; MONOCROMÁTICA;
249;7850;20/01/2010 ; 19/01/2013;;HP;LASERJET P2055DN;IMPRESSORA LASER ; MONOCROMÁTICA;
250;7852;20/01/2010 ; 19/01/2013;;HP;LASERJET P2055DN;IMPRESSORA LASER ; MONOCROMÁTICA;
251;7853;20/01/2010 ; 19/01/2013;;HP;LASERJET P2055DN;IMPRESSORA LASER ; MONOCROMÁTICA;
252;7854;20/01/2010 ; 11/01/2010;;EPSON;LQ-590;IMPRESSORA MATRICIAL;;
253;7856;20/01/2010 ; 11/01/2010;;EPSON;LQ-590;IMPRESSORA MATRICIAL;;
254;7865;;;EBA;5140S;;FRAGMENTADORA DE PAPEL ; FRAGMENTADORA DE PAPEL MARCA EBA; MODELO 5140S;;
255;7869;;;HP;LASERJET P2055DN;BRBH9DH527;IMPRESSORA LASERJET;;
256;7870;;;HP;LASERJET P2055DN;BRBH9DH52W;IMPRESSORA LASERJET;;
257;7871;;;HP;LASERJET P2055DN;BRBH9DH530;IMPRESSORA LASERJET;;
258;7872;;;HP;LASERJET P2055DN;BRBH9DH5HJ;IMPRESSORA LASERJET;;
259;7873;;;HP;LASERJET P2055DN;BRBH9DH52M;IMPRESSORA LASERJET;;
260;7874;;;HP;LASERJET P2055DN;BRBH9DH52N;IMPRESSORA LASERJET;;
261;7878;;;HP;LASERJET P2055DN;BRBH9DH528;IMPRESSORA LASERJET;;
262;7879;;;HP;LASERJET P2055DN;BRBH9DH5B9;IMPRESSORA LASERJET;;
263;7880;;;HP;LASERJET P2055DN;BRBH9DH52T;IMPRESSORA LASERJET;;
264;7882;;;HP;LASERJET P2055DN;BRBH9DH52X;IMPRESSORA LASERJET;;
265;7886;;;HP;LASERJET P2055DN;BRBH9DH52B;IMPRESSORA LASERJET;;
266;7887;;;HP;LASERJET P2055DN;BRBH9DH52P;IMPRESSORA LASERJET;;
267;7904;;;;;;FOGAO TIPO RESIDENCIAL ; 04 (QUATRO) BOCAS; FORNO AUTOLIMPANTE;;
268;7930;;;EPSON;LQ-590;FSQY152015;IMPRESSORA MATRICIAL;;
269;7932;;;;;PS003-0225/V2;PAINEL ELETRONICO ; DE SENHAS;
270;7942;;;;;;CARRO TUBULAR PARA TRANSPORTE DE MATERIAL; 2 RODAS;;
271;8054;;;OREGON;OS6014;28521411;APARELHO TELEFONICO SEM FIO ; TELEFONE SEM FIO [HANDSET];
272;8059;;;OREGON;OS6014;28521416;APARELHO TELEFONICO SEM FIO ; TELEFONE SEM FIO [HANDSET];
273;8084;;;SMS;NW 1300BI;;NO BREAK  ; NO BREAK SMS MODELO NETWINNER 1300BI;
274;8092;;;BLACK BOX;;;MONITOR KVM 17 POLEGADAS COM TECLADO;;
275;8111;;;;;;CADEIRA GIRATORIA EM TECIDO ; ESPALDAR MÉDIO; COR PRETA;;
276;8113;;;;;;CADEIRA GIRATORIA EM TECIDO ; ESPALDAR MÉDIO; COR PRETA;;
277;8114;;;;;;CADEIRA GIRATORIA EM TECIDO ; ESPALDAR MÉDIO; COR PRETA;;
278;8117;;;;;;CADEIRA GIRATORIA EM TECIDO ; ESPALDAR MÉDIO; COR PRETA;;
279;8121;;;;;;CADEIRA GIRATORIA EM TECIDO ; ESPALDAR MÉDIO; COR PRETA;;
280;8151;;;LENOVO;THINKVISION L2250P;V6-E8944;MONITOR LCD - CRISTAL LIQUIDO ; 22 WIDESCREEN;;
281;8186;21/08/2010 ; 21/08/2013;;LENOVO;THINKCENTRE M58;MICROCOMPUTADOR COM PROCESSADOR ; INTEL CORE 2 DUO E7500 (293 GHZ); 2 X 2 GB DE RAM; HD 320 GB; DVDRW;;
282;8192;21/08/2010 ; 21/08/2013;;LENOVO;THINKCENTRE M58;MICROCOMPUTADOR COM PROCESSADOR ; INTEL CORE 2 DUO E7500 (293 GHZ); 2 X 2 GB DE RAM; HD 320 GB; DVDRW;;
283;8195;21/08/2010 ; 21/08/2013;;LENOVO;THINKCENTRE M58;MICROCOMPUTADOR COM PROCESSADOR ; INTEL CORE 2 DUO E7500 (293 GHZ); 2 X 2 GB DE RAM; HD 320 GB; DVDRW;;
284;8201;21/08/2010 ; 21/08/2013;;LENOVO;THINKCENTRE M58;MICROCOMPUTADOR COM PROCESSADOR ; INTEL CORE 2 DUO E7500 (293 GHZ); 2 X 2 GB DE RAM; HD 320 GB; DVDRW;;
285;8344;;;SIEMENS;GIGASET C385;0166F2F800;APARELHO TELEFONICO SEM FIO COM HEADSET ; TELEFONE GIGASET C38H; HEADSET PLANTRONICS;;
286;8347;;;SIEMENS;GIGASET C385;0166F2F260;APARELHO TELEFONICO SEM FIO COM HEADSET ; TELEFONE GIGASET C38H; HEADSET PLANTRONICS;;
287;8350;;;SIEMENS;GIGASET C385;01666CEFC0;APARELHO TELEFONICO SEM FIO COM HEADSET ; TELEFONE GIGASET C38H; HEADSET PLANTRONICS;;
288;8351;;;SIEMENS;GIGASET C385;0166F1EE60;APARELHO TELEFONICO SEM FIO COM HEADSET ; TELEFONE GIGASET C38H; HEADSET PLANTRONICS;;
289;8352;;;SIEMENS;GIGASET C385;0166F2AB00;APARELHO TELEFONICO SEM FIO COM HEADSET ; TELEFONE GIGASET C38H; HEADSET PLANTRONICS;;
290;8354;;;SIEMENS;GIGASET C385;01666DE640;APARELHO TELEFONICO SEM FIO COM HEADSET ; TELEFONE GIGASET C38H; HEADSET PLANTRONICS;;
291;8369;;;GARTHEN;GC-1100;;CORTADOR DE GRAMA ELÉTRICO;;
292;8370;;;TRAMONTINA;;;CARRINHO DE MÃO ; COM CAÇAMBA EM POLIPROPILENO;
293;8389;;;DATEN;DT02 M5;250658;NOTEBOOK COM PROCESSADOR ; INTEL CORE 2 DUO P8600/2GB/HD 160GB/DVD-RW;
294;8391;;;DATEN;DT02 M5;250776;NOTEBOOK COM PROCESSADOR ; INTEL CORE 2 DUO P8600/2GB/HD 160GB/DVD-RW;
295;8393;;;DATEN;DT02 M5;250711;NOTEBOOK COM PROCESSADOR ; INTEL CORE 2 DUO P8600/2GB/HD 160GB/DVD-RW;
296;8433;;;SAMSUNG;ES70;0942C90Z701310R;CÂMERA FOTOGRÁFICA DIGITAL ; COR PRATA;
297;8435;;;SAMSUNG;ES70;0942C90Z602490Y;CÂMERA FOTOGRÁFICA DIGITAL ; COR PRATA;
298;8437;;;SAMSUNG;ES70;0942C90Z701350T;CÂMERA FOTOGRÁFICA DIGITAL ; COR PRATA;
299;8439;;;SAMSUNG;ES70;0942C90Z505124H;CÂMERA FOTOGRÁFICA DIGITAL ; COR PRATA;
300;8441;;;SAMSUNG;ES70;0942C90Z500773H;CÂMERA FOTOGRÁFICA DIGITAL ; COR PRATA;
301;8442;;;SAMSUNG;ES70;0942C90Z701096Z;CÂMERA FOTOGRÁFICA DIGITAL ; COR PRATA;
302;8505;;;LIBELL;MASTER;;BEBEDOURO DE AGUA TIPO GARRAFAO ; TIPO COLUNA; EM AÇO INOX;;
303;8521;;;MIDEA;MSE1-30CR;C101236701710728120371;CENTRAL DE AR CONDICIONADO ; APARELHO DE AR-CONDICIONADO COM CAPACIDADE DE
REFRIGERAÇÃO DE 30000 BTUS; TENSÃO 110/220V; UEX C101261560810A26130005;;
304;8550;;;HP;L190HB;;MONITOR DE VIDEO LCD ; 19 POLEGADAS; COR PRETA;;
305;8552;;;HP;L190HB;;MONITOR DE VIDEO LCD ; 19 POLEGADAS; COR PRETA;;
306;8554;;;HP;L190HB;;MONITOR DE VIDEO LCD ; 19 POLEGADAS; COR PRETA;;
307;8562;;;HP;L190HB;;MONITOR DE VIDEO LCD ; 19 POLEGADAS; COR PRETA;;
308;8563;;;HP;L190HB;;MONITOR DE VIDEO LCD ; 19 POLEGADAS; COR PRETA;;
309;8572;;;ITAUTEC;L190HB;;MONITOR DE VIDEO LCD ; 19 POLEGADAS; WIDESCREEN;;
310;8581;;;ITAUTEC;L190HB;;MONITOR DE VIDEO LCD ; 19 POLEGADAS; WIDESCREEN;;
311;8590;;;ITAUTEC;L190HB;;MONITOR DE VIDEO LCD ; 19 POLEGADAS; WIDESCREEN;;
312;8596;;;ITAUTEC;L190HB;;MONITOR DE VIDEO LCD ; 19 POLEGADAS; WIDESCREEN;;
313;8613;;;ITAUTEC;L190HB;;MONITOR DE VIDEO LCD ; 19 POLEGADAS; WIDESCREEN;;
314;8615;31/05/2011 ; 31/05/2015;;ITAUTEC;INFOWAY SM 3330;MICROCOMPUTADOR COM PROCESSADOR 4GB;
315;8616;31/05/2011 ; 31/05/2015;;ITAUTEC;INFOWAY SM 3330;MICROCOMPUTADOR COM PROCESSADOR 4GB;
316;8617;31/05/2011 ; 31/05/2015;;ITAUTEC;INFOWAY SM 3330;MICROCOMPUTADOR COM PROCESSADOR 4GB;
317;8618;31/05/2011 ; 31/05/2015;;ITAUTEC;INFOWAY SM 3330;MICROCOMPUTADOR COM PROCESSADOR 4GB;
318;8620;31/05/2011 ; 31/05/2015;;ITAUTEC;INFOWAY SM 3330;MICROCOMPUTADOR COM PROCESSADOR 4GB;
319;8621;31/05/2011 ; 31/05/2015;;ITAUTEC;INFOWAY SM 3330;MICROCOMPUTADOR COM PROCESSADOR 4GB;
320;8622;31/05/2011 ; 31/05/2015;;ITAUTEC;INFOWAY SM 3330;MICROCOMPUTADOR COM PROCESSADOR 4GB;
321;8623;31/05/2011 ; 31/05/2015;;ITAUTEC;INFOWAY SM 3330;MICROCOMPUTADOR COM PROCESSADOR 4GB;
322;8625;31/05/2011 ; 31/05/2015;;ITAUTEC;INFOWAY SM 3330;MICROCOMPUTADOR COM PROCESSADOR 4GB;
323;8628;31/05/2011 ; 31/05/2015;;ITAUTEC;INFOWAY SM 3330;MICROCOMPUTADOR COM PROCESSADOR 4GB;
324;8630;31/05/2011 ; 31/05/2015;;ITAUTEC;INFOWAY SM 3330;MICROCOMPUTADOR COM PROCESSADOR 4GB;
325;8633;31/05/2011 ; 31/05/2015;;ITAUTEC;INFOWAY SM 3330;MICROCOMPUTADOR COM PROCESSADOR 4GB;
326;8634;31/05/2011 ; 31/05/2015;;ITAUTEC;INFOWAY SM 3330;MICROCOMPUTADOR COM PROCESSADOR 4GB;
327;8635;31/05/2011 ; 31/05/2015;;ITAUTEC;INFOWAY SM 3330;MICROCOMPUTADOR COM PROCESSADOR 4GB;
328;8636;31/05/2011 ; 31/05/2015;;ITAUTEC;INFOWAY SM 3330;MICROCOMPUTADOR COM PROCESSADOR 4GB;
329;8637;31/05/2011 ; 31/05/2015;;ITAUTEC;INFOWAY SM 3330;MICROCOMPUTADOR COM PROCESSADOR 4GB;
330;8638;31/05/2011 ; 31/05/2015;;ITAUTEC;INFOWAY SM 3330;MICROCOMPUTADOR COM PROCESSADOR 4GB;
331;8641;31/05/2011 ; 31/05/2015;;ITAUTEC;INFOWAY SM 3330;MICROCOMPUTADOR COM PROCESSADOR 4GB;
332;8642;31/05/2011 ; 31/05/2015;;ITAUTEC;INFOWAY SM 3330;MICROCOMPUTADOR COM PROCESSADOR 4GB;
333;8643;31/05/2011 ; 31/05/2015;;ITAUTEC;INFOWAY SM 3330;MICROCOMPUTADOR COM PROCESSADOR 4GB;
334;8644;31/05/2011 ; 31/05/2015;;ITAUTEC;INFOWAY SM 3330;MICROCOMPUTADOR COM PROCESSADOR 4GB;
335;8647;31/05/2011 ; 31/05/2015;;ITAUTEC;INFOWAY SM 3330;MICROCOMPUTADOR COM PROCESSADOR 4GB;
336;8648;31/05/2011 ; 31/05/2015;;ITAUTEC;INFOWAY SM 3330;MICROCOMPUTADOR COM PROCESSADOR 4GB;
337;8649;31/05/2011 ; 31/05/2015;;ITAUTEC;INFOWAY SM 3330;MICROCOMPUTADOR COM PROCESSADOR 4GB;
338;8650;31/05/2011 ; 31/05/2015;;ITAUTEC;INFOWAY SM 3330;MICROCOMPUTADOR COM PROCESSADOR 4GB;
339;8651;31/05/2011 ; 31/05/2015;;ITAUTEC;INFOWAY SM 3330;MICROCOMPUTADOR COM PROCESSADOR 4GB;
340;8652;31/05/2011 ; 31/05/2015;;ITAUTEC;INFOWAY SM 3330;MICROCOMPUTADOR COM PROCESSADOR 4GB;
341;8654;31/05/2011 ; 31/05/2015;;ITAUTEC;INFOWAY SM 3330;MICROCOMPUTADOR COM PROCESSADOR 4GB;
342;8655;31/05/2011 ; 31/05/2015;;ITAUTEC;INFOWAY SM 3330;MICROCOMPUTADOR COM PROCESSADOR 4GB;
343;8657;31/05/2011 ; 31/05/2015;;ITAUTEC;INFOWAY SM 3330;MICROCOMPUTADOR COM PROCESSADOR 4GB;
344;8658;31/05/2011 ; 31/05/2015;;ITAUTEC;INFOWAY SM 3330;MICROCOMPUTADOR COM PROCESSADOR 4GB;
345;8708;;;APC;;5713140145;NO BREAK  ; STAY 700 USB; AUT/115; 220V;;
346;8711;;;APC;;5713140136;NO BREAK  ; STAY 700 USB; AUT/115; 220V;;
347;8717;;;APC;;5713720134;NO BREAK  ; STAY 700 USB; AUT/115; 220V;;
348;8720;;;APC;;5713140134;NO BREAK  ; STAY 700 USB; AUT/115; 220V;;
349;8723;;;APC;;5713140120;NO BREAK  ; STAY 700 USB; AUT/115; 220V;;
350;8727;;;APC;;5713140148;NO BREAK  ; STAY 700 USB; AUT/115; 220V;;
351;8729;;;APC;;5713140149;NO BREAK  ; STAY 700 USB; AUT/115; 220V;;
352;8737;;;APC;;5713140126;NO BREAK  ; STAY 700 USB; AUT/115; 220V;;
353;8743;;;APC;;5713140150;NO BREAK  ; STAY 700 USB; AUT/115; 220V;;
354;8747;;;APC;;571372130;NO BREAK  ; STAY 700 USB; AUT/115; 220V;;
355;8769;17/06/2011 ; 17/06/2015;;POSITIVO;I5PE;MICROCOMPUTADOR COM PROCESSADOR 4GB;
356;8776;17/06/2011 ; 17/06/2015;;POSITIVO;I5PE;MICROCOMPUTADOR COM PROCESSADOR 4GB;
357;8780;17/06/2011 ; 17/06/2015;;POSITIVO;I5PE;MICROCOMPUTADOR COM PROCESSADOR 4GB;
358;8789;17/06/2011 ; 17/06/2015;;POSITIVO;I5PE;MICROCOMPUTADOR COM PROCESSADOR 4GB;
359;8826;;;EPSON;LQ-590;FSRY023247;IMPRESSORA MATRICIAL ; ;
360;8828;;;EPSON;LQ-590;FSRY024170;IMPRESSORA MATRICIAL ; ;
361;8838;;;KOMECO;KOP48FC;C101342370211402130020;CENTRAL DE AR CONDICIONADO ; SPLIT; PISO-TETO; 48000 BTU'S UN EXTERNA: C101342370911424130035;;
362;8839;;;KOMECO;KOP48FC;C101342370211402130002;CENTRAL DE AR CONDICIONADO ; SPLIT; PISO-TETO; 48000 BTU'S UN EXTERNA: C101342370911424130037;;
363;8840;;;KOMECO;KOP48FC;C101342370211402130032;CENTRAL DE AR CONDICIONADO ; SPLIT; PISO-TETO; 48000 BTU'S UN EXTERNA: C101342370911424130001;;
364;8842;13/07/2011 ; 13/07/2016;;;;SERVIDOR DE ARMAZENAMENTO DE DADOS ; UNIDADE DE BACKUP TAPE LIBRARY;
365;8848;17/11/2011 ; 17/11/2014;;HP;Z600;MICROCOMPUTADOR TIPO ESTAÇÃO DE TRABALHO 4GB;
366;8853;;;RHEEM;RB1HW24HP2BE;H30ABE051101100661;CENTRAL DE AR CONDICIONADO ; 30 MIL BTU'S 220V UN EXTERNA: H30ABC051101100065;
367;8867;;;SAMSUNG;SCX-5637FR;Z5W1BAIB700475L;IMPRESSORA LASER ; MULTIFUNCIONAL CABO USB;
368;8868;;;SAMSUNG;SCX-5637FR;Z5W1BAKB400572K;IMPRESSORA LASER ; MULTIFUNCIONAL CABO USB;
369;8875;;;SAMSUNG;SCX-5637FR;Z5W1BAAB800130R;IMPRESSORA LASER ; MULTIFUNCIONAL CABO USB;
370;8877;;;SAMSUNG;SCX-5637FR;Z5W1BAIB700443P;IMPRESSORA LASER ; MULTIFUNCIONAL CABO USB;
371;8880;;;SAMSUNG;SCX-5637FR;Z5W1BAIB700418B;IMPRESSORA LASER ; MULTIFUNCIONAL CABO USB;
372;8883;;;ELECTROLUX;RE28;14001355;REFRIGERADOR TIPO RESIDENCIAL ; 01 PORTA; 240 L; COR BRANCA;;
373;8898;12/12/2011 ; 12/12/2012;;RHEEM;RB1HW30AC2BS;CENTRAL DE AR CONDICIONADO ; SPLIT; 30000 BTUS; 220V;;
374;8904;;;FLEXFORM;PLUS;;CADEIRA GIRATORIA EM TECIDO ; COM BRAÇOS; ESPALDAR MÉDIO; COR PRETA;;
375;8913;;;FLEXFORM;PLUS;;CADEIRA GIRATORIA EM TECIDO ; COM BRAÇOS; ESPALDAR MÉDIO; COR PRETA;;
376;8927;;;FLEXFORM;PLUS;;CADEIRA GIRATORIA EM TECIDO ; COM BRAÇOS; ESPALDAR MÉDIO; COR PRETA;;
377;8978;;;FLEXFORM;PLUS;;CADEIRA GIRATORIA EM TECIDO ; COM BRAÇOS; ESPALDAR MÉDIO; COR PRETA;;
378;9030;;;ZEBRA;TLP 2844;41J113702382;IMPRESSORA TÉRMICA;;
379;9033;;;ZEBRA;TLP 2844;41J113702381;IMPRESSORA TÉRMICA;;
380;9036;;;ELECTROLUX;PI12F;2712ICBA206;MINI-CENTRAL DE AR CONDICIONADO ; TIPO SPLIT CICLO FRIO 220V UN EXT: 2712ECBA206;
381;9037;;;ELECTROLUX;PI12F;2712ICBA206;MINI-CENTRAL DE AR CONDICIONADO ; TIPO SPLIT 12 MIL BTU'S CICLO FRIO 220V UN EXT: 2712ECBA206;
382;9046;;;HP;PROBOOK 4430S;BRG207F1F2;NOTEBOOK COM PROCESSADOR ; INTEL CORE I3-2330M (2;20GHZ); TELA LED 14 WIDESCREEN; HD 320 GB STA-2 7200RPM; MEMÓRIA 2GB (DDR3);;
383;9051;;;SAMSUNG;ML-3710ND;Z5HABAGBC02493X;IMPRESSORA LASER ; MONOCROMÁTICA;
384;9053;;;SAMSUNG;ML-3710ND;Z5HABAGBC02335P;IMPRESSORA LASER ; MONOCROMÁTICA;
385;9059;;;SAMSUNG;ML-3710ND;;IMPRESSORA LASER ; MONOCROMÁTICA;
386;9104;;;EPSON;LQ-590;FSRY032967;IMPRESSORA MATRICIAL;;
387;9148;;;TRAMONTINA;BALI;;MESA DE USO DIVERSO EM PLASTICO ; RETANGULAR; MEDINDO 1;36 X 0;85 X 0;72 M (COMPRIMENTO X LARGURA X ALTURA) COR BRANCA;;
388;9158;;;TRAMONTINA;BALI;;MESA DE USO DIVERSO EM PLASTICO ; RETANGULAR; MEDINDO 1;36 X 0;85 X 0;72 M (COMPRIMENTO X LARGURA X ALTURA) COR BRANCA;;
389;9160;;;TRAMONTINA;BALI;;MESA DE USO DIVERSO EM PLASTICO ; RETANGULAR; MEDINDO 1;36 X 0;85 X 0;72 M (COMPRIMENTO X LARGURA X ALTURA) COR BRANCA;;
390;9161;;;TRAMONTINA;BALI;;MESA DE USO DIVERSO EM PLASTICO ; RETANGULAR; MEDINDO 1;36 X 0;85 X 0;72 M (COMPRIMENTO X LARGURA X ALTURA) COR BRANCA;;
391;9166;;;LYCO;UH01M;UH01M12110000322;MICROFONE SEM FIO ; DE MÃO ALIMENTAÇÃO COM 2 PILHAS AA UHF;
392;9170;;;LYCO;UH01M;UH01M12110001086;MICROFONE SEM FIO ; DE MÃO ALIMENTAÇÃO COM 2 PILHAS AA UHF;
393;9172;;;LYCO;UH01M;UH01M12110000709;MICROFONE SEM FIO ; DE MÃO ALIMENTAÇÃO COM 2 PILHAS AA UHF;
394;9174;;;LYCO;UH01M;UH01M12110000939;MICROFONE SEM FIO ; DE MÃO ALIMENTAÇÃO COM 2 PILHAS AA UHF;
395;9177;;;LYCO;UH01M;UH01M12110000587;MICROFONE SEM FIO ; DE MÃO ALIMENTAÇÃO COM 2 PILHAS AA UHF;
396;9181;;;RAGTECH;IFH 1300;12130028;NO BREAK ;;
397;9182;;;RAGTECH;IFH 1300;12130004;NO BREAK ;;
398;9183;;;RAGTECH;IFH 1300;12130015;NO BREAK ;;
399;9186;;;RAGTECH;IFH 1300;12130012;NO BREAK ;;
400;9189;;;RAGTECH;IFH 1300;12130029;NO BREAK ;;
401;9191;;;RAGTECH;IFH 1300;12130018;NO BREAK ;;
402;9215;;;EARSET;K65/X19;A458802;HEADSET APARELHO  COM FONE DE OUVIDO E MICROFONE;;
403;9222;;;EARSET;K65/X19;A458785;HEADSET APARELHO  COM FONE DE OUVIDO E MICROFONE;;
404;9224;;;SAMSUNG;SCX-5637FR;Z5W1BAKB400750T;IMPRESSORA LASER ; MULTIFUNCIONAL;
405;9229;;;SAMSUNG;SCX-5637FR;Z5W1BAKB400911D;IMPRESSORA LASER ; MULTIFUNCIONAL;
406;9234;;;SAMSUNG;SCX-5637FR;Z5W1BAIBC00704J;IMPRESSORA LASER ; MULTIFUNCIONAL;
407;9237;;;SAMSUNG;SCX-5637FR;Z5W1BAIBC00768T;IMPRESSORA LASER ; MULTIFUNCIONAL;
408;9239;;;SAMSUNG;SCX-5637FR;Z5W1BAIBC00610E;IMPRESSORA LASER ; MULTIFUNCIONAL;
409;9243;;;;;;MESA PARA AUDIÊNCIA ; OVAL EM MELAMÍNICO MEDIDAS 1500CM X 2000CM;
410;9251;;;ELGIN;SRFI-30000-2;1576978;CENTRAL DE AR CONDICIONADO ; 30 MIL BTU'S SPLIT 220V UN EXT: 1580949;
411;9257;;;ELGIN;SRFI-30000-2;1576979;CENTRAL DE AR CONDICIONADO ; 30 MIL BTU'S SPLIT 220V UN EXT: 1580814;
412;9264;;;ELECTROLUX;;20904349;MINI-CENTRAL DE AR CONDICIONADO ; 9 MIL BTU'S 200V UN EXT 20903006;
413;9266;;;ELECTROLUX;;20904745;MINI-CENTRAL DE AR CONDICIONADO ; 9 MIL BTU'S 200V UN EXT 20903020;
414;9267;;;ELECTROLUX;;20904749;MINI-CENTRAL DE AR CONDICIONADO ; 9 MIL BTU'S 200V UN EXT 12006523;
415;9280;;;HAYONIC;NEO 400 USB;;CAIXA DE SOM AMPLIFICADA ; COM ENTRADA USB 60W DE POTÊNCIA;
416;9294;;;MIDEA;MSE1-30CR;C1011382841811A14150197;CENTRAL DE AR CONDICIONADO ; SPLIT 30 MIL BTU'S 220V UEX: C101382843411A14130095;
417;9296;;;MIDEA;MSE1-30CR;C1011382841811A14150189;CENTRAL DE AR CONDICIONADO ; SPLIT 30 MIL BTU'S 220V UEX: C101382843411A14130094;
418;9311;;;ELECTROLUX;CFI60;21600124;CENTRAL DE AR CONDICIONADO ; 60 MIL BTU'S TENSÃO 220V U EXT: 21000180;
419;9317;;;BROTHER;FAX-575;U61361MOK971506;APARELHO DE FAX ; PARA PAPEL COMUM COM IDENTIFICADOR DE CHAMADAS;
420;9318;;;BROTHER;FAX-575;U61361L8K150711;APARELHO DE FAX ; PARA PAPEL COMUM COM IDENTIFICADOR DE CHAMADAS;
421;9320;;;BROTHER;FAX-575;U61361MOK971353;APARELHO DE FAX ; PARA PAPEL COMUM COM IDENTIFICADOR DE CHAMADAS;
422;9458;;;ACER;ASPIRE ONE D257;13002814676;MICROCOMPUTADOR PORTATIL (NETBOOK) COM PROCESSADOR ; INTEL ATOM N570 166MHZ; MEMÓRIA: 2GB DDR3; HD: 500GB; TELA:101; WEBCAM E MICROFONE EMBUTIDOS;;
423;9471;;;ACER;ASPIRE ONE D257;13002037176;MICROCOMPUTADOR PORTATIL (NETBOOK) COM PROCESSADOR ; INTEL ATOM N570 166MHZ; MEMÓRIA: 2GB DDR3; HD: 500GB; TELA:101; WEBCAM E MICROFONE EMBUTIDOS;;
424;9484;;;SPRINGER;SILENTIA;1907B05312;CONDICIONADOR DE AR DE PAREDE ; TIPO JANELA 21 MIL BTU'S 220V;
425;9485;;;SPRINGER;SILENTIA;1910B13675;CONDICIONADOR DE AR DE PAREDE ; TIPO JANELA 21 MIL BTU'S 220V;
426;9486;;;SPRINGER;SILENTIA;1907B05354;CONDICIONADOR DE AR DE PAREDE ; TIPO JANELA 21 MIL BTU'S 220V;
427;9491;;;SPRINGER;SILENTIA;4412B08570;CONDICIONADOR DE AR DE PAREDE ; 30 MIL BTU'S 220V;
428;9492;;;SPRINGER;SILENTIA;4412B07763;CONDICIONADOR DE AR DE PAREDE ; 30 MIL BTU'S 220V;
429;9495;;;SPRINGER;SILENTIA;4412B08569;CONDICIONADOR DE AR DE PAREDE ; 30 MIL BTU'S 220V;
430;9502;;;;;;RACK PARA SERVIDOR;;
431;9503;30/04/2014 ; 30/04/2016;;PRODIGITAL;;MONITOR DE TEMPERATURA PARA DATACENTER ; DISPLAY DIGITAL BIVOLT;
432;9536;;;FLEXFORM;INFO CENTER;;CADEIRA GIRATORIA EM TECIDO ; ESPALDAR MÉDIO COR PRETA;
433;9605;;;ESMALTEC;EGC35B;12051406763896;BEBEDOURO DE AGUA EM AÇO INOX ; TIPO COLUNA;
434;9607;;;ELECTROLUX;TI30F/TE30F;30290168;CENTRAL DE AR CONDICIONADO ; 30 MIL BTU'S TENSÃO: 220V CICLO FRIO UNIDADE EXTERNA: 30291737;
435;9618;;;ELECTROLUX;TI30F/TE30F;31292218;CENTRAL DE AR CONDICIONADO ; 30 MIL BTU'S TENSÃO: 220V CICLO FRIO U EXT: 31292583;
436;9628;;;MD MOBILE;;;MESA LINEAR ; EM MDP 25MM; COR CINZA; MEDINDO 1200 X 600 X 760 MM (L X P X A);;
437;9631;;;;;;BALCAO DE ATENDIMENTO LINEAR ; EM MDF COR ARGILA;
438;9633;;;;;;BALCAO DE ATENDIMENTO LINEAR ; EM MDF COR ARGILA;
439;9636;;;;;;BALCAO DE ATENDIMENTO LINEAR ; EM MDF COR ARGILA;
440;9642;;;;;;BALCAO DE ATENDIMENTO LINEAR ; EM MDF COR ARGILA;
441;9645;;;;;;BALCAO DE ATENDIMENTO LINEAR ; EM MDF COR ARGILA;
442;9646;;;;;;BALCAO DE ATENDIMENTO LINEAR ; EM MDF COR ARGILA;
443;9647;;;;;;BALCAO DE ATENDIMENTO LINEAR ; EM MDF COR ARGILA;
444;9648;;;;;;BALCAO DE ATENDIMENTO LINEAR ; EM MDF COR ARGILA;
445;9649;;;;;;BALCAO DE ATENDIMENTO LINEAR ; EM MDF COR ARGILA;
446;9662;;;;;;BALCAO DE ATENDIMENTO LINEAR ; EM MDF COR ARGILA;
447;9663;;;;;;BALCAO DE ATENDIMENTO LINEAR ; EM MDF COR ARGILA;
448;9664;;;;;;BALCAO DE ATENDIMENTO LINEAR ; EM MDF COR ARGILA;
449;9666;;;;;;BALCAO DE ATENDIMENTO LINEAR ; EM MDF COR ARGILA;
450;9667;;;;;;BALCAO DE ATENDIMENTO LINEAR ; EM MDF COR ARGILA;
451;9669;;;;;;BALCAO DE ATENDIMENTO LINEAR ; EM MDF COR ARGILA;
452;9688;;;;;;BALCAO DE ATENDIMENTO LINEAR ; EM MDF COR ARGILA;
453;9706;;;NOBRE MÓVEIS;;;CADEIRA FIXA S/BRAÇO ; ESTOFADA COR AZUL;
454;9732;;;NOBRE MÓVEIS;;;CADEIRA FIXA S/BRAÇO ; ESTOFADA COR AZUL;
455;9747;;;NOBRE MÓVEIS;;;CADEIRA FIXA S/BRAÇO ; ESTOFADA COR AZUL;
456;9777;;;NOBRE MÓVEIS;;;CADEIRA FIXA S/BRAÇO ; ESTOFADA COR AZUL;
457;9779;;;NOBRE MÓVEIS;;;CADEIRA FIXA S/BRAÇO ; ESTOFADA COR AZUL;
458;9782;;;GIGASET;A390;131950;APARELHO TELEFONICO SEM FIO ; VISOR LCD COM IDENTIFICADOR DE CHAMADAS;
459;9785;;;KOMECO;KOS 18 FC2HX;K18101001391010030143;MINI-CENTRAL DE AR CONDICIONADO ; 18000 BUTS 220V COR BRANCA UN EXT: K18101001415010020093;
460;9787;;;KOMECO;KOS 18 FC2HX;K18101001439010030025;MINI-CENTRAL DE AR CONDICIONADO ; 18000 BUTS 220V COR BRANCA UN EXT: K18101001415010020065;
461;9792;;;KOMECO;KOS 18 FC2HX;K18101001439010030026;MINI-CENTRAL DE AR CONDICIONADO ; 18000 BUTS 220V COR BRANCA UN EXT: K18101001415010020027;
462;9811;;;SPRINGER;MPN-12CRV1;D205019880112A16200046;CONDICIONADOR DE AR PORTATIL ; CAPACIDADE DE 12000 BTU/H; TENSÃO 127V;  GÁS ECOLÓGICO R410A; COM PAINEL FRONTAL RETRÁTIL;;
463;9812;;;SPRINGER;MPN-12CRV1;D205019880112A16201872;CONDICIONADOR DE AR PORTATIL ; CAPACIDADE DE 12000 BTU/H; TENSÃO 127V;  GÁS ECOLÓGICO R410A; COM PAINEL FRONTAL RETRÁTIL;;
464;9813;;;SPRINGER;MPN-12CRV1;D205019880112A16200247;CONDICIONADOR DE AR PORTATIL ; CAPACIDADE DE 12000 BTU/H; TENSÃO 127V;  GÁS ECOLÓGICO R410A; COM PAINEL FRONTAL RETRÁTIL;;
465;9815;;;RCG;ENERGETIC POWER MC;;NO BREAK  ; 1450VA COR PRETA;
466;9824;;;RCG;ENERGETIC POWER MC;;NO BREAK  ; 1450VA COR PRETA;
467;9825;;;RCG;ENERGETIC POWER MC;;NO BREAK  ; 1450VA COR PRETA;
468;9826;;;RCG;ENERGETIC POWER MC;;NO BREAK  ; 1450VA COR PRETA;
469;9832;;;RCG;ENERGETIC POWER MC;;NO BREAK  ; 1450VA COR PRETA;
470;9834;;;RCG;ENERGETIC POWER MC;;NO BREAK  ; 1450VA COR PRETA;
471;9835;;;RCG;ENERGETIC POWER MC;;NO BREAK  ; 1450VA COR PRETA;
472;9836;;;RCG;ENERGETIC POWER MC;;NO BREAK  ; 1450VA COR PRETA;
473;9839;;;RCG;ENERGETIC POWER MC;;NO BREAK  ; 1450VA COR PRETA;
474;9841;;;ELECTROLUX;MEF41;32210520;FORNO MICROONDAS ; CAPACIDADE DE 31L 127V COR BRANCA;
475;9843;;;ELECTROLUX;MEF41;32208101;FORNO MICROONDAS ; CAPACIDADE DE 31L 127V COR BRANCA;
476;9854;;;CONSUL;CBV18CB;MG3709303;MINI-CENTRAL DE AR CONDICIONADO ; 18 MIL BTU'S TENSÃO 220V COR BRANCA U EXT: MG3687488;
477;9860;;;NOBRE MÓVEIS;;;CADEIRA FIXA S/BRAÇO ; ESTOFADA COR AZUL;
478;9862;;;NOBRE MÓVEIS;;;CADEIRA FIXA S/BRAÇO ; ESTOFADA COR AZUL;
479;9864;;;NOBRE MÓVEIS;;;CADEIRA FIXA S/BRAÇO ; ESTOFADA COR AZUL;
480;9870;;;NOBRE MÓVEIS;;;CADEIRA FIXA S/BRAÇO ; ESTOFADA COR AZUL;
481;9875;;;NOBRE MÓVEIS;;;CADEIRA FIXA S/BRAÇO ; ESTOFADA COR AZUL;
482;9886;;;NOBRE MÓVEIS;;;CADEIRA FIXA S/BRAÇO ; ESTOFADA COR AZUL;
483;9888;;;NOBRE MÓVEIS;;;CADEIRA FIXA S/BRAÇO ; ESTOFADA COR AZUL;
484;9893;;;NOBRE MÓVEIS;;;CADEIRA FIXA S/BRAÇO ; ESTOFADA COR AZUL;
485;9899;;;NOBRE MÓVEIS;;;CADEIRA FIXA S/BRAÇO ; ESTOFADA COR AZUL;
486;9901;;;NOBRE MÓVEIS;;;CADEIRA FIXA S/BRAÇO ; ESTOFADA COR AZUL;
487;9907;;;NOBRE MÓVEIS;;;CADEIRA FIXA S/BRAÇO ; ESTOFADA COR AZUL;
488;9908;;;NOBRE MÓVEIS;;;CADEIRA FIXA S/BRAÇO ; ESTOFADA COR AZUL;
489;9927;;;DELL;OPTIPLEX 9010;2VB90Y1;MICROCOMPUTADOR COM PROCESSADOR ; INTEL CORE I3 -3240 (34GHZ; 3MB CACHE); 4GB DE MEMÓRIA RAM; DISCO RÍGIDO DE 320GB;;
490;9948;;;GIGASET;A390;118042;APARELHO TELEFONICO SEM FIO;;
491;9950;;;GIGASET;A390;118041;APARELHO TELEFONICO SEM FIO;;
492;9951;;;GIGASET;A390;118013;APARELHO TELEFONICO SEM FIO;;
493;9953;17/02/2014 ; 17/02/2015;;ELECTROLUX;MEF41;FORNO DE MICROONDAS ; 110V 60HZ 31 LITROS COR BRANCA;
494;9963;;;NOBRE MÓVEIS;;;CADEIRA FIXA S/BRAÇO ; ESTOFADA COR AZUL;
495;9969;;;NOBRE MÓVEIS;;;CADEIRA FIXA S/BRAÇO ; ESTOFADA COR AZUL;
496;9973;;;NOBRE MÓVEIS;;;CADEIRA FIXA S/BRAÇO ; ESTOFADA COR AZUL;
497;9976;;;NOBRE MÓVEIS;;;CADEIRA FIXA S/BRAÇO ; ESTOFADA COR AZUL;
498;9985;;;NOBRE MÓVEIS;;;CADEIRA FIXA S/BRAÇO ; ESTOFADA COR AZUL;
499;9989;;;NOBRE MÓVEIS;;;CADEIRA FIXA S/BRAÇO ; ESTOFADA COR AZUL;
500;10038;30/05/2014 ; 30/05/2017;;HP;B080BR;ULTRABOOK COM PROCESSADOR DE DADOS ; PROCESSADOR INTEL CORE I5 14 POLEGADAS MEMÓRIA RAM: 4GB HD: 500GB COR PRETA;
501;10059;22/12/2005 ; 22/06/2006;;ESMALTEC;BNCC 7B;BEBEDOURO DE AGUA TIPO GARRAFAO ; DE PÉ COM DUAS TORNEIRAS (COLUNA);
502;10074;;;TRAMONTINA;BALI;;MESA DE USO DIVERSO EM PLASTICO ; RETANGULAR; MEDINDO 1;36 X 0;85 X 0;72 M (COMPRIMENTO X LARGURA X ALTURA) COR BRANCA;;
503;10077;;;TRAMONTINA;BALI;;MESA DE USO DIVERSO EM PLASTICO ; RETANGULAR; MEDINDO 1;36 X 0;85 X 0;72 M (COMPRIMENTO X LARGURA X ALTURA) COR BRANCA;;
504;10079;;;TRAMONTINA;BALI;;MESA DE USO DIVERSO EM PLASTICO ; RETANGULAR; MEDINDO 1;36 X 0;85 X 0;72 M (COMPRIMENTO X LARGURA X ALTURA) COR BRANCA;;
505;10171;;;HENRY;SUPERFÁCIL R02;4001900024875;RELOGIO DE PONTO BIOMETRICO ; SISTEMA DE IMPRESSÃO COM CORTE DE PAPEL; RECURSO DE NOBREAK; CALENDÁRIO PERPÉTUO; CAPACIDADE DE CADASTRAMENTO DE INFORMAÇÕES DO EMPREGADOR; LOCAL DE TRABALHO E FUNCIONÁRIOS (1 A 10 DIGITAIS POR PESSOA); HOMOLOGADO DE ACORDO COM A PORTARIA NO 1510/2009 MTE;;
506;10187;;;;;;BALCAO DE ATENDIMENTO LINEAR ; EM MDF COR ARGILA;
507;10189;17/09/2014 ; 17/09/2017;;LG;U460;ULTRABOOK INTEL CORE I5;14 POLEGADAS MEMÓRIA RAM 4GB HD 32GB SSD 500GB COR PRATA;;
508;10201;17/09/2014 ; 17/09/2017;;LG;U460;ULTRABOOK INTEL CORE I5;14 POLEGADAS MEMÓRIA RAM 4GB HD 32GB SSD 500GB COR PRATA;;
509;10204;17/09/2014 ; 17/09/2017;;LG;U460;ULTRABOOK INTEL CORE I5;14 POLEGADAS MEMÓRIA RAM 4GB HD 32GB SSD 500GB COR PRATA;;
510;10206;17/09/2014 ; 17/09/2017;;LG;U460;ULTRABOOK INTEL CORE I5;14 POLEGADAS MEMÓRIA RAM 4GB HD 32GB SSD 500GB COR PRATA;;
511;10208;17/09/2014 ; 17/09/2017;;LG;U460;ULTRABOOK INTEL CORE I5;14 POLEGADAS MEMÓRIA RAM 4GB HD 32GB SSD 500GB COR PRATA;;
512;10212;17/09/2014 ; 17/09/2017;;LG;U460;ULTRABOOK INTEL CORE I5;14 POLEGADAS MEMÓRIA RAM 4GB HD 32GB SSD 500GB COR PRATA;;
513;10214;17/09/2014 ; 17/09/2017;;LG;U460;ULTRABOOK INTEL CORE I5;14 POLEGADAS MEMÓRIA RAM 4GB HD 32GB SSD 500GB COR PRATA;;
514;10217;17/09/2014 ; 17/09/2017;;LG;U460;ULTRABOOK INTEL CORE I5;14 POLEGADAS MEMÓRIA RAM 4GB HD 32GB SSD 500GB COR PRATA;;
515;10222;17/09/2014 ; 17/09/2017;;LG;U460;ULTRABOOK INTEL CORE I5;14 POLEGADAS MEMÓRIA RAM 4GB HD 32GB SSD 500GB COR PRATA;;
516;10223;17/09/2014 ; 17/09/2017;;LG;U460;ULTRABOOK INTEL CORE I5;14 POLEGADAS MEMÓRIA RAM 4GB HD 32GB SSD 500GB COR PRATA;;
517;10226;17/09/2014 ; 17/09/2017;;LG;U460;ULTRABOOK INTEL CORE I5;14 POLEGADAS MEMÓRIA RAM 4GB HD 32GB SSD 500GB COR PRATA;;
518;10228;17/09/2014 ; 17/09/2017;;LG;U460;ULTRABOOK INTEL CORE I5;14 POLEGADAS MEMÓRIA RAM 4GB HD 32GB SSD 500GB COR PRATA;;
519;10231;17/09/2014 ; 17/09/2017;;LG;U460;ULTRABOOK INTEL CORE I5;14 POLEGADAS MEMÓRIA RAM 4GB HD 32GB SSD 500GB COR PRATA;;
520;10235;17/09/2014 ; 17/09/2017;;LG;U460;ULTRABOOK INTEL CORE I5;14 POLEGADAS MEMÓRIA RAM 4GB HD 32GB SSD 500GB COR PRATA;;
521;10239;17/09/2014 ; 17/09/2017;;LG;U460;ULTRABOOK INTEL CORE I5;14 POLEGADAS MEMÓRIA RAM 4GB HD 32GB SSD 500GB COR PRATA;;
522;10247;17/09/2014 ; 17/09/2017;;LG;U460;ULTRABOOK INTEL CORE I5;14 POLEGADAS MEMÓRIA RAM 4GB HD 32GB SSD 500GB COR PRATA;;
523;10251;;;POSITIVO;;1AC97NY86;NOTEBOOK INTEL CORE I5 - 4200M (2;5 GHZ); MEMÓRIA 4GB TELA DE 14;1 POLEGADAS LED FORMATO WIDESCREEN;;
524;10254;;;POSITIVO;;1AC97NT7M;NOTEBOOK INTEL CORE I5 - 4200M (2;5 GHZ); MEMÓRIA 4GB TELA DE 14;1 POLEGADAS LED FORMATO WIDESCREEN;;
525;10262;;;POSITIVO;;1AC97NW7V;NOTEBOOK INTEL CORE I5 - 4200M (2;5 GHZ); MEMÓRIA 4GB TELA DE 14;1 POLEGADAS LED FORMATO WIDESCREEN;;
526;10263;;;POSITIVO;;1AC97NR9Q;NOTEBOOK INTEL CORE I5 - 4200M (2;5 GHZ); MEMÓRIA 4GB TELA DE 14;1 POLEGADAS LED FORMATO WIDESCREEN;;
527;10275;;;POSITIVO;;1AC97NZ9E;NOTEBOOK INTEL CORE I5 - 4200M (2;5 GHZ); MEMÓRIA 4GB TELA DE 14;1 POLEGADAS LED FORMATO WIDESCREEN;;
528;10279;;;POSITIVO;;1AC97NG59;NOTEBOOK INTEL CORE I5 - 4200M (2;5 GHZ); MEMÓRIA 4GB TELA DE 14;1 POLEGADAS LED FORMATO WIDESCREEN;;
529;10283;;;POSITIVO;;1AC97NQ68;NOTEBOOK INTEL CORE I5 - 4200M (2;5 GHZ); MEMÓRIA 4GB TELA DE 14;1 POLEGADAS LED FORMATO WIDESCREEN;;
530;10285;;;POSITIVO;;1AC97P12Z;NOTEBOOK INTEL CORE I5 - 4200M (2;5 GHZ); MEMÓRIA 4GB TELA DE 14;1 POLEGADAS LED FORMATO WIDESCREEN;;
531;10288;;;POSITIVO;;1AC97NX6T;NOTEBOOK INTEL CORE I5 - 4200M (2;5 GHZ); MEMÓRIA 4GB TELA DE 14;1 POLEGADAS LED FORMATO WIDESCREEN;;
532;10290;;;POSITIVO;;1AC97P310;NOTEBOOK INTEL CORE I5 - 4200M (2;5 GHZ); MEMÓRIA 4GB TELA DE 14;1 POLEGADAS LED FORMATO WIDESCREEN;;
533;10291;;;POSITIVO;;1AC97NQ7D;NOTEBOOK INTEL CORE I5 - 4200M (2;5 GHZ); MEMÓRIA 4GB TELA DE 14;1 POLEGADAS LED FORMATO WIDESCREEN;;
534;10292;;;POSITIVO;;1AC97NZ74;NOTEBOOK INTEL CORE I5 - 4200M (2;5 GHZ); MEMÓRIA 4GB TELA DE 14;1 POLEGADAS LED FORMATO WIDESCREEN;;
535;10294;;;POSITIVO;;1AC97NV23;NOTEBOOK INTEL CORE I5 - 4200M (2;5 GHZ); MEMÓRIA 4GB TELA DE 14;1 POLEGADAS LED FORMATO WIDESCREEN;;
536;10298;;;POSITIVO;;1AC97NZ3K;NOTEBOOK INTEL CORE I5 - 4200M (2;5 GHZ); MEMÓRIA 4GB TELA DE 14;1 POLEGADAS LED FORMATO WIDESCREEN;;
537;10300;;;POSITIVO;;1AC97NX14;NOTEBOOK INTEL CORE I5 - 4200M (2;5 GHZ); MEMÓRIA 4GB TELA DE 14;1 POLEGADAS LED FORMATO WIDESCREEN;;
538;10301;;;POSITIVO;;1AC97NT32;NOTEBOOK INTEL CORE I5 - 4200M (2;5 GHZ); MEMÓRIA 4GB TELA DE 14;1 POLEGADAS LED FORMATO WIDESCREEN;;
539;10306;;;POSITIVO;;1AC97NG9T;NOTEBOOK INTEL CORE I5 - 4200M (2;5 GHZ); MEMÓRIA 4GB TELA DE 14;1 POLEGADAS LED FORMATO WIDESCREEN;;
540;10320;;;POSITIVO;;1AC97NZ89;NOTEBOOK INTEL CORE I5 - 4200M (2;5 GHZ); MEMÓRIA 4GB TELA DE 14;1 POLEGADAS LED FORMATO WIDESCREEN;;
541;10321;;;POSITIVO;;1AC97NV38;NOTEBOOK INTEL CORE I5 - 4200M (2;5 GHZ); MEMÓRIA 4GB TELA DE 14;1 POLEGADAS LED FORMATO WIDESCREEN;;
542;10323;;;POSITIVO;;1AC97P11U;NOTEBOOK INTEL CORE I5 - 4200M (2;5 GHZ); MEMÓRIA 4GB TELA DE 14;1 POLEGADAS LED FORMATO WIDESCREEN;;
543;10325;;;POSITIVO;;1AC97NR3W;NOTEBOOK INTEL CORE I5 - 4200M (2;5 GHZ); MEMÓRIA 4GB TELA DE 14;1 POLEGADAS LED FORMATO WIDESCREEN;;
544;10381;06/11/2014 ; 06/11/2015;;RAGTECH;1400N;NO BREAK  ; BIFÁSICO 1;4KVA COM ESTABILIZADOR INTERNO;;
545;10383;06/11/2014 ; 06/11/2015;;RAGTECH;1400N;NO BREAK  ; BIFÁSICO 1;4KVA COM ESTABILIZADOR INTERNO;;
546;10385;06/11/2014 ; 06/11/2015;;RAGTECH;1400N;NO BREAK  ; BIFÁSICO 1;4KVA COM ESTABILIZADOR INTERNO;;
547;10388;06/11/2014 ; 06/11/2015;;RAGTECH;1400N;NO BREAK  ; BIFÁSICO 1;4KVA COM ESTABILIZADOR INTERNO;;
548;10410;19/02/2015 ; 19/02/2018;;SAMSUNG;M4020ND;IMPRESSORA LASER ; MONOCROMÁTICA IMPRESSÃO EM DUPLEX;
549;10446;11/06/2015 ; 11/06/2016;;RAGTECH;SWU/BS-TI;NO BREAK  ; TRIFÁSICO 1;4 KVA COM ESTABILIZADOR INTERNO E DISPLAY DIGITAL;;
550;10447;11/06/2015 ; 11/06/2016;;RAGTECH;SWU/BS-TI;NO BREAK  ; TRIFÁSICO 1;4 KVA COM ESTABILIZADOR INTERNO E DISPLAY DIGITAL;;
551;10448;11/06/2015 ; 11/06/2016;;RAGTECH;SWU/BS-TI;NO BREAK  ; TRIFÁSICO 1;4 KVA COM ESTABILIZADOR INTERNO E DISPLAY DIGITAL;;
552;10449;11/06/2015 ; 11/06/2016;;RAGTECH;SWU/BS-TI;NO BREAK  ; TRIFÁSICO 1;4 KVA COM ESTABILIZADOR INTERNO E DISPLAY DIGITAL;;
553;10450;11/06/2015 ; 11/06/2016;;RAGTECH;SWU/BS-TI;NO BREAK  ; TRIFÁSICO 1;4 KVA COM ESTABILIZADOR INTERNO E DISPLAY DIGITAL;;
554;10452;11/06/2015 ; 11/06/2016;;RAGTECH;SWU/BS-TI;NO BREAK  ; TRIFÁSICO 1;4 KVA COM ESTABILIZADOR INTERNO E DISPLAY DIGITAL;;
555;10454;11/06/2015 ; 11/06/2016;;RAGTECH;SWU/BS-TI;NO BREAK  ; TRIFÁSICO 1;4 KVA COM ESTABILIZADOR INTERNO E DISPLAY DIGITAL;;
556;10455;11/06/2015 ; 11/06/2016;;RAGTECH;SWU/BS-TI;NO BREAK  ; TRIFÁSICO 1;4 KVA COM ESTABILIZADOR INTERNO E DISPLAY DIGITAL;;
557;10457;11/06/2015 ; 11/06/2016;;RAGTECH;SWU/BS-TI;NO BREAK  ; TRIFÁSICO 1;4 KVA COM ESTABILIZADOR INTERNO E DISPLAY DIGITAL;;
558;10458;11/06/2015 ; 11/06/2016;;RAGTECH;SWU/BS-TI;NO BREAK  ; TRIFÁSICO 1;4 KVA COM ESTABILIZADOR INTERNO E DISPLAY DIGITAL;;
559;10460;11/06/2015 ; 11/06/2016;;RAGTECH;SWU/BS-TI;NO BREAK  ; TRIFÁSICO 1;4 KVA COM ESTABILIZADOR INTERNO E DISPLAY DIGITAL;;
560;10466;;;SCHNEIDER;ASP-98;15G87-13-00081A;MOTO BOMBA CENTRIFUGA ; POTÊNCIA DE 1/2 CV 127V 60HZ RECALQUE 3/4;
561;10467;14/09/2015 ; 14/09/2016;;LG;MS3044L;FORNO DE MICROONDAS ; 30 LITROS 127V POTÊNCIA: 1250W COR BRANCA;
562;10471;14/10/2015 ; 14/04/2016;;SHOPPING DO ESCRITOR;;BANQUETA EM COURVIM ; ALTA SEM ENCOSTO COM APOIO PARA PÉS COR PRETA;
563;10473;14/10/2015 ; 14/04/2016;;SHOPPING DO ESCRITOR;;BANQUETA EM COURVIM ; ALTA SEM ENCOSTO COM APOIO PARA PÉS COR PRETA;
564;10474;14/10/2015 ; 14/04/2016;;SHOPPING DO ESCRITOR;;BANQUETA EM COURVIM ; ALTA SEM ENCOSTO COM APOIO PARA PÉS COR PRETA;
565;10475;14/10/2015 ; 14/04/2016;;SHOPPING DO ESCRITOR;;BANQUETA EM COURVIM ; ALTA SEM ENCOSTO COM APOIO PARA PÉS COR PRETA;
566;10480;06/02/2015 ; 06/02/2017;;ELGIN;L42;IMPRESSORA TÉRMICA ; PARA IMPRESSÃO DE ETIQUETAS ENTRADA USB;
567;10489;;;FLEXFORM;MIMI;;CADEIRA FIXA S/BRAÇO ; COM ASSENTO E ENCOSTO EM POLIPROPILENO COR PRETA;
568;10588;17/11/2015 ; 17/11/2018;;LASER MULTIFUNCIONAL LEXMARK MX310DN ; IMPRESSÃO MONOCROMÁTICA EM RESOLUÇÃO 1200 X 1200 DPI MODO DUPLEX INTEGRADO COM FUNÇÕES DE CÓPIA; DIGITALIZAÇÃO E ENVIO DE FAX;
569;10589;17/11/2015 ; 17/11/2018;;LASER MULTIFUNCIONAL LEXMARK MX310DN ; IMPRESSÃO MONOCROMÁTICA EM RESOLUÇÃO 1200 X 1200 DPI MODO DUPLEX INTEGRADO COM FUNÇÕES DE CÓPIA; DIGITALIZAÇÃO E ENVIO DE FAX;
570;10592;17/11/2015 ; 17/11/2018;;LEXMARK MX310DN;701544LM0K0PN;IMPRESSORA LASER ; MULTIFUNCIONAL IMPRESSÃO MONOCROMÁTICA EM RESOLUÇÃO 1200 X 1200 DPI MODO DUPLEX INTEGRADO COM FUNÇÕES DE CÓPIA; DIGITALIZAÇÃO E ENVIO DE FAX;
571;10594;17/11/2015 ; 17/11/2018;;LEXMARK MX310DN;701544LM0K848;IMPRESSORA LASER ; MULTIFUNCIONAL IMPRESSÃO MONOCROMÁTICA EM RESOLUÇÃO 1200 X 1200 DPI MODO DUPLEX INTEGRADO COM FUNÇÕES DE CÓPIA; DIGITALIZAÇÃO E ENVIO DE FAX;
572;10596;17/11/2015 ; 17/11/2018;;LEXMARK MX310DN;701544LM0K873;IMPRESSORA LASER ; MULTIFUNCIONAL IMPRESSÃO MONOCROMÁTICA EM RESOLUÇÃO 1200 X 1200 DPI MODO DUPLEX INTEGRADO COM FUNÇÕES DE CÓPIA; DIGITALIZAÇÃO E ENVIO DE FAX;
573;10600;17/11/2015 ; 17/11/2018;;LEXMARK MX310DN;701545LM0KT9Y;IMPRESSORA LASER ; MULTIFUNCIONAL IMPRESSÃO MONOCROMÁTICA EM RESOLUÇÃO 1200 X 1200 DPI MODO DUPLEX INTEGRADO COM FUNÇÕES DE CÓPIA; DIGITALIZAÇÃO E ENVIO DE FAX;
574;10605;14/08/2015 ; 14/08/2016;;CONDOMINIUM;JET FLEX;AUTOMATIZADOR DE PORTAO INDUSTRIAL ; TIPO HÍBRIDO POTÊNCIA NOMINAL DE 245W ALIMENTAÇÃO: 220V/127V TRIFÁSICO FREQUÊNCIA 60HZ;
575;10606;;;YORK;;;CENTRAL DE AR CONDICIONADO ; 60000 BTUS;
576;10609;04/02/2016 ; 04/02/2017;;SERRANA;PINOT 1400 3Q L/1;NO BREAK  ; POTÊNCIA DE 1;4 KVA BIVOLT COM ESTABILIZADOR INTERNO PORTA-FUSÍVEL COM UNIDADE RESERVA;;
577;10616;14/03/2016 ; 14/03/2017;;SERRANA;PINOT 1400 3Q L/1;NO BREAK  ; POTÊNCIA DE 1;4 KVA BIVOLT COM ESTABILIZADOR INTERNO PORTA-FUSÍVEL COM UNIDADE RESERVA;;
578;10617;14/03/2016 ; 14/03/2017;;SERRANA;PINOT 1400 3Q L/1;NO BREAK  ; POTÊNCIA DE 1;4 KVA BIVOLT COM ESTABILIZADOR INTERNO PORTA-FUSÍVEL COM UNIDADE RESERVA;;
579;10618;14/03/2016 ; 14/03/2017;;SERRANA;PINOT 1400 3Q L/1;NO BREAK  ; POTÊNCIA DE 1;4 KVA BIVOLT COM ESTABILIZADOR INTERNO PORTA-FUSÍVEL COM UNIDADE RESERVA;;
580;10624;14/03/2016 ; 14/03/2017;;SERRANA;PINOT 1400 3Q L/1;NO BREAK  ; POTÊNCIA DE 1;4 KVA BIVOLT COM ESTABILIZADOR INTERNO PORTA-FUSÍVEL COM UNIDADE RESERVA;;
581;10625;14/03/2016 ; 14/03/2017;;SERRANA;PINOT 1400 3Q L/1;NO BREAK  ; POTÊNCIA DE 1;4 KVA BIVOLT COM ESTABILIZADOR INTERNO PORTA-FUSÍVEL COM UNIDADE RESERVA;;
582;10626;14/03/2016 ; 14/03/2017;;SERRANA;PINOT 1400 3Q L/1;NO BREAK  ; POTÊNCIA DE 1;4 KVA BIVOLT COM ESTABILIZADOR INTERNO PORTA-FUSÍVEL COM UNIDADE RESERVA;;
583;10628;14/03/2016 ; 14/03/2017;;SERRANA;PINOT 1400 3Q L/1;NO BREAK  ; POTÊNCIA DE 1;4 KVA BIVOLT COM ESTABILIZADOR INTERNO PORTA-FUSÍVEL COM UNIDADE RESERVA;;
584;10655;22/04/2016 ; 22/04/2020;;HP;TOUCH SMART 9100;TECLADO PARA MICROCOMPUTADOR ; COM LEITOR DE SMART CARD PADRÃO ABNT 2 USB;
585;10660;22/04/2016 ; 22/04/2020;;HP;ELITEDESK 800 G2 DM;MICROCOMPUTADOR COM PROCESSADOR ; INTEL CORE I7-6700T MEMÓRIA: 8GB DDR4 DISCO RÍGIDO DE 1TB;
586;10662;22/04/2016 ; 22/04/2020;;HP;TOUCH SMART 9100;TECLADO PARA MICROCOMPUTADOR ; COM LEITOR DE SMART CARD PADRÃO ABNT 2 USB;
587;10680;06/05/2016 ; 06/05/2019;;PHILIPS;C240P4QPYEW;MONITOR DE VIDEO LCD ; 24 POLEGADAS RESOLUÇÃO MÁXIMA: 1920 X 1080 (FULL HD) 60 HZ COR BRANCA;
588;10691;06/05/2016 ; 06/05/2019;;PHILIPS;C240P4QPYEW;MONITOR DE VIDEO LCD ; 24 POLEGADAS RESOLUÇÃO MÁXIMA: 1920 X 1080 (FULL HD) 60 HZ COR BRANCA;
589;10750;24/08/2016 ; 24/08/2017;;ELGIN;HEFE30B2IA;CENTRAL DE AR CONDICIONADO ; TIPO SPLIT POTÊNCIA DE 30 MIL BTU'S TIPO FRIO COM CONTROLE REMOTO SEM FIO VOLTAGEM: 220V COR BRANCA UNIDADE EXTERNA: A16045328115W00249;
590;10751;31/08/2016 ; 31/08/2017;;ELGIN;HEFE18B2IA;MINI-CENTRAL DE AR CONDICIONADO ; TIPO SPLIT POTÊNCIA DE 18 MIL BTU'S TIPO FRIO COM CONTROLE REMOTO SEM FIO VOLTAGEM: 220V COR BRANCA UNIDADE EXTERNA: A16026072606W00204;
591;10780;04/11/2016 ; 04/11/2017;;SCHNEIDER;BCR-2010;MOTO BOMBA CENTRIFUGA ; POTÊNCIA DE 3/4 CV 60HZ RPM 3500 VAZÃO MÁXIMA DE 5;1 M³/H VOLTAGEM 127V;;
592;10787;17/01/2017 ; 17/01/2018;;ELGIN;R-410A;CENTRAL DE AR CONDICIONADO ; POTÊNCIA 60000BTUS COR BRANCA UNIDADE EXTERNA: 03065854  - MARCA: ELGIN; 220V -TRIFÁSICO - PEFI60B2NA;;
593;10789;17/01/2017 ; 17/01/2018;;ELGIN;R-410A;CENTRAL DE AR CONDICIONADO ; POTÊNCIA: 60000BTUS COR BRANCA UNIDADE EXTERNA: 03065769 - MARCA: ELGIN; 220V - TRIFÁSICO - PEFI60B2NA;;
594;10812;16/02/2017 ; 16/02/2018;;ELGIN;HEFE24B2IA;CENTRAL DE AR CONDICIONADO ; POTÊNCIA: 24 MIL BTUS CICLO FRIO 220V FREQUÊNCIA 60 HZ (7032 KW) UNIDADE EXTERNA: 03272799;
595;10813;16/02/2017 ; 16/02/2018;;ELGIN;HEFE48B2IA;CENTRAL DE AR CONDICIONADO ; POTÊNCIA: 48 MIL BTUS CICLO FRIO 220V FREQUÊNCIA 60 HZ (14;06 KW) UNIDADE EXTERNA: 03260091;;
596;10817;02/03/2017 ; 02/03/2018;;AGL;P-20;INTERFONE  ; INTERFONE PORTEIRO ELETRÔNICO RESIDENCIAL ECP BIVOLT MONOFONE - PORTEIRO ELETRÔNICO CINZA CLARO;
597;10978;14/03/2018 ; 14/03/2019;;ELGIN;TSF 8001;APARELHO TELEFONICO SEM FIO ; COM IDENTIFICADOR DE CHAMADAS DTMF E FSK AGENDA PARA 50 CONTATOS DISPLAY EM CRISTAL LÍQUIDO MODO VIVA VOZ COR PRETA;
598;10987;14/03/2018 ; 14/03/2019;;ELGIN;TSF 8001;APARELHO TELEFONICO SEM FIO ; COM IDENTIFICADOR DE CHAMADAS DTMF E FSK AGENDA PARA 50 CONTATOS DISPLAY EM CRISTAL LÍQUIDO MODO VIVA VOZ COR PRETA;
599;11006;14/03/2018 ; 14/03/2019;;ELGIN;TSF 8001;APARELHO TELEFONICO SEM FIO ; COM IDENTIFICADOR DE CHAMADAS DTMF E FSK AGENDA PARA 50 CONTATOS DISPLAY EM CRISTAL LÍQUIDO MODO VIVA VOZ COR PRETA;
600;11010;;;SAMSUNG;ML-3710ND;Z5HABAGBC01805N;IMPRESSORA LASER ; MONOCROMÁTICA;
601;11011;;;SAMSUNG;ML-3710ND;Z5HABAGBC01867R;IMPRESSORA LASER ; MONOCROMÁTICA;
602;11015;;;SAMSUNG;ML-3710ND;Z5HABAGBC02107E;IMPRESSORA LASER ; MONOCROMÁTICA;
603;11018;;;SAMSUNG;ML-3710ND;Z5HABAGBC01401V;IMPRESSORA LASER ; MONOCROMÁTICA;
604;11334;;;;;;BALCAO DE ATENDIMENTO - EM MDF SOB MEDIDA ; BALCÃO DE ATENDIMENTO;;
605;11343;16/11/2018 ; 16/11/2019;;RAGTECH;EASY WAY;NO BREAK  ; POTENCIA 1600VA 8 TOMADASTRIVOLT COR PRETA;
606;11352;22/11/2018 ; 22/11/2019;;TS SHARA;;NO BREAK  ; POTENCIA 700VA; 6 TOMADAS; BIVOLT; COR PRETA;;
607;11354;22/11/2018 ; 22/11/2019;;TS SHARA;;NO BREAK  ; POTENCIA 700VA; 6 TOMADAS; BIVOLT; COR PRETA;;
608;11400;;;SAMSUNG;SL-M3375FD;ZEROBQAD900207;IMPRESSORA LASER ; MULTIFUNCIONAL;
609;11423;;;SAMSUNG;ML-3710ND;Z5HABAGBC01036P;IMPRESSORA LASER ; MONOCROMÁTICA;
610;11432;;;SAMSUNG;ML-3710ND;Z5HABAGBC01007W;IMPRESSORA LASER ; MONOCROMÁTICA;
611;11435;;;SAMSUNG;ML-3710ND;Z5HABAGBC02237V;IMPRESSORA LASER ; MONOCROMÁTICA;
612;11461;25/04/2019 ; 25/04/2020;;TS SHARA;;NO BREAK  ; NOBREAK MARCA TS SHARA MODELO POWERUPS 700 COD 4008 CARACTERÍSTICAS; 700VA DE POTÊNCIA - TECNOLOGIA SMD - ENTRADA E SAIDA MONOVOLT 115V - FILTRO DE LINHA INTEGRADO - DISPONÍVEL NA COR: BLACK - MICROPROCESSADOR CISC / FLASH;
613;11465;25/04/2019 ; 25/04/2020;;TS SHARA;;NO BREAK  ; NOBREAK MARCA TS SHARA MODELO POWERUPS 700 COD 4008 CARACTERÍSTICAS; 700VA DE POTÊNCIA - TECNOLOGIA SMD - ENTRADA E SAIDA MONOVOLT 115V - FILTRO DE LINHA INTEGRADO - DISPONÍVEL NA COR: BLACK - MICROPROCESSADOR CISC / FLASH;
614;11746;18/12/2019 ; 18/12/2024;;DELL;;MONITOR DE VIDEO LCD ; MONITOR DELL DE 23 POLEGADAS MODELO P2319H SERVICE TAG H22C2W2;
615;41486;;;HP;PROBOOK 4430S;BRG207F0Q3;NOTEBOOK COM PROCESSADOR ; PROCESSADOR INTEL CORE I3 2330M; MEMÓRIA DE 2GB; DISCO RÍGIDO DE 300GB;;
616;41534;;;HP;PROBOOK 4430S;BRG207F0ZT;NOTEBOOK COM PROCESSADOR ; PROCESSADOR INTEL CORE I3 2330M; MEMÓRIA DE 2GB; DISCO RÍGIDO DE 300GB;;
617;43642;;;DELL;E198FPB;OG256H7426188UENGL;MONITOR LCD - CRISTAL LIQUIDO ; 19 POLEGADAS COR PRETA;
618;43662;;;DELL;E198FPB;OG256H7426188UENJL;MONITOR LCD - CRISTAL LIQUIDO ; 19 POLEGADAS COR PRETA;
619;46658;;;HP;W1942PEU;BRG1110HRJ;MONITOR LCD - CRISTAL LIQUIDO ; 19 POLEGADAS COR PRETA;
620;46824;;;HP;W1942PEU;BRG1110GZV;MONITOR LCD - CRISTAL LIQUIDO ; 19 POLEGADAS COR PRETA;
621;46851;;;HP;W1942PEU;BRG1110DP6;MONITOR LCD - CRISTAL LIQUIDO ; 19 POLEGADAS COR PRETA;
622;46934;;;HP;W1942PEU;BRG1110JXM;MONITOR LCD - CRISTAL LIQUIDO ; 19 POLEGADAS COR PRETA;
623;46944;;;HP;W1942PEU;BRG1110FFC;MONITOR LCD - CRISTAL LIQUIDO ; 19 POLEGADAS COR PRETA;
624;46968;;;HP;W1942PEU;BRG1110;MONITOR LCD - CRISTAL LIQUIDO ; 19 POLEGADAS COR PRETA;
625;47264;;;HP;W1942PEU;BRG1110JZ2;MONITOR LCD - CRISTAL LIQUIDO ; 19 POLEGADAS COR PRETA;
626;47934;;;POSITIVO;POST-AT SERIES K (I5PE);1A339PN2T;MICROCOMPUTADOR COM PROCESSADOR ; INTEL I5 650 DE 32GHZ MEMÓRIA 4GB DDR3 PC10660 DISCO RÍGIDO DE 500GB GRAVADORA DE CD 48X E DVD 22X DRIVE DE DISQUETE COM BARRAMENTO DE 1333MHZ CAIXA DE SOM INTERNA INTERFACES: 10 USB; 1 E-SATA; 1 DISPLAY E 1 RGB;;
627;47976;;;POSITIVO;POST-AT SERIES K (I5PE);1A339Y940;MICROCOMPUTADOR COM PROCESSADOR ; INTEL I5 650 DE 32GHZ MEMÓRIA 4GB DDR3 PC10660 DISCO RÍGIDO DE 500GB GRAVADORA DE CD 48X E DVD 22X DRIVE DE DISQUETE COM BARRAMENTO DE 1333MHZ CAIXA DE SOM INTERNA INTERFACES: 10 USB; 1 E-SATA; 1 DISPLAY E 1 RGB;;
628;48341;;;POSITIVO;POST-AT SERIES K (I5PE);1A335HDOT;MICROCOMPUTADOR COM PROCESSADOR ; INTEL I5 650 DE 32GHZ MEMÓRIA 4GB DDR3 PC10660 DISCO RÍGIDO DE 500GB GRAVADORA DE CD 48X E DVD 22X DRIVE DE DISQUETE COM BARRAMENTO DE 1333MHZ CAIXA DE SOM INTERNA INTERFACES: 10 USB; 1 E-SATA; 1 DISPLAY E 1 RGB;;
629;63105;;;POSITIVO;;;TECLADO PARA MICROCOMPUTADOR ; PADRÃO DO TECLADO ABNT2;
630;63126;;;POSITIVO;;;TECLADO PARA MICROCOMPUTADOR ; PADRÃO DO TECLADO ABNT2;
631;63145;;;POSITIVO;;;TECLADO PARA MICROCOMPUTADOR ; PADRÃO DO TECLADO ABNT2;
632;401192;;;;;;LIVRO - - EDICAO: 10ª - TÍTULO: CÓDIGO PENAL COMENTADO - AUTOR: GULHERME DE SOUZA NUCCI - EDITORA: RT - ANO DE PUBLICACAO: 2010;;
633;820613;09/08/2002 ; 09/08/2004;;IBM;;PAR DE CAIXA DE SOM PARA MICROCOMPUTADOR;;
634;820617;09/08/2002 ; 09/08/2004;;IBM;;PAR DE CAIXA DE SOM PARA MICROCOMPUTADOR;;
635;820618;09/08/2002 ; 09/08/2004;;IBM;;PAR DE CAIXA DE SOM PARA MICROCOMPUTADOR;;
636;820634;;;IBM;;;PAR DE CAIXA DE SOM PARA MICROCOMPUTADOR;;
637;820936;30/12/2003 ; 03/11/2004;;;;CENTRAL DE ALARME 4 SETORES;;
638;820953;;;;;;BARRACA DE CAMPING ; ESTRUTURA EM TUBO DE FERRO; 3X3X2;5 - BRANCA;;
639;820954;;;;;;BARRACA DE CAMPING ; ESTRUTURA EM TUBO DE FERRO; 3X3X2;5 - BRANCA;;
640;821151;06/06/2006 ; 20/04/2006;;SONY;PCS A1;MICROFONE ;;
641;821153;16/06/2006 ; 05/06/2009;;SONY;PCS-R1;CONTROLE REMOTO CODEC;;
642;821232;28/09/2006 ; 28/03/2007;;RATTAN;ALTO RELEVO;PERSIANA  VERTICAL ; MAT DE PVC - COR BEGE - TAM 2;20 X 1;40M;;
643;821234;28/09/2006 ; 28/03/2007;;RATTAN;ALTO RELEVO;PERSIANA  VERTICAL ; MAT DE PVC - COR BEGE - TAM 2;20 X 1;40M;;
644;821235;28/09/2006 ; 28/03/2007;;RATTAN;ALTO RELEVO;PERSIANA  VERTICAL ; MAT DE PVC - COR BEGE - TAM 2;20 X 1;40M;;
645;821307;28/09/2006 ; 28/03/2007;;RATTAN;LISA;PERSIANA  VERTICAL ; MAT DE PVC - COR BEGE - TAM 2;20X1;40M;;
646;821308;28/09/2006 ; 28/03/2007;;RATTAN;LISA;PERSIANA  VERTICAL ; MAT DE PVC - COR BEGE - TAM 2;20X1;40M;;
647;821309;28/09/2006 ; 28/03/2007;;RATTAN;LISA;PERSIANA  VERTICAL ; MAT DE PVC - COR BEGE - TAM 2;20X1;40M;;
648;821311;28/09/2006 ; 28/03/2007;;RATTAN;LISA;PERSIANA  VERTICAL ; MAT DE PVC - COR BEGE - TAM 2;20X1;40M;;
649;821312;28/09/2006 ; 28/03/2007;;RATTAN;LISA;PERSIANA  VERTICAL ; MAT DE PVC - COR BEGE - TAM 2;20X1;40M;;
650;821313;28/09/2006 ; 28/03/2007;;RATTAN;LISA;PERSIANA  VERTICAL ; MAT DE PVC - COR BEGE - TAM 2;20X1;40M;;
651;821314;28/09/2006 ; 28/03/2007;;RATTAN;LISA;PERSIANA  VERTICAL ; MAT DE PVC - COR BEGE - TAM 2;20X1;40M;;
652;821410;;;;;;PERSIANA  VERTICAL ; PVC LISO NA COR BEGE ESCURO; LARGURA DA LÃMINA 90MM; MEDINDO 2;00X1;50;;
653;821411;;;;;;PERSIANA  VERTICAL ; PVC LISO NA COR BEGE ESCURO; LARGURA DA LÃMINA 90MM; MEDINDO 2;00X1;50;;
654;821486;24/06/2009 ; 24/06/2010;;VISOGRAF;SUPFORCE;SUPORTE PARA TELEVISAO ; LCD/PLASMA; TIPO ARTICULÁVEL;;
655;821488;;;;;;PERSIANA  VERTICAL ; EM PVC; MEDINDO 2;67M (LARGURA) X 1;50M (ALTURA);;
656;821489;;;;;;PERSIANA  VERTICAL ; EM PVC; MEDINDO 2;67M (LARGURA) X 1;50M (ALTURA);;
657;821490;;;;;;PERSIANA  VERTICAL ; EM PVC; MEDINDO 2;30M (LARGURA) X 1;50M (ALTURA);;
658;821491;;;;;;PERSIANA  VERTICAL ; EM PVC; MEDINDO 2;30M (LARGURA) X 1;50M (ALTURA);;
659;821492;;;;;;PERSIANA  VERTICAL ; EM PVC; MEDINDO 2;30M (LARGURA) X 1;50M (ALTURA);;
660;822053;;;DECORACRE;;;PERSIANA  VERTICAL ; EM PVC MEDIDAS: 1;20M (A) X 1;38M (L);;
661;822054;;;DECORACRE;;;PERSIANA  VERTICAL ; EM PVC MEDIDAS: 1;20M (A) X 1;38M (L);;
662;822117;;;;;;DIVISORIA EM FORMICA ; ESPESSURA DE 35MM PAINEL CEGO MONTANTES DE ALUMÍNIO ANODIZADO ;
663;60070923;;;INTEGRATED BIOMETRICS;WATSON MINI;150601924;KIT BIO LEITOR OTICO DE DIGITAIS;;
664;60104921;;;AKIYAMA;AK-MCP 14V;150501922;KIT BIO MODULO CENARIO;;
