Item,Patrimonio,Sit Física,Valor de Aquisição,Valor Bruto Atual,Garantia_inicio,Garantia_fim,Modelo,Descricao,Caraacteristicas
1,10,INSERVIVEL,110,11,,,,MESA PARA MAQUINA DE ESCREVER EM MADEIRA,CLARA COM 02 GAVETAS
2,28,INSERVIVEL,"134,4","13,44",,,,MESA PARA ESCRITORIO EM MADEIRA,CLARA COM 03 GAVETAS
3,93,INSERVIVEL,145,"14,5",,,,ARQUIVO EM ACO,COR CINZA COM 04 GAVETAS
4,128,INSERVIVEL,"156,09","15,61",,,,ARQUIVO EM ACO,COR CINZA COM 04 GAVETAS
5,179,INSERVIVEL,89,"8,9",,,,POLTRONA FIXA EM TECIDO,COR VERMELHA COM ESTRUTURA EM METAL SOBRE LONGARINA
6,181,INSERVIVEL,89,"8,9",,,,POLTRONA FIXA EM TECIDO,COR VERMELHA COM ESTRUTURA EM METAL SOBRE LONGARINA
7,182,INSERVIVEL,89,"8,9",,,,POLTRONA FIXA EM TECIDO,COR VERMELHA COM ESTRUTURA EM METAL SOBRE LONGARINA
8,199,INSERVIVEL,110,11,,,,POLTRONA FIXA EM TECIDO,COR VERMELHA COM ESTRUTURA EM METAL SOBRE LONGARINA
9,200,INSERVIVEL,110,11,,,,POLTRONA FIXA EM TECIDO,COR VERMELHA COM ESTRUTURA EM METAL SOBRE LONGARINA
10,202,INSERVIVEL,110,11,,,,POLTRONA FIXA EM TECIDO,COR VERMELHA COM ESTRUTURA EM METAL SOBRE LONGARINA
11,219,INSERVIVEL,89,"8,9",,,,POLTRONA FIXA EM TECIDO,COR VERMELHA COM ESTRUTURA EM METAL SOBRE LONGARINA
12,220,INSERVIVEL,89,"8,9",,,,POLTRONA FIXA EM TECIDO,COR VERMELHA COM ESTRUTURA EM METAL SOBRE LONGARINA
13,221,INSERVIVEL,89,"8,9",,,,POLTRONA FIXA EM TECIDO,COR VERMELHA COM ESTRUTURA EM METAL SOBRE LONGARINA
14,222,INSERVIVEL,89,"8,9",,,,POLTRONA FIXA EM TECIDO,COR VERMELHA COM ESTRUTURA EM METAL SOBRE LONGARINA
15,225,INSERVIVEL,110,11,,,,POLTRONA FIXA EM TECIDO,COR VERMELHA COM ESTRUTURA EM METAL SOBRE LONGARINA
16,465,INSERVIVEL,83,"8,3",,,SUPER HOBBY,FURADEIRA ELETRICA PORTATIL,
17,616,INSERVIVEL,215,"21,5",,,,MESA PARA MICROCOMPUTADOR,COM ACABAMENTO EM LAMINADO MELAMINICO
18,772,INSERVIVEL,200,20,,,,ESTANTE EM MADEIRA,CLARA COM 03 PRATELEIRAS E 02 PORTAS
19,852,INSERVIVEL,430,43,,,104,BALANCA DE PLATAFORMA,
20,1030,INSERVIVEL,341,"34,1",,,CTP-3791 P,TELEVISOR EM CORES,14 POLEGADAS
21,1053,INSERVIVEL,100,10,,,,MESA DE CENTRO,CLARA COM 03 PRATELEIRAS
22,1074,INSERVIVEL,341,"34,1",,,CTP-3791P,TELEVISOR EM CORES,14 POLEGADAS
23,1230,INSERVIVEL,93,"9,3",,,,GAVETEIRO VOLANTE EM MADEIRA,COM ACABAMENTO EM LAMINADO MELAMINICO COM 05 GAVETAS
24,1411,INSERVIVEL,141,"14,1",,,,MESA PARA ESCRITORIO EM MADEIRA,CLARA COM 03 GAVETAS
25,1895,INSERVIVEL,234,"23,4",,,,TELA PARA PROJECAO,
26,2063,INSERVIVEL,247,"24,7",,,GELAGUA,BEBEDOURO DE AGUA TIPO GARRAFAO,COR BEGE COM 02 TORNEIRAS
27,2082,INSERVIVEL,"83,2","8,32",,,,MESA PARA MAQUINA DE ESCREVER EM MADEIRA,CLARA COM 02 GAVETAS
28,2110,INSERVIVEL,380,38,,,,FICHARIO EM ACO,COR CINZA COM 08 GAVETAS
29,2111,INSERVIVEL,380,38,,,,FICHARIO EM ACO,COR CINZA COM 08 GAVETAS
30,2112,INSERVIVEL,380,38,,,,FICHARIO EM ACO,COR CINZA COM 08 GAVETAS
31,2150,INSERVIVEL,380,38,,,,FICHARIO EM ACO,COR CINZA COM 08 GAVETAS
32,2158,INSERVIVEL,190,19,,,VERONA,FOGAO TIPO RESIDENCIAL,COR BRANCA COM 04 QUEIMADORES
33,2291,INSERVIVEL,220,22,,,80,BOMBA PARA ABASTECIMENTO - GERADOR,
34,2292,INSERVIVEL,180,18,,,,EXTINTOR DE INCENDIO PQS,CAPACIDADE 04 QUILOS
35,2464,INSERVIVEL,"259,68","25,97",,,105GFNI,BEBEDOURO DE AGUA TIPO GARRAFAO,COM 02 TORNEIRAS
36,2590,INSERVIVEL,130,13,,,,ARQUIVO EM ACO,COR CINZA COM 04 GAVETAS
37,2618,INSERVIVEL,"83,72","8,37",,,,CADEIRA GIRATORIA EM TECIDO,COR PRETA COM ESTRUTURA EM METAL
38,2652,INSERVIVEL,399,"39,9",16/08/2000,14/08/2001,,REFRIGERADOR TIPO FRIGOBAR,
39,2902,INSERVIVEL,106,"10,6",,,,BANCO DE ESPERA EM PALHINA,C/ 03 LUGARES
40,2904,INSERVIVEL,106,"10,6",,,,BANCO DE ESPERA EM PALHINA,C/ 03 LUGARES
41,2907,INSERVIVEL,106,"10,6",,,,BANCO DE ESPERA EM PALHINA,C/ 03 LUGARES
42,3128,INSERVIVEL,160,16,22/06/2001,20/06/2002,,MESA PARA ESCRITORIO EM MADEIRA,DE LEI TIPO SECRETÁRIA C/ 03 GAVETAS MED 1 30 X 0 70 X 0 74 M
43,3133,INSERVIVEL,160,16,22/06/2001,20/06/2002,,MESA PARA ESCRITORIO EM MADEIRA,DE LEI TIPO SECRETARIA C/ 3 GAVETAS MED 1 30X0 70X0 74M
44,3135,INSERVIVEL,160,16,22/06/2001,20/06/2002,,MESA PARA ESCRITORIO EM MADEIRA,DE LEI TIPO SECRETÁRIA C/ 03 GAVETAS MED 1 30 X 0 70 X 0 74 M
45,3136,INSERVIVEL,160,16,22/06/2001,20/06/2002,,MESA PARA ESCRITORIO EM MADEIRA,DE LEI TIPO SECRETÁRIA C/ 03 GAVETAS MED 1 30 X 0 70 X 0 74 M
46,3256,INSERVIVEL,3499,"349,9",29/08/2001,12/08/2002,,PAINEL ELETRONICO,COM IMPRESSORA PARA SENHA(SÉRIE: 2499010708419)
47,3328,INSERVIVEL,100,10,,,,MESA PARA ESCRITORIO EM MADEIRA,C/ 02 GAVETAS
48,3350,INSERVIVEL,190,19,18/10/2001,10/10/2002,,MESA PARA ESCRITORIO EM MADEIRA,TIPO ESCRIVANINHA
49,3388,INSERVIVEL,180,18,15/03/2002,14/03/2003,,EXTINTOR DE INCENDIO CO2,de 6 k
50,3390,INSERVIVEL,180,18,15/03/2002,14/03/2003,,EXTINTOR DE INCENDIO CO2,DE 06 K
51,3403,INSERVIVEL,3543,"354,3",14/11/2001,14/11/2001,65-5000,GRUPO GERADOR PORTATIL,GASOLINA
52,3449,INSERVIVEL,1850,185,27/12/2001,03/11/2001,,MINI-CENTRAL DE AR CONDICIONADO,SPLIT DE 12000 BTU´S
53,3513,INSERVIVEL,280,28,25/04/2002,25/04/2003,,ARMARIO PARA COZINHA EM MADEIRA,DE LEI TRABALHADO C/PRATELEIRAS INTERNAS MED 0 50X2 08X0 40M
54,3518,INSERVIVEL,"1741,5","174,15",,,,CONDICIONADOR DE AR DE PAREDE,DE 30000BTUS
55,3528,INSERVIVEL,1925,"192,5",13/05/2002,13/05/2003,,CONDICIONADOR DE AR DE PAREDE,30000 BTUS 220V
56,3548,INSERVIVEL,400,40,19/06/2002,19/06/2003,,ESTANTE EM MADEIRA,DE LEI
57,3735,INSERVIVEL,190,19,06/09/2002,06/09/2002,,MESA PARA ESCRITORIO EM MADEIRA,MEDINDO 1 25MX0 70MX0 74M COM 3 GAVETAS
58,3829,INSERVIVEL,1170,117,14/10/2002,07/10/2005,,HUB-CONCENTRADOR DE COMUNICACAO COM 12 PORTAS,CONECTOR 145 110X220
59,3870,INSERVIVEL,1185,"118,5",23/10/2002,23/10/2002,,TELEVISOR EM CORES,29 POLEGADAS/ CONTROLES
60,3871,INSERVIVEL,1185,"118,5",23/10/2002,23/10/2002,,TELEVISOR EM CORES,29 POLEGADAS/ CONTROLES
61,3876,INSERVIVEL,1185,"118,5",23/10/2002,23/10/2002,,TELEVISOR EM CORES,29 POLEGADAS/ CONTROLES
62,3901,INSERVIVEL,526,"52,6",30/10/2002,30/10/2003,EC-971B,APARELHO DE VIDEO CASSETE,DE 4 CABEÇAS C/ CONTROLE
63,3904,INSERVIVEL,526,"52,6",30/10/2002,30/10/2003,EC-971B,APARELHO DE VIDEO CASSETE,DE 4 CABEÇAS C/ CONTROLE
64,3909,INSERVIVEL,526,"52,6",30/10/2002,30/10/2003,EC-971B,APARELHO DE VIDEO CASSETE,DE 4 CABEÇAS C/ CONTROLE
65,3911,INSERVIVEL,1170,117,30/10/2002,30/10/2003,,HUB-CONCENTRADOR DE COMUNICACAO COM 12 PORTAS,CONECTOR RJ45
66,3913,INSERVIVEL,248,"24,8",07/11/2002,30/10/2003,,ARMARIO ALTO EM ACO,COM 2 PORTAS COM PRATELEIRAS INTERNAS REFORÇADAS MED APROX 200X0 40X1 00 COR CINZA
67,3977,INSERVIVEL,1650,165,11/11/2002,11/11/2003,,CONDICIONADOR DE AR DE PAREDE,DE 30000 BETUS 220 WATS
68,4013,INSERVIVEL,263,"26,3",12/12/2002,08/12/2003,38BR,SCANNER DE MESA,EASYSCAN 450P 19200DPI
69,4038,INSERVIVEL,"8074,47","807,45",16/01/2003,07/02/2005,,CPU DO SERVIDOR E SERVER 342 PIII,
70,4039,INSERVIVEL,"4935,7","493,57",16/01/2003,07/02/2005,,SWITCH SERVER,KVM
71,4043,INSERVIVEL,20500,2050,22/01/2003,13/01/2004,500,IMPRESSORA JATO DE TINTA,TIPO PLOTTER PADRÃO 16MB RESOLUÇÃO 1200 X 600 DPI
72,4094,INSERVIVEL,200,20,04/02/2003,22/01/2004,5003,CADEIRA GIRATORIA EM TECIDO,COM BRAÇO COR AZUL
73,4120,INSERVIVEL,200,20,04/02/2003,22/01/2004,5003,CADEIRA GIRATORIA EM TECIDO,COM BRAÇO COR AZUL
74,4124,INSERVIVEL,200,20,04/02/2003,22/01/2004,5003,CADEIRA GIRATORIA EM TECIDO,COM BRAÇO COR AZUL
75,4125,INSERVIVEL,200,20,04/02/2003,22/01/2004,5003,CADEIRA GIRATORIA EM TECIDO,COM BRAÇO COR AZUL
76,4142,INSERVIVEL,97,"9,7",17/02/2003,23/01/2004,1516,MESA PARA MICROCOMPUTADOR,COM TAMPO DE AGLORAMERADO REVEST EM MELAMINIO C/REG DE ALT DA BASE P/TEC TAMPO MED 0 90X0 70X0 75M
77,4150,INSERVIVEL,97,"9,7",17/02/2003,23/01/2004,1516,MESA PARA MICROCOMPUTADOR,COM TAMPO DE AGLORAMERADO REVEST EM MELAMINIO C/REG DE ALT DA BASE P/TEC TAMPO MED 0 90X0 70X0 75M
78,4158,INSERVIVEL,97,"9,7",17/02/2003,23/01/2004,1516,MESA PARA MICROCOMPUTADOR,COM TAMPO DE AGLORAMERADO REVEST EM MELAMINIO C/REG DE ALT DA BASE P/TEC TAMPO MED 0 90X0 70X0 75M
79,4164,INSERVIVEL,"1833,33","183,33",04/02/2003,22/01/2004,,CONDICIONADOR DE AR DE PAREDE,30000 BTUS
80,4231,INSERVIVEL,230,23,26/05/2003,26/05/2004,,RACK EM ACO PARA HUB,PORTA EM ACRÍLICO DE PAREDE PARA HUB DE PORTAS
81,4291,INSERVIVEL,633,"63,3",11/07/2003,11/07/2004,,REFRIGERADOR TIPO RESIDENCIAL,
82,4299,INSERVIVEL,210,21,,,,ARMARIO SUSPENSO EM MADEIRA,EM MADEIRA DE LEI MEDINDO 0 60X1 51X0 40M
83,4311,INSERVIVEL,"862,5","86,25",,,,MESA PARA ESCRITORIO EM MADEIRA,EM CURVA COM 6 GAVETAS MEDINDO 1 50X232 CM DE COMPRIMENTO
84,4317,INSERVIVEL,620,62,28/07/2003,28/07/2004,,MESA PARA REUNIAO EM MELAMINIO,FORMATO OVAL MEDINDO 2 30X1 20X0 74M NA CINZA
85,4411,INSERVIVEL,120,12,28/11/2003,19/11/2004,,MALETA PARA DOCUMENTOS,
86,4450,INSERVIVEL,228,"22,8",11/06/2004,09/06/2005,EL-1801P,CALCULADORA PROFISSIONAL DE MESA,COM VISOR FITA E BOBINA VISOR DE CRISTAL LIQUIDO COM NUMEROS GRANDES CALCULOS DE PORCENTAGEM
87,4454,INSERVIVEL,228,"22,8",11/06/2004,09/06/2005,EL-1801P,CALCULADORA PROFISSIONAL DE MESA,COM VISOR FITA E BOBINA VISOR DE CRISTAL LIQUIDO COM NUMEROS GRANDES CALCULOS DE PORCENTAGEM
88,4457,INSERVIVEL,228,"22,8",11/06/2004,09/06/2005,EL-1801P,CALCULADORA PROFISSIONAL DE MESA,COM VISOR FITA E BOBINA VISOR DE CRISTAL LIQUIDO COM NUMEROS GRANDES CALCULOS DE PORCENTAGEM
89,4496,INSERVIVEL,228,"22,8",,,,MESA PARA MICROCOMPUTADOR,EM MELAMÍNIO MEDINDO 1 60 X 0 68 X 074 M
90,4565,INSERVIVEL,500,50,30/06/2004,28/06/2005,,MESA PARA ESCRITORIO EM MADEIRA,MAÇICA MEDINDO 160X76X74 COM 6 GAVETAS
91,4633,INSERVIVEL,235,"23,5",06/07/2004,02/07/2005,,ARQUIVO EM ACO,COM 4 GAVETAS
92,4647,INSERVIVEL,398,"39,8",06/07/2004,01/07/2005,,NO BREAK,1200 VA NET STATION
93,4659,INSERVIVEL,"1662,5","166,25",07/07/2004,07/07/2005,,CONDICIONADOR DE AR DE PAREDE,21000 BTUS
94,4660,INSERVIVEL,"1662,5","166,25",07/07/2004,07/07/2005,,CONDICIONADOR DE AR DE PAREDE,21000 BTUS
95,4665,INSERVIVEL,"1662,5","166,25",07/07/2004,07/07/2005,,CONDICIONADOR DE AR DE PAREDE,21000 BTUS
96,4880,INSERVIVEL,360,36,,,,ARMARIO ALTO EM MELAMINIO,COM 2 PORTAS MEDINDO 1 60X40X100
97,4881,INSERVIVEL,360,36,,,,ARMARIO ALTO EM MELAMINIO,COM 2 PORTAS MEDINDO 1 60X40X100
98,4889,INSERVIVEL,"1149,09","114,91",,,,ESTANTE EM ACO,COM 5 PRATELEIRAS MED 3 00X0 60X16M
99,4892,INSERVIVEL,104,"10,4",28/07/2004,27/07/2005,,EXTINTOR DE INCENDIO PÓ QUÍMICO PRESSURIZADO,4 KG
100,4894,INSERVIVEL,"1149,09","114,91",,,,ESTANTE EM ACO,COM 5 PRATELEIRAS MED 3 00X0 60X16M
101,4923,INSERVIVEL,"132,22","13,22",,,,CARRINHO COM BANDEIJA PLÁSTICA,ESTRUTURA EM AÇO NA COR PRETA
102,4945,INSERVIVEL,700,70,13/08/2004,01/08/2005,,DVD-218,DVD PLAYER
103,4965,INSERVIVEL,"492,52","49,25",,,,BANCADA DE TRABALHO,COM 3 00X0 50X0 82CM RODÍZIO COM FREIOS 16 TOMADAS FÊMEAS BIPOLAR E CABO COM TOMADA
104,5002,INSERVIVEL,247,"24,7",,,,ARMARIO ALTO EM MELAMINIO,COM DUAS PORTAS NA COR CINZA - MEDINDO 0 90X0 44X1 60M
105,5026,INSERVIVEL,98,"9,8",20/09/2004,20/09/2004,,TAIFF TURBO,SECADOR DE CABELO PORTATIL
106,5045,INSERVIVEL,169,"16,9",18/10/2004,15/04/2005,,MESA PARA MICROCOMPUTADOR,EM MELAMINIO MED 1 70X0 68X0 75
107,5048,INSERVIVEL,694,694,28/10/2004,14/09/2004,KX-FT71LA-B,APARELHO DE FAX,
108,5049,INSERVIVEL,694,694,28/10/2004,14/09/2004,KX-FT71LA-B,APARELHO DE FAX,
109,5052,INSERVIVEL,694,694,28/10/2004,14/09/2004,KX-FT71LA-B,APARELHO DE FAX,
110,5056,INSERVIVEL,694,694,28/10/2004,14/09/2004,KX-FT71LA-B,APARELHO DE FAX,
111,5267,INSERVIVEL,"594,97","59,5",02/12/2004,01/12/2005,BC-92S HB,MOTO BOMBA CENTRIFUGA,MONO-ESTÁGIO 1 1/2 CV/220V SUCCÃO 11/4 E CHAVE DE COMANDO 1 1/2CV 220V
112,5273,INSERVIVEL,240,24,16/12/2004,09/06/2005,,MESA PARA MICROCOMPUTADOR,EM MADEIRA MEDINDO 120X075X060 COM 01 GAVETA PARA TECLADO
113,5330,INSERVIVEL,225,"22,5",,,,EXTINTOR DE INCENDIO CO2,COM 6 KG
114,5331,INSERVIVEL,225,"22,5",,,,EXTINTOR DE INCENDIO CO2,COM 6 KG
115,5507,INSERVIVEL,"273,09","27,31",,,,CADEIRA GIRATÓRIA S/BRAÇOS,COM ASSENTO E ENCOSTO EM ESPUMA
116,5509,INSERVIVEL,"273,09","27,31",,,,CADEIRA GIRATÓRIA S/BRAÇOS,COM ASSENTO E ENCOSTO EM ESPUMA
117,5521,INSERVIVEL,"131,03","13,1",,,,CADEIRA FIXA S/BRAÇO,COM ASSENTO E ENCOSTO EM ESPUMA INJETÁVEL
118,5526,INSERVIVEL,"131,03","13,1",,,,CADEIRA FIXA S/BRAÇO,COM ASSENTO E ENCOSTO EM ESPUMA INJETÁVEL
119,5612,INSERVIVEL,"267,2","26,72",,,,POLTRONA FIXA COM BRAÇO,
120,5626,INSERVIVEL,"511,86","51,19",,,,MESA PARA REUNIÃO,EM FORMA REDONDA
121,5630,INSERVIVEL,2500,250,,,,MESA INTEGRADA,COM PAINEL FRONTAL E HORIZONTAL COM 4 SUPORTES PARA CPU
122,5740,INSERVIVEL,"370,2","37,02",,,,POLTRONA FIXA,EM COURO SINTETICO SOBRE LONGARINA
123,5741,INSERVIVEL,"370,2","37,02",,,,POLTRONA FIXA,EM COURO SINTETICO SOBRE LONGARINA
124,5760,INSERVIVEL,"370,2","37,02",,,,POLTRONA FIXA,EM COURO SINTETICO SOBRE LONGARINA
125,5761,INSERVIVEL,"370,2","37,02",,,,POLTRONA FIXA,EM COURO SINTETICO SOBRE LONGARINA
126,5762,INSERVIVEL,"370,2","37,02",,,,POLTRONA FIXA,EM COURO SINTETICO SOBRE LONGARINA
127,5763,INSERVIVEL,"370,2","37,02",,,,POLTRONA FIXA,EM COURO SINTETICO SOBRE LONGARINA
128,5790,INSERVIVEL,"773,94","77,39",,,,BANCADA DE TRABALHO,ESTRUTURA METALICA NA COR PRETA COM TAMPO EM MELAMINIO BRANCO GELO MED 2 75X0 50X0 82 COM RODÍZIOS
129,5807,INSERVIVEL,1000,100,,,,MESA EM MELAMINIO,
130,5809,INSERVIVEL,"5310,02",531,,,,MESA INTEGRADA,TIPO U COM 2 SUPORTES PARA CPU
131,5887,INSERVIVEL,340,34,22/07/2005,22/07/2006,5012-03 + 5021,CADEIRA GIRATORIA EM TECIDO,NA COR AZUL MARINH0
132,5892,INSERVIVEL,340,34,22/07/2005,22/07/2006,5012-03 + 5021,CADEIRA GIRATORIA EM TECIDO,NA COR AZUL MARINH0
133,5906,INSERVIVEL,340,34,22/07/2005,22/07/2006,5012-03 + 5021,CADEIRA GIRATORIA EM TECIDO,NA COR AZUL MARINH0
134,5938,INSERVIVEL,500,50,,,,BALCAO EM MADEIRA,MACIÇA MEDINDO 3 95 X1 30X0 60M
135,5947,INSERVIVEL,690,69,12/08/2005,12/08/2006,,FOGAO TIPO RESIDENCIAL,COM COM 04 BOCAS
136,5975,INSERVIVEL,260,26,,,,MOTO BOMBA CENTRIFUGA,1/2 CV COM SAÍDA 3/4
137,5992,INSERVIVEL,"261,38","26,14",,,,EXTINTOR DE INCENDIO CO2,6 KG
138,6000,INSERVIVEL,200,20,,,,PRATELEIRA COM TAMPA,EM MADEIRA ESTRUTURA DE FERRO COM SUPORTE E MÃO-DE-FORCA INSTALADA PARTIR 2 METROS DE ALTURA DO CHÃO PROFUNDIDADE DE 40 CM ALTURA DE 50 CM CADA UMA 1 (UMA) PARTE DE 3 METROS E 1(UMA) PARTE DE 4 METROS
139,6001,INSERVIVEL,200,20,,,,PRATELEIRA COM TAMPA,EM MADEIRA ESTRUTURA DE FERRO COM SUPORTE E MÃO-DE-FORCA INSTALADA PARTIR 2 METROS DE ALTURA DO CHÃO PROFUNDIDADE DE 40 CM ALTURA DE 50 CM CADA UMA 1 (UMA) PARTE DE 3 METROS E 1(UMA) PARTE DE 4 METROS
140,6002,INSERVIVEL,1248,"124,8",22/12/2005,22/12/2006,MCA105BB,CONDICIONADOR DE AR DE PAREDE,10000BTUS DE 220WATS
141,6003,INSERVIVEL,1248,"124,8",22/12/2005,22/12/2006,MCA105BB,CONDICIONADOR DE AR DE PAREDE,10000BTUS DE 220WATS
142,6066,INSERVIVEL,"241,88","24,19",24/02/2006,24/02/2008,,MONITOR DE VIDEO POLICROMATICO,
143,6070,INSERVIVEL,"199,92","19,99",24/02/2006,24/02/2008,,TECLADO PARA MICROCOMPUTADOR,
144,6159,INSERVIVEL,"2869,5","286,95",,,,MICROCOMPUTADOR COM PROCESSADOR PENTIUM IV,
145,6205,INSERVIVEL,150,15,22/04/2006,16/03/2009,,MONITOR DE VIDEO POLICROMATICO,
146,6307,INSERVIVEL,523,"52,3",,,DT-320,DVD PLAYER,PORTÁTIL
147,6308,INSERVIVEL,"656,01","656,01",,,2G 3201,ROTEADOR PARA REDES,
148,6315,INSERVIVEL,364,"36,4",,,,GAVETEIRO VOLANTE EM MELAMINIO,COM 3 GAVETAS / CHAVES NA COR CINZA
149,6323,INSERVIVEL,2500,250,06/06/2006,20/04/2007,KV-34FS110,TELEVISOR EM CORES,34 POLEGADAS
150,6328,INSERVIVEL,"3495,32","349,53",07/06/2006,01/03/2009,2950T,SWITCH,
151,6369,INSERVIVEL,259,259,30/08/2006,30/01/2007,D-203,DVD PLAYER,
152,6379,INSERVIVEL,1746,1746,05/09/2006,29/01/2007,MAP 60CSX,APARELHO DE GPS,(SISTEMA DE POSICIONAMENTO GLOBAL)
153,6399,INSERVIVEL,4035,4035,,,,BALCAO PARA ATENDIMENTO,EM MELAMINIO COM PAINÉIS 1 20 X0 73M 1MEDINDO 0 90X1 08M COM DOIS MÓDULOS
154,6400,INSERVIVEL,4035,4035,,,,BALCAO PARA ATENDIMENTO,EM MELAMINIO COM PAINÉIS 1 20 X0 73M 1MEDINDO 0 90X1 08M - COM DOIS MÓDULOS
155,6463,BOM,"1435,25","1435,25",29/12/2006,12/12/2007,SILENTIA,MINI-CENTRAL DE AR CONDICIONADO,TIPO SPLIT CAPACIDADE 12000 BTUS
156,6464,INSERVIVEL,"1435,25","1435,25",29/12/2006,12/12/2007,SILENTIA,MINI-CENTRAL DE AR CONDICIONADO,TIPO SPLIT CAPACIDADE 12000 BTUS
157,6468,INSERVIVEL,"408,42","408,42",12/01/2007,22/06/2007,FAX-575,APARELHO DE FAX,- PAPEL PLANO
158,6496,INSERVIVEL,84,84,,,ANATÔMICA,CADEIRA FIXA EM TECIDO,NA COR AZUL MARINHO
159,6500,INSERVIVEL,223,223,,,,POLTRONA FIXA EM TECIDO SOBRE LONGARINA,NA COR AZUL MARINHO
160,6503,INSERVIVEL,223,223,,,,POLTRONA FIXA EM TECIDO SOBRE LONGARINA,NA COR AZUL MARINHO
161,6536,INSERVIVEL,"728,06","72,81",13/03/2007,13/03/2008,,MONITOR LCD - CRISTAL LIQUIDO,17 POLEGADAS
162,6541,INSERVIVEL,"728,06","72,81",13/03/2007,13/03/2008,,MONITOR LCD - CRISTAL LIQUIDO,17 POLEGADAS
163,6545,INSERVIVEL,"728,06","72,81",13/03/2007,13/03/2008,LM722,MONITOR LCD - CRISTAL LIQUIDO,17 POLEGADAS
164,6548,INSERVIVEL,"728,06","72,81",13/03/2007,13/03/2008,LM722,MONITOR LCD - CRISTAL LIQUIDO,17 POLEGADAS
165,6550,INSERVIVEL,"728,06","72,81",13/03/2007,13/03/2008,LM722,MONITOR LCD - CRISTAL LIQUIDO,17 POLEGADAS
166,6551,INSERVIVEL,"728,06","72,81",13/03/2007,13/03/2008,LM722,MONITOR LCD - CRISTAL LIQUIDO,17 POLEGADAS
167,6576,INSERVIVEL,2400,2400,16/04/2007,16/04/2008,SURTA 3000XL,NO BREAK,3KVA/ 18 KW PARA RACK 19
168,6579,INSERVIVEL,2400,2400,16/04/2007,16/04/2008,SURTA 3000XL,NO BREAK,3KVA/ 18 KW PARA RACK 19
169,6581,INSERVIVEL,394,394,04/06/2007,30/11/2007,KRU-302,RECEPTOR DE MICROFONE,SISTEMA WIRELESS MICROPHONE SYSTEM
170,6583,INSERVIVEL,350,350,07/05/2007,03/05/2008,PS 500,CAIXA ACUSTICA,DE 75 W
171,6584,INSERVIVEL,350,350,07/05/2007,03/05/2008,PS 500,CAIXA ACUSTICA,DE 75 W
172,6595,INSERVIVEL,1248,1248,20/05/2007,16/02/2008,SECRETÁRIO,ESTAÇÃO DE TRABALHO C/ UM MÓDULO - TIPO SECRETÁRIO,MEDINDO 135 X 135 X 060 X 060 X 074CM
173,6652,INSERVIVEL,1150,1150,20/05/2007,16/02/2008,PADRÃO,ARMARIO ALTO - C/ DUAS PORTAS DE CORRER,MEDINDO 090CM DE LARG 050CM DE PROF E 163CM DE ALTURA
174,6810,INSERVIVEL,150,150,04/06/2007,30/11/2007,KST-5U,MICROFONE SEM FIO,SISTEMA WIRELESS MICROPHONE SYSTEM
175,6811,INSERVIVEL,150,150,04/06/2007,30/11/2007,KST-5U,MICROFONE SEM FIO,SISTEMA WIRELESS MICROPHONE SYSTEM
176,6814,INSERVIVEL,880,880,22/06/2007,19/06/2008,CYBER-SHOT DSC-S650,CÂMERA FOTOGRÁFICA DIGITAL,72 MEGA PIXELS COM ZOOM ÓPTICO 3X E MONITOR DE LCD DE 20
177,6815,INSERVIVEL,880,880,22/06/2007,19/06/2008,CYBER-SHOT DSC-S650,CÂMERA FOTOGRÁFICA DIGITAL,72 MEGA PIXELS COM ZOOM ÓPTICO 3X E MONITOR DE LCD DE 20
178,6834,INSERVIVEL,1289,1289,09/07/2007,02/07/2008,GJ21,CONDICIONADOR DE AR DE PAREDE,DE 21000 BETUS
179,6837,INSERVIVEL,1289,1289,09/07/2007,02/07/2008,GJ21,CONDICIONADOR DE AR DE PAREDE,DE 21000 BETUS
180,6844,INSERVIVEL,"2437,6","2437,6",17/08/2007,17/08/2008,SPLIT,MINI-CENTRAL DE AR CONDICIONADO,DE 30000 BTÚS CONDENSADORA SÉRIE-471965
181,6851,INSERVIVEL,775,775,,,,BANCADA DE TRABALHO,EM MADEIRA C/ ESTRUTURA EM AÇO MEDINDO 3 METROS NA COR BRANCA COM 16 TOMADAS FEMEAS
182,6852,INSERVIVEL,775,775,,,,BANCADA DE TRABALHO,EM MADEIRA C/ ESTRUTURA EM AÇO MEDINDO 3 METROS NA COR BRANCA COM 16 TOMADAS FEMEAS
183,6854,INSERVIVEL,775,775,,,,BANCADA DE TRABALHO,EM MADEIRA C/ ESTRUTURA EM AÇO MEDINDO 3 METROS NA COR BRANCA COM 16 TOMADAS FEMEAS
184,6855,INSERVIVEL,775,775,,,,BANCADA DE TRABALHO,EM MADEIRA C/ ESTRUTURA EM AÇO MEDINDO 3 METROS NA COR BRANCA COM 16 TOMADAS FEMEAS
185,6856,INSERVIVEL,775,775,,,,BANCADA DE TRABALHO,EM MADEIRA C/ ESTRUTURA EM AÇO MEDINDO 3 METROS NA COR BRANCA COM 16 TOMADAS FEMEAS
186,6857,INSERVIVEL,775,775,,,,BANCADA DE TRABALHO,EM MADEIRA C/ ESTRUTURA EM AÇO MEDINDO 3 METROS NA COR BRANCA COM 16 TOMADAS FEMEAS
187,6858,INSERVIVEL,775,775,,,,BANCADA DE TRABALHO,EM MADEIRA C/ ESTRUTURA EM AÇO MEDINDO 3 METROS NA COR BRANCA COM 16 TOMADAS FEMEAS
188,6967,INSERVIVEL,229,229,,,,CINZEIRO LIXEIRA,INOX MEDINDO 0 30 CM DIAMETRO X 0 70 CM ALTURA
189,6968,INSERVIVEL,229,229,,,,CINZEIRO LIXEIRA,INOX MEDINDO 0 30 CM DIAMETRO X 0 70 CM ALTURA
190,6976,INSERVIVEL,789,789,,,,BANCADA DE TRABALHO,PARA SUPORTE DE URNAS ELETRÔNICAS
191,6979,INSERVIVEL,789,789,,,,BANCADA DE TRABALHO,PARA SUPORTE DE URNAS ELETRÔNICAS
192,6984,INSERVIVEL,789,789,,,,BANCADA DE TRABALHO,PARA SUPORTE DE URNAS ELETRÔNICAS
193,7044,INSERVIVEL,564,"112,8",15/04/2008,14/04/2009,CT 12,HEADSET APARELHO COM FONE DE OUVIDO E MICROFONE,SEM FIO 24 GHZ
194,7045,INSERVIVEL,564,"112,8",15/04/2008,14/04/2009,CT 12,HEADSET APARELHO COM FONE DE OUVIDO E MICROFONE,SEM FIO 24 GHZ
195,7046,INSERVIVEL,564,"112,8",15/04/2008,14/04/2009,CT 12,HEADSET APARELHO COM FONE DE OUVIDO E MICROFONE,SEM FIO 24 GHZ
196,7052,INSERVIVEL,600,120,,,FAX-575,APARELHO DE FAX,PAPEL A4
197,7053,INSERVIVEL,"151,8","151,8",,,700USX,DVD PLAYER,COM CONTROLE
198,7073,INSERVIVEL,1500,150,15/05/2008,15/05/2008,GTE-650,MESA DIGITAL,DE 6X8
199,7079,INSERVIVEL,1289,1289,30/05/2008,30/05/2008,,CONDICIONADOR DE AR DE PAREDE,21000 BTU´S TENSÃO 220 V
200,7097,INSERVIVEL,2245,2245,20/06/2008,16/06/2009,EMP-X5,PROJETOR MULTIMIDIA,RESOLUÇÃO NATIVA XGA (1024 X 768)
201,7102,INSERVIVEL,"248,16","24,82",25/06/2008,20/06/2009,G2710,SCANNER DE MESA,FOTOGRÁFICO SCANJET
202,7103,INSERVIVEL,"248,16","24,82",25/06/2008,20/06/2009,G2710,SCANNER DE MESA,FOTOGRÁFICO SCANJET
203,7115,INSERVIVEL,90,18,15/07/2008,09/07/2010,ST-P101A,HEADSET APARELHO COM FONE DE OUVIDO E MICROFONE,
204,7160,INSERVIVEL,274,"27,4",31/07/2008,11/03/2011,M56K,MODEM,EXTERNO 56K
205,7185,INSERVIVEL,"264,62","264,62",30/07/2008,24/07/2009,,POLTRONA GIRATORIA EM COURVIM,TIPO DIRETOR COM BRAÇOS ESPALDAR MÉDIO
206,7187,INSERVIVEL,"239,04","239,04",30/07/2008,24/07/2009,,POLTRONA GIRATORIA EM COURVIM,COM BRAÇOS ESPALDAR MÉDIO COR PRETA
207,7191,INSERVIVEL,"239,04","239,04",30/07/2008,24/07/2009,,POLTRONA GIRATORIA EM COURVIM,COM BRAÇOS ESPALDAR MÉDIO COR PRETA
208,7192,INSERVIVEL,"239,04","239,04",30/07/2008,24/07/2009,,POLTRONA GIRATORIA EM COURVIM,COM BRAÇOS ESPALDAR MÉDIO COR PRETA
209,7194,INSERVIVEL,"239,04","239,04",30/07/2008,24/07/2009,,POLTRONA GIRATORIA EM COURVIM,COM BRAÇOS ESPALDAR MÉDIO COR PRETA
210,7215,INSERVIVEL,"564,99","564,99",30/08/2008,04/08/2009,ADATTARE,ARMÁRIO ALTO EXECUTIVO - C/ DUAS PORTAS DE CORRER,MEDINDO 90X50X163
211,7246,INSERVIVEL,"5140,56","5140,56",15/08/2008,15/08/2009,MOBILE,BALCAO DE ATENDIMENTO - EM MDF SOB MEDIDA,BALCÃO DE ATENDIMENTO
212,7248,INSERVIVEL,100,100,15/08/2008,15/08/2009,MOBILE,SUPORTE SUPORTE PARA CPU,SUPORTE PARA CPU
213,7249,INSERVIVEL,100,100,15/08/2008,15/08/2009,MOBILE,SUPORTE SUPORTE PARA CPU,SUPORTE PARA CPU
214,7265,INSERVIVEL,"2375,99","2375,99",30/08/2008,05/08/2009,,MINI-CENTRAL DE AR CONDICIONADO,30000 BTUS
215,7272,INSERVIVEL,"379,9","40,75",10/09/2008,10/09/2009,S860,CÂMERA FOTOGRÁFICA DIGITAL,81 MEGAPIXELS ZOOM ÓPTICO 3X LCD 2 4
216,7273,INSERVIVEL,"379,9","40,75",10/09/2008,10/09/2009,S860,CÂMERA FOTOGRÁFICA DIGITAL,81 MEGAPIXELS ZOOM ÓPTICO 3X LCD 2 4
217,7275,INSERVIVEL,"379,9","40,75",10/09/2008,10/09/2009,S860,CÂMERA FOTOGRÁFICA DIGITAL,81 MEGAPIXELS ZOOM ÓPTICO 3X LCD 2 4
218,7277,INSERVIVEL,"379,9","40,75",10/09/2008,10/09/2009,S860,CÂMERA FOTOGRÁFICA DIGITAL,81 MEGAPIXELS ZOOM ÓPTICO 3X LCD 2 4
219,7279,INSERVIVEL,"379,9","40,75",10/09/2008,10/09/2009,S860,CÂMERA FOTOGRÁFICA DIGITAL,81 MEGAPIXELS ZOOM ÓPTICO 3X LCD 2 4
220,7296,INSERVIVEL,"1029,99","1029,99",27/02/2008,11/01/2009,SPLIT,MINI-CENTRAL DE AR CONDICIONADO,MINI-CENTRAL DE AR CONDICIONADO SPLIT 12000 BTUS KOS 12 FC-G2B
221,7346,INSERVIVEL,586,"66,8",13/10/2008,10/10/2009,NET4+,NO BREAK,14 KVA
222,7393,INSERVIVEL,"1918,4","191,84",18/09/2008,15/09/2008,THINKCENTRE M57P,MICROCOMPUTADOR COM PROCESSADOR,INTEL CORE 2 DUO E6750 (266 GHZ) 2 GB DE MEMÓRIA RAM DISCO RÍGIDO 160GB
223,7394,INSERVIVEL,"1918,4","191,84",18/09/2008,15/09/2008,THINKCENTRE M57P,MICROCOMPUTADOR COM PROCESSADOR,INTEL CORE 2 DUO E6750 (266 GHZ) 2 GB DE MEMÓRIA RAM DISCO RÍGIDO 160GB
224,7399,INSERVIVEL,"1918,4","191,84",18/09/2008,15/09/2008,THINKCENTRE M57P,MICROCOMPUTADOR COM PROCESSADOR,INTEL CORE 2 DUO E6750 (266 GHZ) 2 GB DE MEMÓRIA RAM DISCO RÍGIDO 160GB
225,7402,INSERVIVEL,"1918,4","191,84",18/09/2008,15/09/2008,THINKCENTRE M57P,MICROCOMPUTADOR COM PROCESSADOR,INTEL CORE 2 DUO E6750 (266 GHZ) 2 GB DE MEMÓRIA RAM DISCO RÍGIDO 160GB
226,7420,INSERVIVEL,"434,98","43,5",07/10/2008,01/10/2009,718SWAG-1,MONITOR LCD - CRISTAL LIQUIDO,SVGA 17 POLEGADAS
227,7429,INSERVIVEL,"434,98","43,5",07/10/2008,01/10/2009,177SA-1,MONITOR LCD - CRISTAL LIQUIDO,SVGA 17 POLEGADAS
228,7433,INSERVIVEL,"434,98","43,5",07/10/2008,01/10/2009,177SA-1,MONITOR LCD - CRISTAL LIQUIDO,SVGA 17 POLEGADAS
229,7454,INSERVIVEL,249,"28,34",07/10/2008,07/10/2009,,CALCULADORA ELETRONICA,DE MESA COM VISOR E IMPRESSORA
230,7488,INSERVIVEL,"1301,56","130,16",30/10/2008,13/10/2009,6073BA4,MICROCOMPUTADOR COM PROCESSADOR,INTEL CORE 2 DUO 2GB RAM HD 160 GB DVD/RW
231,7504,INSERVIVEL,324,"32,4",30/10/2008,13/10/2009,4428-AB1,MONITOR LCD - CRISTAL LIQUIDO,17 POLEGADAS
232,7505,INSERVIVEL,324,"32,4",30/10/2008,13/10/2009,4428-AB1,MONITOR LCD - CRISTAL LIQUIDO,17 POLEGADAS
233,7558,INSERVIVEL,"6613,5","661,35",06/11/2008,31/10/2008,,UNIDADE DE BACKUP,LTO
234,7569,INSERVIVEL,"1918,4","191,84",22/12/2008,19/12/2009,THINKCENTRE M57P,MICROCOMPUTADOR COM PROCESSADOR,INTEL CORE 2 DUO E8400 (30 GHZ) 2GB RAM HD 160 GB DVD/RW
235,7573,INSERVIVEL,"1918,4","191,84",22/12/2008,19/12/2009,THINKCENTRE M57P,MICROCOMPUTADOR COM PROCESSADOR,INTEL CORE 2 DUO E8400 (30 GHZ) 2GB RAM HD 160 GB DVD/RW
236,7577,INSERVIVEL,"1918,4","191,84",22/12/2008,19/12/2009,THINKCENTRE M57P,MICROCOMPUTADOR COM PROCESSADOR,INTEL CORE 2 DUO E8400 (30 GHZ) 2GB RAM HD 160 GB DVD/RW
237,7598,INSERVIVEL,290,"71,91",13/03/2009,13/03/2010,FAX-575,APARELHO DE FAX,
238,7622,INSERVIVEL,"132,99","22,99",08/06/2009,05/11/2009,,DESUMIDIFICADOR DE PAPEL,CAPACIDADE 1500 FLS
239,7657,INSERVIVEL,883,"154,8",17/06/2009,17/06/2010,UHF 255,SISTEMA DE MICROFONES SEM FIO,DUPLO CONTENDO: 01 RECEPTOR (S/N 255080901417) E 02 MICROFONES DE MÃO
240,7714,INSERVIVEL,"459,5","93,8",26/10/2009,26/10/2010,LM-1600,LAVADORA DE ALTA PRESSÃO,POTÊNCIA: 1600 W VAZÃO: 360 L/H
241,7808,INSERVIVEL,"415,86","88,26",17/11/2009,17/11/2010,BC-98SC,MOTO BOMBA CENTRIFUGA,1/2CV MONOFÁSICA 60HZ
242,7809,INSERVIVEL,1062,"225,15",24/11/2009,24/11/2010,MINIMAXI,CONDICIONADOR DE AR DE PAREDE,12000 BTUS 220 V
243,7810,INSERVIVEL,1062,"225,15",24/11/2009,24/11/2010,MINIMAXI,CONDICIONADOR DE AR DE PAREDE,12000 BTUS 220 V
244,7828,INSERVIVEL,350,"186,94",,,EGC35B,BEBEDOURO DE AGUA EM AÇO INOX,TIPO COLUNA
245,7843,INSERVIVEL,1180,1180,20/01/2010,19/01/2013,LASERJET P2055DN,IMPRESSORA LASER,MONOCROMÁTICA
246,7844,INSERVIVEL,1180,1180,20/01/2010,19/01/2013,LASERJET P2055DN,IMPRESSORA LASER,MONOCROMÁTICA
247,7845,INSERVIVEL,1180,1180,20/01/2010,19/01/2013,LASERJET P2055DN,IMPRESSORA LASER,MONOCROMÁTICA
248,7846,INSERVIVEL,1180,1180,20/01/2010,19/01/2013,LASERJET P2055DN,IMPRESSORA LASER,MONOCROMÁTICA
249,7850,INSERVIVEL,1180,1180,20/01/2010,19/01/2013,LASERJET P2055DN,IMPRESSORA LASER,MONOCROMÁTICA
250,7852,INSERVIVEL,1180,1180,20/01/2010,19/01/2013,LASERJET P2055DN,IMPRESSORA LASER,MONOCROMÁTICA
251,7853,INSERVIVEL,1180,1180,20/01/2010,19/01/2013,LASERJET P2055DN,IMPRESSORA LASER,MONOCROMÁTICA
252,7854,INSERVIVEL,"1034,19","1034,19",20/01/2010,11/01/2010,LQ-590,IMPRESSORA MATRICIAL,
253,7856,INSERVIVEL,"1034,19","1034,19",20/01/2010,11/01/2010,LQ-590,IMPRESSORA MATRICIAL,
254,7865,INSERVIVEL,"10343,11","10343,11",,,5140S,FRAGMENTADORA DE PAPEL,FRAGMENTADORA DE PAPEL MARCA EBA MODELO 5140S
255,7869,INSERVIVEL,1180,1180,,,LASERJET P2055DN,IMPRESSORA LASERJET,
256,7870,INSERVIVEL,1180,1180,,,LASERJET P2055DN,IMPRESSORA LASERJET,
257,7871,INSERVIVEL,1180,1180,,,LASERJET P2055DN,IMPRESSORA LASERJET,
258,7872,INSERVIVEL,1180,1180,,,LASERJET P2055DN,IMPRESSORA LASERJET,
259,7873,INSERVIVEL,1180,1180,,,LASERJET P2055DN,IMPRESSORA LASERJET,
260,7874,INSERVIVEL,1180,1180,,,LASERJET P2055DN,IMPRESSORA LASERJET,
261,7878,INSERVIVEL,1180,1180,,,LASERJET P2055DN,IMPRESSORA LASERJET,
262,7879,INSERVIVEL,1180,1180,,,LASERJET P2055DN,IMPRESSORA LASERJET,
263,7880,INSERVIVEL,1180,1180,,,LASERJET P2055DN,IMPRESSORA LASERJET,
264,7882,INSERVIVEL,1180,1180,,,LASERJET P2055DN,IMPRESSORA LASERJET,
265,7886,INSERVIVEL,1180,1180,,,LASERJET P2055DN,IMPRESSORA LASERJET,
266,7887,INSERVIVEL,1180,1180,,,LASERJET P2055DN,IMPRESSORA LASERJET,
267,7904,INSERVIVEL,424,424,,,,FOGAO TIPO RESIDENCIAL,04 (QUATRO) BOCAS FORNO AUTOLIMPANTE
268,7930,INSERVIVEL,"1034,19","1034,19",,,LQ-590,IMPRESSORA MATRICIAL,
269,7932,INSERVIVEL,899,899,,,,PAINEL ELETRONICO,DE SENHAS
270,7942,INSERVIVEL,355,355,,,,CARRO TUBULAR PARA TRANSPORTE DE MATERIAL 2 RODAS,
271,8054,INSERVIVEL,"86,94","86,94",,,OS6014,APARELHO TELEFONICO SEM FIO,TELEFONE SEM FIO [HANDSET]
272,8059,INSERVIVEL,"86,94","86,94",,,OS6014,APARELHO TELEFONICO SEM FIO,TELEFONE SEM FIO [HANDSET]
273,8084,INSERVIVEL,"399,99","399,99",,,NW 1300BI,NO BREAK,NO BREAK SMS MODELO NETWINNER 1300BI
274,8092,INSERVIVEL,3650,3650,,,,MONITOR KVM 17 POLEGADAS COM TECLADO,
275,8111,INSERVIVEL,"217,35","217,35",,,,CADEIRA GIRATORIA EM TECIDO,ESPALDAR MÉDIO COR PRETA
276,8113,INSERVIVEL,"217,35","217,35",,,,CADEIRA GIRATORIA EM TECIDO,ESPALDAR MÉDIO COR PRETA
277,8114,INSERVIVEL,"217,35","217,35",,,,CADEIRA GIRATORIA EM TECIDO,ESPALDAR MÉDIO COR PRETA
278,8117,INSERVIVEL,"217,35","217,35",,,,CADEIRA GIRATORIA EM TECIDO,ESPALDAR MÉDIO COR PRETA
279,8121,INSERVIVEL,"217,35","217,35",,,,CADEIRA GIRATORIA EM TECIDO,ESPALDAR MÉDIO COR PRETA
280,8151,INSERVIVEL,"605,73","605,73",,,THINKVISION L2250P,MONITOR LCD - CRISTAL LIQUIDO,22 WIDESCREEN
281,8186,INSERVIVEL,"1598,16","1598,16",21/08/2010,21/08/2013,THINKCENTRE M58,MICROCOMPUTADOR COM PROCESSADOR,INTEL CORE 2 DUO E7500 (293 GHZ) 2 X 2 GB DE RAM HD 320 GB DVDRW
282,8192,INSERVIVEL,"1598,16","1598,16",21/08/2010,21/08/2013,THINKCENTRE M58,MICROCOMPUTADOR COM PROCESSADOR,INTEL CORE 2 DUO E7500 (293 GHZ) 2 X 2 GB DE RAM HD 320 GB DVDRW
283,8195,INSERVIVEL,"1598,16","1598,16",21/08/2010,21/08/2013,THINKCENTRE M58,MICROCOMPUTADOR COM PROCESSADOR,INTEL CORE 2 DUO E7500 (293 GHZ) 2 X 2 GB DE RAM HD 320 GB DVDRW
284,8201,INSERVIVEL,"1598,16","1598,16",21/08/2010,21/08/2013,THINKCENTRE M58,MICROCOMPUTADOR COM PROCESSADOR,INTEL CORE 2 DUO E7500 (293 GHZ) 2 X 2 GB DE RAM HD 320 GB DVDRW
285,8344,INSERVIVEL,854,854,,,GIGASET C385,APARELHO TELEFONICO SEM FIO COM HEADSET,TELEFONE GIGASET C38H HEADSET PLANTRONICS
286,8347,INSERVIVEL,854,854,,,GIGASET C385,APARELHO TELEFONICO SEM FIO COM HEADSET,TELEFONE GIGASET C38H HEADSET PLANTRONICS
287,8350,INSERVIVEL,854,854,,,GIGASET C385,APARELHO TELEFONICO SEM FIO COM HEADSET,TELEFONE GIGASET C38H HEADSET PLANTRONICS
288,8351,INSERVIVEL,854,854,,,GIGASET C385,APARELHO TELEFONICO SEM FIO COM HEADSET,TELEFONE GIGASET C38H HEADSET PLANTRONICS
289,8352,INSERVIVEL,854,854,,,GIGASET C385,APARELHO TELEFONICO SEM FIO COM HEADSET,TELEFONE GIGASET C38H HEADSET PLANTRONICS
290,8354,INSERVIVEL,854,854,,,GIGASET C385,APARELHO TELEFONICO SEM FIO COM HEADSET,TELEFONE GIGASET C38H HEADSET PLANTRONICS
291,8369,INSERVIVEL,"459,79","459,79",,,GC-1100,CORTADOR DE GRAMA ELÉTRICO,
292,8370,INSERVIVEL,185,185,,,,CARRINHO DE MÃO,COM CAÇAMBA EM POLIPROPILENO
293,8389,INSERVIVEL,2049,2049,,,DT02 M5,NOTEBOOK COM PROCESSADOR,INTEL CORE 2 DUO P8600/2GB/HD 160GB/DVD-RW
294,8391,INSERVIVEL,2049,2049,,,DT02 M5,NOTEBOOK COM PROCESSADOR,INTEL CORE 2 DUO P8600/2GB/HD 160GB/DVD-RW
295,8393,INSERVIVEL,2049,2049,,,DT02 M5,NOTEBOOK COM PROCESSADOR,INTEL CORE 2 DUO P8600/2GB/HD 160GB/DVD-RW
296,8433,INSERVIVEL,338,338,,,ES70,CÂMERA FOTOGRÁFICA DIGITAL,COR PRATA
297,8435,INSERVIVEL,338,338,,,ES70,CÂMERA FOTOGRÁFICA DIGITAL,COR PRATA
298,8437,INSERVIVEL,338,338,,,ES70,CÂMERA FOTOGRÁFICA DIGITAL,COR PRATA
299,8439,INSERVIVEL,338,338,,,ES70,CÂMERA FOTOGRÁFICA DIGITAL,COR PRATA
300,8441,INSERVIVEL,338,338,,,ES70,CÂMERA FOTOGRÁFICA DIGITAL,COR PRATA
301,8442,INSERVIVEL,338,338,,,ES70,CÂMERA FOTOGRÁFICA DIGITAL,COR PRATA
302,8505,INSERVIVEL,360,"111,6",,,MASTER,BEBEDOURO DE AGUA TIPO GARRAFAO,TIPO COLUNA EM AÇO INOX
303,8521,INSERVIVEL,2271,2271,,,MSE1-30CR,CENTRAL DE AR CONDICIONADO,APARELHO DE AR-CONDICIONADO COM CAPACIDADE DE REFRIGERAÇÃO DE 30000 BTUS TENSÃO 110/220V UEX C101261560810A26130005
304,8550,INSERVIVEL,"299,97","299,97",,,L190HB,MONITOR DE VIDEO LCD,19 POLEGADAS COR PRETA
305,8552,INSERVIVEL,"299,97","299,97",,,L190HB,MONITOR DE VIDEO LCD,19 POLEGADAS COR PRETA
306,8554,INSERVIVEL,"299,97","299,97",,,L190HB,MONITOR DE VIDEO LCD,19 POLEGADAS COR PRETA
307,8562,INSERVIVEL,"299,97","299,97",,,L190HB,MONITOR DE VIDEO LCD,19 POLEGADAS COR PRETA
308,8563,INSERVIVEL,"299,97","299,97",,,L190HB,MONITOR DE VIDEO LCD,19 POLEGADAS COR PRETA
309,8572,INSERVIVEL,"269,99","269,99",,,L190HB,MONITOR DE VIDEO LCD,19 POLEGADAS WIDESCREEN
310,8581,INSERVIVEL,"269,99","269,99",,,L190HB,MONITOR DE VIDEO LCD,19 POLEGADAS WIDESCREEN
311,8590,INSERVIVEL,"269,99","269,99",,,L190HB,MONITOR DE VIDEO LCD,19 POLEGADAS WIDESCREEN
312,8596,INSERVIVEL,"269,99","269,99",,,L190HB,MONITOR DE VIDEO LCD,19 POLEGADAS WIDESCREEN
313,8613,INSERVIVEL,"269,99","269,99",,,L190HB,MONITOR DE VIDEO LCD,19 POLEGADAS WIDESCREEN
314,8615,INSERVIVEL,"1235,75","1235,75",31/05/2011,31/05/2015,INFOWAY SM 3330,MICROCOMPUTADOR COM PROCESSADOR,4GB
315,8616,INSERVIVEL,"1235,75","1235,75",31/05/2011,31/05/2015,INFOWAY SM 3330,MICROCOMPUTADOR COM PROCESSADOR,4GB
316,8617,INSERVIVEL,"1235,75","1235,75",31/05/2011,31/05/2015,INFOWAY SM 3330,MICROCOMPUTADOR COM PROCESSADOR,4GB
317,8618,INSERVIVEL,"1235,75","1235,75",31/05/2011,31/05/2015,INFOWAY SM 3330,MICROCOMPUTADOR COM PROCESSADOR,4GB
318,8620,INSERVIVEL,"1235,75","1235,75",31/05/2011,31/05/2015,INFOWAY SM 3330,MICROCOMPUTADOR COM PROCESSADOR,4GB
319,8621,INSERVIVEL,"1235,75","1235,75",31/05/2011,31/05/2015,INFOWAY SM 3330,MICROCOMPUTADOR COM PROCESSADOR,4GB
320,8622,INSERVIVEL,"1235,75","1235,75",31/05/2011,31/05/2015,INFOWAY SM 3330,MICROCOMPUTADOR COM PROCESSADOR,4GB
321,8623,INSERVIVEL,"1235,75","1235,75",31/05/2011,31/05/2015,INFOWAY SM 3330,MICROCOMPUTADOR COM PROCESSADOR,4GB
322,8625,INSERVIVEL,"1235,75","1235,75",31/05/2011,31/05/2015,INFOWAY SM 3330,MICROCOMPUTADOR COM PROCESSADOR,4GB
323,8628,INSERVIVEL,"1235,75","1235,75",31/05/2011,31/05/2015,INFOWAY SM 3330,MICROCOMPUTADOR COM PROCESSADOR,4GB
324,8630,INSERVIVEL,"1235,75","1235,75",31/05/2011,31/05/2015,INFOWAY SM 3330,MICROCOMPUTADOR COM PROCESSADOR,4GB
325,8633,INSERVIVEL,"1235,75","1235,75",31/05/2011,31/05/2015,INFOWAY SM 3330,MICROCOMPUTADOR COM PROCESSADOR,4GB
326,8634,INSERVIVEL,"1235,75","1235,75",31/05/2011,31/05/2015,INFOWAY SM 3330,MICROCOMPUTADOR COM PROCESSADOR,4GB
327,8635,INSERVIVEL,"1235,75","1235,75",31/05/2011,31/05/2015,INFOWAY SM 3330,MICROCOMPUTADOR COM PROCESSADOR,4GB
328,8636,INSERVIVEL,"1235,75","1235,75",31/05/2011,31/05/2015,INFOWAY SM 3330,MICROCOMPUTADOR COM PROCESSADOR,4GB
329,8637,INSERVIVEL,"1235,75","1235,75",31/05/2011,31/05/2015,INFOWAY SM 3330,MICROCOMPUTADOR COM PROCESSADOR,4GB
330,8638,INSERVIVEL,"1235,75","1235,75",31/05/2011,31/05/2015,INFOWAY SM 3330,MICROCOMPUTADOR COM PROCESSADOR,4GB
331,8641,INSERVIVEL,"1235,75","1235,75",31/05/2011,31/05/2015,INFOWAY SM 3330,MICROCOMPUTADOR COM PROCESSADOR,4GB
332,8642,INSERVIVEL,"1235,75","1235,75",31/05/2011,31/05/2015,INFOWAY SM 3330,MICROCOMPUTADOR COM PROCESSADOR,4GB
333,8643,INSERVIVEL,"1235,75","1235,75",31/05/2011,31/05/2015,INFOWAY SM 3330,MICROCOMPUTADOR COM PROCESSADOR,4GB
334,8644,INSERVIVEL,"1235,75","1235,75",31/05/2011,31/05/2015,INFOWAY SM 3330,MICROCOMPUTADOR COM PROCESSADOR,4GB
335,8647,INSERVIVEL,"1235,75","1235,75",31/05/2011,31/05/2015,INFOWAY SM 3330,MICROCOMPUTADOR COM PROCESSADOR,4GB
336,8648,INSERVIVEL,"1235,75","1235,75",31/05/2011,31/05/2015,INFOWAY SM 3330,MICROCOMPUTADOR COM PROCESSADOR,4GB
337,8649,INSERVIVEL,"1235,75","1235,75",31/05/2011,31/05/2015,INFOWAY SM 3330,MICROCOMPUTADOR COM PROCESSADOR,4GB
338,8650,INSERVIVEL,"1235,75","1235,75",31/05/2011,31/05/2015,INFOWAY SM 3330,MICROCOMPUTADOR COM PROCESSADOR,4GB
339,8651,INSERVIVEL,"1235,75","1235,75",31/05/2011,31/05/2015,INFOWAY SM 3330,MICROCOMPUTADOR COM PROCESSADOR,4GB
340,8652,INSERVIVEL,"1235,75","1235,75",31/05/2011,31/05/2015,INFOWAY SM 3330,MICROCOMPUTADOR COM PROCESSADOR,4GB
341,8654,INSERVIVEL,"1235,75","1235,75",31/05/2011,31/05/2015,INFOWAY SM 3330,MICROCOMPUTADOR COM PROCESSADOR,4GB
342,8655,INSERVIVEL,"1235,75","1235,75",31/05/2011,31/05/2015,INFOWAY SM 3330,MICROCOMPUTADOR COM PROCESSADOR,4GB
343,8657,INSERVIVEL,"1235,75","1235,75",31/05/2011,31/05/2015,INFOWAY SM 3330,MICROCOMPUTADOR COM PROCESSADOR,4GB
344,8658,INSERVIVEL,"1235,75","1235,75",31/05/2011,31/05/2015,INFOWAY SM 3330,MICROCOMPUTADOR COM PROCESSADOR,4GB
345,8708,INSERVIVEL,175,"67,58",,,,NO BREAK,STAY 700 USB AUT/115 220V
346,8711,INSERVIVEL,175,"67,58",,,,NO BREAK,STAY 700 USB AUT/115 220V
347,8717,INSERVIVEL,175,"67,58",,,,NO BREAK,STAY 700 USB AUT/115 220V
348,8720,INSERVIVEL,175,"67,58",,,,NO BREAK,STAY 700 USB AUT/115 220V
349,8723,INSERVIVEL,175,"67,58",,,,NO BREAK,STAY 700 USB AUT/115 220V
350,8727,INSERVIVEL,175,"67,58",,,,NO BREAK,STAY 700 USB AUT/115 220V
351,8729,INSERVIVEL,175,"67,58",,,,NO BREAK,STAY 700 USB AUT/115 220V
352,8737,INSERVIVEL,175,"67,58",,,,NO BREAK,STAY 700 USB AUT/115 220V
353,8743,INSERVIVEL,175,"67,58",,,,NO BREAK,STAY 700 USB AUT/115 220V
354,8747,INSERVIVEL,175,"67,58",,,,NO BREAK,STAY 700 USB AUT/115 220V
355,8769,INSERVIVEL,"1407,55","1407,55",17/06/2011,17/06/2015,I5PE,MICROCOMPUTADOR COM PROCESSADOR,4GB
356,8776,INSERVIVEL,"1407,55","1407,55",17/06/2011,17/06/2015,I5PE,MICROCOMPUTADOR COM PROCESSADOR,4GB
357,8780,INSERVIVEL,"1407,55","1407,55",17/06/2011,17/06/2015,I5PE,MICROCOMPUTADOR COM PROCESSADOR,4GB
358,8789,INSERVIVEL,"1407,55","1407,55",17/06/2011,17/06/2015,I5PE,MICROCOMPUTADOR COM PROCESSADOR,4GB
359,8826,INSERVIVEL,1210,1210,,,LQ-590,IMPRESSORA MATRICIAL,
360,8828,INSERVIVEL,1210,1210,,,LQ-590,IMPRESSORA MATRICIAL,
361,8838,INSERVIVEL,3999,"1539,82",,,KOP48FC,CENTRAL DE AR CONDICIONADO,SPLIT PISO-TETO 48000 BTU'S UN EXTERNA: C101342370911424130035
362,8839,INSERVIVEL,3999,"1539,82",,,KOP48FC,CENTRAL DE AR CONDICIONADO,SPLIT PISO-TETO 48000 BTU'S UN EXTERNA: C101342370911424130037
363,8840,INSERVIVEL,3999,"1539,82",,,KOP48FC,CENTRAL DE AR CONDICIONADO,SPLIT PISO-TETO 48000 BTU'S UN EXTERNA: C101342370911424130001
364,8842,INSERVIVEL,33600,33600,13/07/2011,13/07/2016,,SERVIDOR DE ARMAZENAMENTO DE DADOS,UNIDADE DE BACKUP TAPE LIBRARY
365,8848,INSERVIVEL,5227,5227,17/11/2011,17/11/2014,Z600,MICROCOMPUTADOR TIPO ESTAÇÃO DE TRABALHO,4GB
366,8853,INSERVIVEL,1913,765,,,RB1HW24HP2BE,CENTRAL DE AR CONDICIONADO,30 MIL BTU'S 220V UN EXTERNA: H30ABC051101100065
367,8867,INSERVIVEL,1322,1322,,,SCX-5637FR,IMPRESSORA LASER,MULTIFUNCIONAL CABO USB
368,8868,INSERVIVEL,1322,1322,,,SCX-5637FR,IMPRESSORA LASER,MULTIFUNCIONAL CABO USB
369,8875,INSERVIVEL,1322,1322,,,SCX-5637FR,IMPRESSORA LASER,MULTIFUNCIONAL CABO USB
370,8877,INSERVIVEL,1322,1322,,,SCX-5637FR,IMPRESSORA LASER,MULTIFUNCIONAL CABO USB
371,8880,INSERVIVEL,1322,1322,,,SCX-5637FR,IMPRESSORA LASER,MULTIFUNCIONAL CABO USB
372,8883,INSERVIVEL,799,799,,,RE28,REFRIGERADOR TIPO RESIDENCIAL,01 PORTA 240 L COR BRANCA
373,8898,INSERVIVEL,1913,"779,35",12/12/2011,12/12/2012,RB1HW30AC2BS,CENTRAL DE AR CONDICIONADO,SPLIT 30000 BTUS 220V
374,8904,INSERVIVEL,"537,75","537,75",,,PLUS,CADEIRA GIRATORIA EM TECIDO,COM BRAÇOS ESPALDAR MÉDIO COR PRETA
375,8913,INSERVIVEL,"537,75","537,75",,,PLUS,CADEIRA GIRATORIA EM TECIDO,COM BRAÇOS ESPALDAR MÉDIO COR PRETA
376,8927,INSERVIVEL,"537,75","537,75",,,PLUS,CADEIRA GIRATORIA EM TECIDO,COM BRAÇOS ESPALDAR MÉDIO COR PRETA
377,8978,INSERVIVEL,"537,75","537,75",,,PLUS,CADEIRA GIRATORIA EM TECIDO,COM BRAÇOS ESPALDAR MÉDIO COR PRETA
378,9030,INSERVIVEL,939,939,,,TLP 2844,IMPRESSORA TÉRMICA,
379,9033,INSERVIVEL,939,939,,,TLP 2844,IMPRESSORA TÉRMICA,
380,9036,INSERVIVEL,766,766,,,PI12F,MINI-CENTRAL DE AR CONDICIONADO,TIPO SPLIT CICLO FRIO 220V UN EXT: 2712ECBA206
381,9037,INSERVIVEL,766,766,,,PI12F,MINI-CENTRAL DE AR CONDICIONADO,TIPO SPLIT 12 MIL BTU'S CICLO FRIO 220V UN EXT: 2712ECBA206
382,9046,INSERVIVEL,1960,1960,,,PROBOOK 4430S,NOTEBOOK COM PROCESSADOR,INTEL CORE I3-2330M (2 20GHZ) TELA LED 14 WIDESCREEN HD 320 GB STA-2 7200RPM MEMÓRIA 2GB (DDR3)
383,9051,INSERVIVEL,"752,35","752,35",,,ML-3710ND,IMPRESSORA LASER,MONOCROMÁTICA
384,9053,INSERVIVEL,"752,35","752,35",,,ML-3710ND,IMPRESSORA LASER,MONOCROMÁTICA
385,9059,INSERVIVEL,"752,35","752,35",,,ML-3710ND,IMPRESSORA LASER,MONOCROMÁTICA
386,9104,INSERVIVEL,946,946,,,LQ-590,IMPRESSORA MATRICIAL,
387,9148,INSERVIVEL,"140,58","61,83",,,BALI,MESA DE USO DIVERSO EM PLASTICO,RETANGULAR MEDINDO 1 36 X 0 85 X 0 72 M (COMPRIMENTO X LARGURA X ALTURA) COR BRANCA
388,9158,INSERVIVEL,"140,58","61,83",,,BALI,MESA DE USO DIVERSO EM PLASTICO,RETANGULAR MEDINDO 1 36 X 0 85 X 0 72 M (COMPRIMENTO X LARGURA X ALTURA) COR BRANCA
389,9160,INSERVIVEL,"140,58","61,83",,,BALI,MESA DE USO DIVERSO EM PLASTICO,RETANGULAR MEDINDO 1 36 X 0 85 X 0 72 M (COMPRIMENTO X LARGURA X ALTURA) COR BRANCA
390,9161,INSERVIVEL,"140,58","61,83",,,BALI,MESA DE USO DIVERSO EM PLASTICO,RETANGULAR MEDINDO 1 36 X 0 85 X 0 72 M (COMPRIMENTO X LARGURA X ALTURA) COR BRANCA
391,9166,INSERVIVEL,309,135,,,UH01M,MICROFONE SEM FIO,DE MÃO ALIMENTAÇÃO COM 2 PILHAS AA UHF
392,9170,INSERVIVEL,309,135,,,UH01M,MICROFONE SEM FIO,DE MÃO ALIMENTAÇÃO COM 2 PILHAS AA UHF
393,9172,INSERVIVEL,309,135,,,UH01M,MICROFONE SEM FIO,DE MÃO ALIMENTAÇÃO COM 2 PILHAS AA UHF
394,9174,INSERVIVEL,309,135,,,UH01M,MICROFONE SEM FIO,DE MÃO ALIMENTAÇÃO COM 2 PILHAS AA UHF
395,9177,INSERVIVEL,309,135,,,UH01M,MICROFONE SEM FIO,DE MÃO ALIMENTAÇÃO COM 2 PILHAS AA UHF
396,9181,INSERVIVEL,"318,82","318,82",,,IFH 1300,NO BREAK,
397,9182,INSERVIVEL,"318,82","318,82",,,IFH 1300,NO BREAK,
398,9183,INSERVIVEL,"318,82","318,82",,,IFH 1300,NO BREAK,
399,9186,INSERVIVEL,"318,82","318,82",,,IFH 1300,NO BREAK,
400,9189,INSERVIVEL,"318,82","318,82",,,IFH 1300,NO BREAK,
401,9191,INSERVIVEL,"318,82","318,82",,,IFH 1300,NO BREAK,
402,9215,INSERVIVEL,102,102,,,K65/X19,HEADSET APARELHO COM FONE DE OUVIDO E MICROFONE,
403,9222,INSERVIVEL,102,102,,,K65/X19,HEADSET APARELHO COM FONE DE OUVIDO E MICROFONE,
404,9224,INSERVIVEL,1322,1322,,,SCX-5637FR,IMPRESSORA LASER,MULTIFUNCIONAL
405,9229,INSERVIVEL,1322,1322,,,SCX-5637FR,IMPRESSORA LASER,MULTIFUNCIONAL
406,9234,INSERVIVEL,"1362,36","1362,36",,,SCX-5637FR,IMPRESSORA LASER,MULTIFUNCIONAL
407,9237,INSERVIVEL,"1362,36","1362,36",,,SCX-5637FR,IMPRESSORA LASER,MULTIFUNCIONAL
408,9239,INSERVIVEL,"1362,36","1362,36",,,SCX-5637FR,IMPRESSORA LASER,MULTIFUNCIONAL
409,9243,INSERVIVEL,894,"397,46",,,,MESA PARA AUDIÊNCIA,OVAL EM MELAMÍNICO MEDIDAS 1500CM X 2000CM
410,9251,INSERVIVEL,1913,"879,8",,,SRFI-30000-2,CENTRAL DE AR CONDICIONADO,30 MIL BTU'S SPLIT 220V UN EXT: 1580949
411,9257,INSERVIVEL,1913,"879,8",,,SRFI-30000-2,CENTRAL DE AR CONDICIONADO,30 MIL BTU'S SPLIT 220V UN EXT: 1580814
412,9264,INSERVIVEL,680,680,,,,MINI-CENTRAL DE AR CONDICIONADO,9 MIL BTU'S 200V UN EXT 20903006
413,9266,INSERVIVEL,680,680,,,,MINI-CENTRAL DE AR CONDICIONADO,9 MIL BTU'S 200V UN EXT 20903020
414,9267,INSERVIVEL,680,680,,,,MINI-CENTRAL DE AR CONDICIONADO,9 MIL BTU'S 200V UN EXT 12006523
415,9280,INSERVIVEL,"508,67","233,63",,,NEO 400 USB,CAIXA DE SOM AMPLIFICADA,COM ENTRADA USB 60W DE POTÊNCIA
416,9294,INSERVIVEL,2000,2000,,,MSE1-30CR,CENTRAL DE AR CONDICIONADO,SPLIT 30 MIL BTU'S 220V UEX: C101382843411A14130095
417,9296,INSERVIVEL,2000,2000,,,MSE1-30CR,CENTRAL DE AR CONDICIONADO,SPLIT 30 MIL BTU'S 220V UEX: C101382843411A14130094
418,9311,INSERVIVEL,3200,1496,,,CFI60,CENTRAL DE AR CONDICIONADO,60 MIL BTU'S TENSÃO 220V U EXT: 21000180
419,9317,INSERVIVEL,460,460,,,FAX-575,APARELHO DE FAX,PARA PAPEL COMUM COM IDENTIFICADOR DE CHAMADAS
420,9318,INSERVIVEL,460,460,,,FAX-575,APARELHO DE FAX,PARA PAPEL COMUM COM IDENTIFICADOR DE CHAMADAS
421,9320,INSERVIVEL,460,460,,,FAX-575,APARELHO DE FAX,PARA PAPEL COMUM COM IDENTIFICADOR DE CHAMADAS
422,9458,INSERVIVEL,1095,1095,,,ASPIRE ONE D257,MICROCOMPUTADOR PORTATIL (NETBOOK) COM PROCESSADOR,INTEL ATOM N570 166MHZ MEMÓRIA: 2GB DDR3 HD: 500GB TELA:101 WEBCAM E MICROFONE EMBUTIDOS
423,9471,INSERVIVEL,1095,1095,,,ASPIRE ONE D257,MICROCOMPUTADOR PORTATIL (NETBOOK) COM PROCESSADOR,INTEL ATOM N570 166MHZ MEMÓRIA: 2GB DDR3 HD: 500GB TELA:101 WEBCAM E MICROFONE EMBUTIDOS
424,9484,INSERVIVEL,1425,1425,,,SILENTIA,CONDICIONADOR DE AR DE PAREDE,TIPO JANELA 21 MIL BTU'S 220V
425,9485,INSERVIVEL,1425,1425,,,SILENTIA,CONDICIONADOR DE AR DE PAREDE,TIPO JANELA 21 MIL BTU'S 220V
426,9486,INSERVIVEL,1425,1425,,,SILENTIA,CONDICIONADOR DE AR DE PAREDE,TIPO JANELA 21 MIL BTU'S 220V
427,9491,INSERVIVEL,1860,1860,,,SILENTIA,CONDICIONADOR DE AR DE PAREDE,30 MIL BTU'S 220V
428,9492,INSERVIVEL,1860,1860,,,SILENTIA,CONDICIONADOR DE AR DE PAREDE,30 MIL BTU'S 220V
429,9495,INSERVIVEL,1860,1860,,,SILENTIA,CONDICIONADOR DE AR DE PAREDE,30 MIL BTU'S 220V
430,9502,INSERVIVEL,2720,2720,,,,RACK PARA SERVIDOR,
431,9503,INSERVIVEL,3620,3620,30/04/2014,30/04/2016,,MONITOR DE TEMPERATURA PARA DATACENTER,DISPLAY DIGITAL BIVOLT
432,9536,INSERVIVEL,475,475,,,INFO CENTER,CADEIRA GIRATORIA EM TECIDO,ESPALDAR MÉDIO COR PRETA
433,9605,INSERVIVEL,350,"186,94",,,EGC35B,BEBEDOURO DE AGUA EM AÇO INOX,TIPO COLUNA
434,9607,INSERVIVEL,2000,1070,,,TI30F/TE30F,CENTRAL DE AR CONDICIONADO,30 MIL BTU'S TENSÃO: 220V CICLO FRIO UNIDADE EXTERNA: 30291737
435,9618,INSERVIVEL,2000,1070,,,TI30F/TE30F,CENTRAL DE AR CONDICIONADO,30 MIL BTU'S TENSÃO: 220V CICLO FRIO U EXT: 31292583
436,9628,INSERVIVEL,219,219,,,,MESA LINEAR,EM MDP 25MM COR CINZA MEDINDO 1200 X 600 X 760 MM (L X P X A)
437,9631,INSERVIVEL,366,"198,25",,,,BALCAO DE ATENDIMENTO LINEAR,EM MDF COR ARGILA
438,9633,INSERVIVEL,366,"198,25",,,,BALCAO DE ATENDIMENTO LINEAR,EM MDF COR ARGILA
439,9636,INSERVIVEL,366,"198,25",,,,BALCAO DE ATENDIMENTO LINEAR,EM MDF COR ARGILA
440,9642,INSERVIVEL,366,"198,25",,,,BALCAO DE ATENDIMENTO LINEAR,EM MDF COR ARGILA
441,9645,INSERVIVEL,366,"198,25",,,,BALCAO DE ATENDIMENTO LINEAR,EM MDF COR ARGILA
442,9646,INSERVIVEL,366,"198,25",,,,BALCAO DE ATENDIMENTO LINEAR,EM MDF COR ARGILA
443,9647,INSERVIVEL,366,"198,25",,,,BALCAO DE ATENDIMENTO LINEAR,EM MDF COR ARGILA
444,9648,INSERVIVEL,366,"198,25",,,,BALCAO DE ATENDIMENTO LINEAR,EM MDF COR ARGILA
445,9649,INSERVIVEL,366,"198,25",,,,BALCAO DE ATENDIMENTO LINEAR,EM MDF COR ARGILA
446,9662,INSERVIVEL,366,"198,25",,,,BALCAO DE ATENDIMENTO LINEAR,EM MDF COR ARGILA
447,9663,INSERVIVEL,366,"198,25",,,,BALCAO DE ATENDIMENTO LINEAR,EM MDF COR ARGILA
448,9664,INSERVIVEL,366,"198,25",,,,BALCAO DE ATENDIMENTO LINEAR,EM MDF COR ARGILA
449,9666,INSERVIVEL,366,"198,25",,,,BALCAO DE ATENDIMENTO LINEAR,EM MDF COR ARGILA
450,9667,INSERVIVEL,366,"198,25",,,,BALCAO DE ATENDIMENTO LINEAR,EM MDF COR ARGILA
451,9669,INSERVIVEL,366,"198,25",,,,BALCAO DE ATENDIMENTO LINEAR,EM MDF COR ARGILA
452,9688,INSERVIVEL,366,"198,25",,,,BALCAO DE ATENDIMENTO LINEAR,EM MDF COR ARGILA
453,9706,INSERVIVEL,108,108,,,,CADEIRA FIXA S/BRAÇO,ESTOFADA COR AZUL
454,9732,INSERVIVEL,108,108,,,,CADEIRA FIXA S/BRAÇO,ESTOFADA COR AZUL
455,9747,INSERVIVEL,108,108,,,,CADEIRA FIXA S/BRAÇO,ESTOFADA COR AZUL
456,9777,INSERVIVEL,108,108,,,,CADEIRA FIXA S/BRAÇO,ESTOFADA COR AZUL
457,9779,INSERVIVEL,108,108,,,,CADEIRA FIXA S/BRAÇO,ESTOFADA COR AZUL
458,9782,INSERVIVEL,140,140,,,A390,APARELHO TELEFONICO SEM FIO,VISOR LCD COM IDENTIFICADOR DE CHAMADAS
459,9785,INSERVIVEL,"1299,43","1299,43",,,KOS 18 FC2HX,MINI-CENTRAL DE AR CONDICIONADO,18000 BUTS 220V COR BRANCA UN EXT: K18101001415010020093
460,9787,INSERVIVEL,"1299,43","1299,43",,,KOS 18 FC2HX,MINI-CENTRAL DE AR CONDICIONADO,18000 BUTS 220V COR BRANCA UN EXT: K18101001415010020065
461,9792,INSERVIVEL,"1299,43","1299,43",,,KOS 18 FC2HX,MINI-CENTRAL DE AR CONDICIONADO,18000 BUTS 220V COR BRANCA UN EXT: K18101001415010020027
462,9811,INSERVIVEL,2000,1130,,,MPN-12CRV1,CONDICIONADOR DE AR PORTATIL,CAPACIDADE DE 12000 BTU/H TENSÃO 127V GÁS ECOLÓGICO R410A COM PAINEL FRONTAL RETRÁTIL
463,9812,INSERVIVEL,2000,1130,,,MPN-12CRV1,CONDICIONADOR DE AR PORTATIL,CAPACIDADE DE 12000 BTU/H TENSÃO 127V GÁS ECOLÓGICO R410A COM PAINEL FRONTAL RETRÁTIL
464,9813,INSERVIVEL,2000,1130,,,MPN-12CRV1,CONDICIONADOR DE AR PORTATIL,CAPACIDADE DE 12000 BTU/H TENSÃO 127V GÁS ECOLÓGICO R410A COM PAINEL FRONTAL RETRÁTIL
465,9815,INSERVIVEL,327,327,,,ENERGETIC POWER MC,NO BREAK,1450VA COR PRETA
466,9824,INSERVIVEL,327,327,,,ENERGETIC POWER MC,NO BREAK,1450VA COR PRETA
467,9825,INSERVIVEL,327,327,,,ENERGETIC POWER MC,NO BREAK,1450VA COR PRETA
468,9826,INSERVIVEL,327,327,,,ENERGETIC POWER MC,NO BREAK,1450VA COR PRETA
469,9832,INSERVIVEL,327,327,,,ENERGETIC POWER MC,NO BREAK,1450VA COR PRETA
470,9834,INSERVIVEL,327,327,,,ENERGETIC POWER MC,NO BREAK,1450VA COR PRETA
471,9835,INSERVIVEL,327,327,,,ENERGETIC POWER MC,NO BREAK,1450VA COR PRETA
472,9836,INSERVIVEL,327,327,,,ENERGETIC POWER MC,NO BREAK,1450VA COR PRETA
473,9839,INSERVIVEL,327,327,,,ENERGETIC POWER MC,NO BREAK,1450VA COR PRETA
474,9841,INSERVIVEL,300,300,,,MEF41,FORNO MICROONDAS,CAPACIDADE DE 31L 127V COR BRANCA
475,9843,INSERVIVEL,300,300,,,MEF41,FORNO MICROONDAS,CAPACIDADE DE 31L 127V COR BRANCA
476,9854,INSERVIVEL,"1661,45","926,31",,,CBV18CB,MINI-CENTRAL DE AR CONDICIONADO,18 MIL BTU'S TENSÃO 220V COR BRANCA U EXT: MG3687488
477,9860,INSERVIVEL,108,108,,,,CADEIRA FIXA S/BRAÇO,ESTOFADA COR AZUL
478,9862,INSERVIVEL,108,108,,,,CADEIRA FIXA S/BRAÇO,ESTOFADA COR AZUL
479,9864,INSERVIVEL,108,108,,,,CADEIRA FIXA S/BRAÇO,ESTOFADA COR AZUL
480,9870,INSERVIVEL,108,108,,,,CADEIRA FIXA S/BRAÇO,ESTOFADA COR AZUL
481,9875,INSERVIVEL,108,108,,,,CADEIRA FIXA S/BRAÇO,ESTOFADA COR AZUL
482,9886,INSERVIVEL,108,108,,,,CADEIRA FIXA S/BRAÇO,ESTOFADA COR AZUL
483,9888,INSERVIVEL,108,108,,,,CADEIRA FIXA S/BRAÇO,ESTOFADA COR AZUL
484,9893,INSERVIVEL,108,108,,,,CADEIRA FIXA S/BRAÇO,ESTOFADA COR AZUL
485,9899,INSERVIVEL,108,108,,,,CADEIRA FIXA S/BRAÇO,ESTOFADA COR AZUL
486,9901,INSERVIVEL,108,108,,,,CADEIRA FIXA S/BRAÇO,ESTOFADA COR AZUL
487,9907,INSERVIVEL,108,108,,,,CADEIRA FIXA S/BRAÇO,ESTOFADA COR AZUL
488,9908,INSERVIVEL,108,108,,,,CADEIRA FIXA S/BRAÇO,ESTOFADA COR AZUL
489,9927,INSERVIVEL,2089,2089,,,OPTIPLEX 9010,MICROCOMPUTADOR COM PROCESSADOR,INTEL CORE I3 -3240 (34GHZ 3MB CACHE) 4GB DE MEMÓRIA RAM DISCO RÍGIDO DE 320GB
490,9948,INSERVIVEL,140,140,,,A390,APARELHO TELEFONICO SEM FIO,
491,9950,INSERVIVEL,140,140,,,A390,APARELHO TELEFONICO SEM FIO,
492,9951,INSERVIVEL,140,140,,,A390,APARELHO TELEFONICO SEM FIO,
493,9953,INSERVIVEL,300,300,17/02/2014,17/02/2015,MEF41,FORNO DE MICROONDAS,110V 60HZ 31 LITROS COR BRANCA
494,9963,INSERVIVEL,108,108,,,,CADEIRA FIXA S/BRAÇO,ESTOFADA COR AZUL
495,9969,INSERVIVEL,108,108,,,,CADEIRA FIXA S/BRAÇO,ESTOFADA COR AZUL
496,9973,INSERVIVEL,108,108,,,,CADEIRA FIXA S/BRAÇO,ESTOFADA COR AZUL
497,9976,INSERVIVEL,108,108,,,,CADEIRA FIXA S/BRAÇO,ESTOFADA COR AZUL
498,9985,INSERVIVEL,108,108,,,,CADEIRA FIXA S/BRAÇO,ESTOFADA COR AZUL
499,9989,INSERVIVEL,108,108,,,,CADEIRA FIXA S/BRAÇO,ESTOFADA COR AZUL
500,10038,INSERVIVEL,"2599,3","2599,3",30/05/2014,30/05/2017,B080BR,ULTRABOOK COM PROCESSADOR DE DADOS,PROCESSADOR INTEL CORE I5 14 POLEGADAS MEMÓRIA RAM: 4GB HD: 500GB COR PRETA
501,10059,INSERVIVEL,488,"48,8",22/12/2005,22/06/2006,BNCC 7B,BEBEDOURO DE AGUA TIPO GARRAFAO,DE PÉ COM DUAS TORNEIRAS (COLUNA)
502,10074,INSERVIVEL,"140,58","61,83",,,BALI,MESA DE USO DIVERSO EM PLASTICO,RETANGULAR MEDINDO 1 36 X 0 85 X 0 72 M (COMPRIMENTO X LARGURA X ALTURA) COR BRANCA
503,10077,INSERVIVEL,"140,58","61,83",,,BALI,MESA DE USO DIVERSO EM PLASTICO,RETANGULAR MEDINDO 1 36 X 0 85 X 0 72 M (COMPRIMENTO X LARGURA X ALTURA) COR BRANCA
504,10079,INSERVIVEL,"140,58","61,83",,,BALI,MESA DE USO DIVERSO EM PLASTICO,RETANGULAR MEDINDO 1 36 X 0 85 X 0 72 M (COMPRIMENTO X LARGURA X ALTURA) COR BRANCA
505,10171,INSERVIVEL,1990,1990,,,SUPERFÁCIL R02,RELOGIO DE PONTO BIOMETRICO,SISTEMA DE IMPRESSÃO COM CORTE DE PAPEL RECURSO DE NOBREAK CALENDÁRIO PERPÉTUO CAPACIDADE DE CADASTRAMENTO DE INFORMAÇÕES DO EMPREGADOR LOCAL DE TRABALHO E FUNCIONÁRIOS (1
506,10187,INSERVIVEL,366,"198,25",,,,BALCAO DE ATENDIMENTO LINEAR,EM MDF COR ARGILA
507,10189,INSERVIVEL,3187,"987,74",17/09/2014,17/09/2017,U460,ULTRABOOK COM PROCESSADOR DE DADOS,INTEL CORE I5 14 POLEGADAS MEMÓRIA RAM: 4GB HD: 32GB SSD + 500GB COR: PRATA
508,10201,INSERVIVEL,3187,"987,74",17/09/2014,17/09/2017,U460,ULTRABOOK COM PROCESSADOR DE DADOS,INTEL CORE I5 14 POLEGADAS MEMÓRIA RAM: 4GB HD: 32GB SSD + 500GB COR: PRATA
509,10204,INSERVIVEL,3187,"987,74",17/09/2014,17/09/2017,U460,ULTRABOOK COM PROCESSADOR DE DADOS,INTEL CORE I5 14 POLEGADAS MEMÓRIA RAM: 4GB HD: 32GB SSD + 500GB COR: PRATA
510,10206,INSERVIVEL,3187,"987,74",17/09/2014,17/09/2017,U460,ULTRABOOK COM PROCESSADOR DE DADOS,INTEL CORE I5 14 POLEGADAS MEMÓRIA RAM: 4GB HD: 32GB SSD + 500GB COR: PRATA
511,10208,INSERVIVEL,3187,"987,74",17/09/2014,17/09/2017,U460,ULTRABOOK COM PROCESSADOR DE DADOS,INTEL CORE I5 14 POLEGADAS MEMÓRIA RAM: 4GB HD: 32GB SSD + 500GB COR: PRATA
512,10212,INSERVIVEL,3187,"987,74",17/09/2014,17/09/2017,U460,ULTRABOOK COM PROCESSADOR DE DADOS,INTEL CORE I5 14 POLEGADAS MEMÓRIA RAM: 4GB HD: 32GB SSD + 500GB COR: PRATA
513,10214,INSERVIVEL,3187,"987,74",17/09/2014,17/09/2017,U460,ULTRABOOK COM PROCESSADOR DE DADOS,INTEL CORE I5 14 POLEGADAS MEMÓRIA RAM: 4GB HD: 32GB SSD + 500GB COR: PRATA
514,10217,INSERVIVEL,3187,"987,74",17/09/2014,17/09/2017,U460,ULTRABOOK COM PROCESSADOR DE DADOS,INTEL CORE I5 14 POLEGADAS MEMÓRIA RAM: 4GB HD: 32GB SSD + 500GB COR: PRATA
515,10222,INSERVIVEL,3187,"987,74",17/09/2014,17/09/2017,U460,ULTRABOOK COM PROCESSADOR DE DADOS,INTEL CORE I5 14 POLEGADAS MEMÓRIA RAM: 4GB HD: 32GB SSD + 500GB COR: PRATA
516,10223,INSERVIVEL,3187,"987,74",17/09/2014,17/09/2017,U460,ULTRABOOK COM PROCESSADOR DE DADOS,INTEL CORE I5 14 POLEGADAS MEMÓRIA RAM: 4GB HD: 32GB SSD + 500GB COR: PRATA
517,10226,INSERVIVEL,3187,"987,74",17/09/2014,17/09/2017,U460,ULTRABOOK COM PROCESSADOR DE DADOS,INTEL CORE I5 14 POLEGADAS MEMÓRIA RAM: 4GB HD: 32GB SSD + 500GB COR: PRATA
518,10228,INSERVIVEL,3187,"987,74",17/09/2014,17/09/2017,U460,ULTRABOOK COM PROCESSADOR DE DADOS,INTEL CORE I5 14 POLEGADAS MEMÓRIA RAM: 4GB HD: 32GB SSD + 500GB COR: PRATA
519,10231,INSERVIVEL,3187,"987,74",17/09/2014,17/09/2017,U460,ULTRABOOK COM PROCESSADOR DE DADOS,INTEL CORE I5 14 POLEGADAS MEMÓRIA RAM: 4GB HD: 32GB SSD + 500GB COR: PRATA
520,10235,INSERVIVEL,3187,"987,74",17/09/2014,17/09/2017,U460,ULTRABOOK COM PROCESSADOR DE DADOS,INTEL CORE I5 14 POLEGADAS MEMÓRIA RAM: 4GB HD: 32GB SSD + 500GB COR: PRATA
521,10239,INSERVIVEL,3187,"987,74",17/09/2014,17/09/2017,U460,ULTRABOOK COM PROCESSADOR DE DADOS,INTEL CORE I5 14 POLEGADAS MEMÓRIA RAM: 4GB HD: 32GB SSD + 500GB COR: PRATA
522,10247,INSERVIVEL,3187,"987,74",17/09/2014,17/09/2017,U460,ULTRABOOK COM PROCESSADOR DE DADOS,INTEL CORE I5 14 POLEGADAS MEMÓRIA RAM: 4GB HD: 32GB SSD + 500GB COR: PRATA
523,10251,INSERVIVEL,1874,"580,94",,,,NOTEBOOK COM PROCESSADOR,INTEL CORE I5 - 4200M (2 5 GHZ) MEMÓRIA 4GB TELA DE 14 1 POLEGADAS LED FORMATO WIDESCREEN
524,10254,INSERVIVEL,1874,"580,94",,,,NOTEBOOK COM PROCESSADOR,INTEL CORE I5 - 4200M (2 5 GHZ) MEMÓRIA 4GB TELA DE 14 1 POLEGADAS LED FORMATO WIDESCREEN
525,10262,INSERVIVEL,1874,"580,94",,,,NOTEBOOK COM PROCESSADOR,INTEL CORE I5 - 4200M (2 5 GHZ) MEMÓRIA 4GB TELA DE 14 1 POLEGADAS LED FORMATO WIDESCREEN
526,10263,INSERVIVEL,1874,"580,94",,,,NOTEBOOK COM PROCESSADOR,INTEL CORE I5 - 4200M (2 5 GHZ) MEMÓRIA 4GB TELA DE 14 1 POLEGADAS LED FORMATO WIDESCREEN
527,10275,INSERVIVEL,1874,"580,94",,,,NOTEBOOK COM PROCESSADOR,INTEL CORE I5 - 4200M (2 5 GHZ) MEMÓRIA 4GB TELA DE 14 1 POLEGADAS LED FORMATO WIDESCREEN
528,10279,INSERVIVEL,1874,"580,94",,,,NOTEBOOK COM PROCESSADOR,INTEL CORE I5 - 4200M (2 5 GHZ) MEMÓRIA 4GB TELA DE 14 1 POLEGADAS LED FORMATO WIDESCREEN
529,10283,INSERVIVEL,1874,"580,94",,,,NOTEBOOK COM PROCESSADOR,INTEL CORE I5 - 4200M (2 5 GHZ) MEMÓRIA 4GB TELA DE 14 1 POLEGADAS LED FORMATO WIDESCREEN
530,10285,INSERVIVEL,1874,"580,94",,,,NOTEBOOK COM PROCESSADOR,INTEL CORE I5 - 4200M (2 5 GHZ) MEMÓRIA 4GB TELA DE 14 1 POLEGADAS LED FORMATO WIDESCREEN
531,10288,INSERVIVEL,1874,"580,94",,,,NOTEBOOK COM PROCESSADOR,INTEL CORE I5 - 4200M (2 5 GHZ) MEMÓRIA 4GB TELA DE 14 1 POLEGADAS LED FORMATO WIDESCREEN
532,10290,INSERVIVEL,1874,"580,94",,,,NOTEBOOK COM PROCESSADOR,INTEL CORE I5 - 4200M (2 5 GHZ) MEMÓRIA 4GB TELA DE 14 1 POLEGADAS LED FORMATO WIDESCREEN
533,10291,INSERVIVEL,1874,"580,94",,,,NOTEBOOK COM PROCESSADOR,INTEL CORE I5 - 4200M (2 5 GHZ) MEMÓRIA 4GB TELA DE 14 1 POLEGADAS LED FORMATO WIDESCREEN
534,10292,INSERVIVEL,1874,"580,94",,,,NOTEBOOK COM PROCESSADOR,INTEL CORE I5 - 4200M (2 5 GHZ) MEMÓRIA 4GB TELA DE 14 1 POLEGADAS LED FORMATO WIDESCREEN
535,10294,INSERVIVEL,1874,"580,94",,,,NOTEBOOK COM PROCESSADOR,INTEL CORE I5 - 4200M (2 5 GHZ) MEMÓRIA 4GB TELA DE 14 1 POLEGADAS LED FORMATO WIDESCREEN
536,10298,INSERVIVEL,1874,"580,94",,,,NOTEBOOK COM PROCESSADOR,INTEL CORE I5 - 4200M (2 5 GHZ) MEMÓRIA 4GB TELA DE 14 1 POLEGADAS LED FORMATO WIDESCREEN
537,10300,INSERVIVEL,1874,"580,94",,,,NOTEBOOK COM PROCESSADOR,INTEL CORE I5 - 4200M (2 5 GHZ) MEMÓRIA 4GB TELA DE 14 1 POLEGADAS LED FORMATO WIDESCREEN
538,10301,INSERVIVEL,1874,"580,94",,,,NOTEBOOK COM PROCESSADOR,INTEL CORE I5 - 4200M (2 5 GHZ) MEMÓRIA 4GB TELA DE 14 1 POLEGADAS LED FORMATO WIDESCREEN
539,10306,INSERVIVEL,1874,"580,94",,,,NOTEBOOK COM PROCESSADOR,INTEL CORE I5 - 4200M (2 5 GHZ) MEMÓRIA 4GB TELA DE 14 1 POLEGADAS LED FORMATO WIDESCREEN
540,10320,INSERVIVEL,1874,"580,94",,,,NOTEBOOK COM PROCESSADOR,INTEL CORE I5 - 4200M (2 5 GHZ) MEMÓRIA 4GB TELA DE 14 1 POLEGADAS LED FORMATO WIDESCREEN
541,10321,INSERVIVEL,1874,"580,94",,,,NOTEBOOK COM PROCESSADOR,INTEL CORE I5 - 4200M (2 5 GHZ) MEMÓRIA 4GB TELA DE 14 1 POLEGADAS LED FORMATO WIDESCREEN
542,10323,INSERVIVEL,1874,"580,94",,,,NOTEBOOK COM PROCESSADOR,INTEL CORE I5 - 4200M (2 5 GHZ) MEMÓRIA 4GB TELA DE 14 1 POLEGADAS LED FORMATO WIDESCREEN
543,10325,INSERVIVEL,1874,"580,94",,,,NOTEBOOK COM PROCESSADOR,INTEL CORE I5 - 4200M (2 5 GHZ) MEMÓRIA 4GB TELA DE 14 1 POLEGADAS LED FORMATO WIDESCREEN
544,10381,INSERVIVEL,577,"386,48",06/11/2014,06/11/2015,1400N,NO BREAK,BIFÁSICO 1 4KVA COM ESTABILIZADOR INTERNO
545,10383,INSERVIVEL,577,"386,48",06/11/2014,06/11/2015,1400N,NO BREAK,BIFÁSICO 1 4KVA COM ESTABILIZADOR INTERNO
546,10385,INSERVIVEL,577,"386,48",06/11/2014,06/11/2015,1400N,NO BREAK,BIFÁSICO 1 4KVA COM ESTABILIZADOR INTERNO
547,10388,INSERVIVEL,577,"386,48",06/11/2014,06/11/2015,1400N,NO BREAK,BIFÁSICO 1 4KVA COM ESTABILIZADOR INTERNO
548,10410,INSERVIVEL,"545,96","242,93",19/02/2015,19/02/2018,M4020ND,IMPRESSORA LASER,MONOCROMÁTICA IMPRESSÃO EM DUPLEX
549,10446,INSERVIVEL,577,"421,12",11/06/2015,11/06/2016,SWU/BS-TI,NO BREAK,TRIFÁSICO 1 4 KVA COM ESTABILIZADOR INTERNO E DISPLAY DIGITAL
550,10447,INSERVIVEL,577,"421,12",11/06/2015,11/06/2016,SWU/BS-TI,NO BREAK,TRIFÁSICO 1 4 KVA COM ESTABILIZADOR INTERNO E DISPLAY DIGITAL
551,10448,INSERVIVEL,577,"421,12",11/06/2015,11/06/2016,SWU/BS-TI,NO BREAK,TRIFÁSICO 1 4 KVA COM ESTABILIZADOR INTERNO E DISPLAY DIGITAL
552,10449,INSERVIVEL,577,"421,12",11/06/2015,11/06/2016,SWU/BS-TI,NO BREAK,TRIFÁSICO 1 4 KVA COM ESTABILIZADOR INTERNO E DISPLAY DIGITAL
553,10450,INSERVIVEL,577,"421,12",11/06/2015,11/06/2016,SWU/BS-TI,NO BREAK,TRIFÁSICO 1 4 KVA COM ESTABILIZADOR INTERNO E DISPLAY DIGITAL
554,10452,INSERVIVEL,577,"421,12",11/06/2015,11/06/2016,SWU/BS-TI,NO BREAK,TRIFÁSICO 1 4 KVA COM ESTABILIZADOR INTERNO E DISPLAY DIGITAL
555,10454,INSERVIVEL,577,"421,12",11/06/2015,11/06/2016,SWU/BS-TI,NO BREAK,TRIFÁSICO 1 4 KVA COM ESTABILIZADOR INTERNO E DISPLAY DIGITAL
556,10455,INSERVIVEL,577,"421,12",11/06/2015,11/06/2016,SWU/BS-TI,NO BREAK,TRIFÁSICO 1 4 KVA COM ESTABILIZADOR INTERNO E DISPLAY DIGITAL
557,10457,INSERVIVEL,577,"421,12",11/06/2015,11/06/2016,SWU/BS-TI,NO BREAK,TRIFÁSICO 1 4 KVA COM ESTABILIZADOR INTERNO E DISPLAY DIGITAL
558,10458,INSERVIVEL,577,"421,12",11/06/2015,11/06/2016,SWU/BS-TI,NO BREAK,TRIFÁSICO 1 4 KVA COM ESTABILIZADOR INTERNO E DISPLAY DIGITAL
559,10460,INSERVIVEL,577,"421,12",11/06/2015,11/06/2016,SWU/BS-TI,NO BREAK,TRIFÁSICO 1 4 KVA COM ESTABILIZADOR INTERNO E DISPLAY DIGITAL
560,10466,INSERVIVEL,"582,81","429,86",,,ASP-98,MOTO BOMBA CENTRIFUGA,POTÊNCIA DE 1/2 CV 127V 60HZ RECALQUE 3/4
561,10467,INSERVIVEL,"374,9","374,9",14/09/2015,14/09/2016,MS3044L,FORNO DE MICROONDAS,30 LITROS 127V POTÊNCIA: 1250W COR BRANCA
562,10471,INSERVIVEL,"154,43","154,43",14/10/2015,14/04/2016,,BANQUETA EM COURVIM,ALTA SEM ENCOSTO COM APOIO PARA PÉS COR PRETA
563,10473,INSERVIVEL,"154,43","154,43",14/10/2015,14/04/2016,,BANQUETA EM COURVIM,ALTA SEM ENCOSTO COM APOIO PARA PÉS COR PRETA
564,10474,INSERVIVEL,"154,43","154,43",14/10/2015,14/04/2016,,BANQUETA EM COURVIM,ALTA SEM ENCOSTO COM APOIO PARA PÉS COR PRETA
565,10475,INSERVIVEL,"154,43","154,43",14/10/2015,14/04/2016,,BANQUETA EM COURVIM,ALTA SEM ENCOSTO COM APOIO PARA PÉS COR PRETA
566,10480,INSERVIVEL,"816,68","314,41",06/02/2015,06/02/2017,L42,IMPRESSORA TÉRMICA,PARA IMPRESSÃO DE ETIQUETAS ENTRADA USB
567,10489,INSERVIVEL,163,163,,,MIMI,CADEIRA FIXA S/BRAÇO,COM ASSENTO E ENCOSTO EM POLIPROPILENO COR PRETA
568,10588,INSERVIVEL,"1059,99","646,59",17/11/2015,17/11/2018,MX310DN,IMPRESSORA LASER,MULTIFUNCIONAL IMPRESSÃO MONOCROMÁTICA EM RESOLUÇÃO 1200 X 1200 DPI MODO DUPLEX INTEGRADO COM FUNÇÕES DE CÓPIA DIGITALIZAÇÃO E ENVIO DE FAX
569,10589,INSERVIVEL,"1059,99","646,59",17/11/2015,17/11/2018,MX310DN,IMPRESSORA LASER,MULTIFUNCIONAL IMPRESSÃO MONOCROMÁTICA EM RESOLUÇÃO 1200 X 1200 DPI MODO DUPLEX INTEGRADO COM FUNÇÕES DE CÓPIA DIGITALIZAÇÃO E ENVIO DE FAX
570,10592,INSERVIVEL,"1059,99","646,59",17/11/2015,17/11/2018,MX310DN,IMPRESSORA LASER,MULTIFUNCIONAL IMPRESSÃO MONOCROMÁTICA EM RESOLUÇÃO 1200 X 1200 DPI MODO DUPLEX INTEGRADO COM FUNÇÕES DE CÓPIA DIGITALIZAÇÃO E ENVIO DE FAX
571,10594,INSERVIVEL,"1059,99","646,59",17/11/2015,17/11/2018,MX310DN,IMPRESSORA LASER,MULTIFUNCIONAL IMPRESSÃO MONOCROMÁTICA EM RESOLUÇÃO 1200 X 1200 DPI MODO DUPLEX INTEGRADO COM FUNÇÕES DE CÓPIA DIGITALIZAÇÃO E ENVIO DE FAX
572,10596,INSERVIVEL,"1059,99","646,59",17/11/2015,17/11/2018,MX310DN,IMPRESSORA LASER,MULTIFUNCIONAL IMPRESSÃO MONOCROMÁTICA EM RESOLUÇÃO 1200 X 1200 DPI MODO DUPLEX INTEGRADO COM FUNÇÕES DE CÓPIA DIGITALIZAÇÃO E ENVIO DE FAX
573,10600,INSERVIVEL,"1059,99","630,69",17/11/2015,17/11/2018,MX310DN,IMPRESSORA LASER,MULTIFUNCIONAL IMPRESSÃO MONOCROMÁTICA EM RESOLUÇÃO 1200 X 1200 DPI MODO DUPLEX INTEGRADO COM FUNÇÕES DE CÓPIA DIGITALIZAÇÃO E ENVIO DE FAX
574,10605,INSERVIVEL,1900,1387,14/08/2015,14/08/2016,JET FLEX,AUTOMATIZADOR DE PORTAO INDUSTRIAL,TIPO HÍBRIDO POTÊNCIA NOMINAL DE 245W ALIMENTAÇÃO: 220V/127V TRIFÁSICO FREQUÊNCIA 60HZ
575,10606,INSERVIVEL,"0,01","0,01",,,,CENTRAL DE AR CONDICIONADO,60000 BTUS
576,10609,INSERVIVEL,340,340,04/02/2016,04/02/2017,PINOT 1400 3Q L/1,NO BREAK,POTÊNCIA DE 1 4 KVA BIVOLT COM ESTABILIZADOR INTERNO PORTA-FUSÍVEL COM UNIDADE RESERVA
577,10616,INSERVIVEL,340,340,14/03/2016,14/03/2017,PINOT 1400 3Q L/1,NO BREAK,POTÊNCIA DE 1 4 KVA BIVOLT COM ESTABILIZADOR INTERNO PORTA-FUSÍVEL COM UNIDADE RESERVA
578,10617,INSERVIVEL,340,340,14/03/2016,14/03/2017,PINOT 1400 3Q L/1,NO BREAK,POTÊNCIA DE 1 4 KVA BIVOLT COM ESTABILIZADOR INTERNO PORTA-FUSÍVEL COM UNIDADE RESERVA
579,10618,INSERVIVEL,340,340,14/03/2016,14/03/2017,PINOT 1400 3Q L/1,NO BREAK,POTÊNCIA DE 1 4 KVA BIVOLT COM ESTABILIZADOR INTERNO PORTA-FUSÍVEL COM UNIDADE RESERVA
580,10624,INSERVIVEL,340,340,14/03/2016,14/03/2017,PINOT 1400 3Q L/1,NO BREAK,POTÊNCIA DE 1 4 KVA BIVOLT COM ESTABILIZADOR INTERNO PORTA-FUSÍVEL COM UNIDADE RESERVA
581,10625,INSERVIVEL,340,340,14/03/2016,14/03/2017,PINOT 1400 3Q L/1,NO BREAK,POTÊNCIA DE 1 4 KVA BIVOLT COM ESTABILIZADOR INTERNO PORTA-FUSÍVEL COM UNIDADE RESERVA
582,10626,INSERVIVEL,340,340,14/03/2016,14/03/2017,PINOT 1400 3Q L/1,NO BREAK,POTÊNCIA DE 1 4 KVA BIVOLT COM ESTABILIZADOR INTERNO PORTA-FUSÍVEL COM UNIDADE RESERVA
583,10628,INSERVIVEL,340,340,14/03/2016,14/03/2017,PINOT 1400 3Q L/1,NO BREAK,POTÊNCIA DE 1 4 KVA BIVOLT COM ESTABILIZADOR INTERNO PORTA-FUSÍVEL COM UNIDADE RESERVA
584,10655,INSERVIVEL,85,85,22/04/2016,22/04/2020,TOUCH SMART 9100,TECLADO PARA MICROCOMPUTADOR,COM LEITOR DE SMART CARD PADRÃO ABNT 2 USB
585,10660,INSERVIVEL,3635,3635,22/04/2016,22/04/2020,ELITEDESK 800 G2 DM,MICROCOMPUTADOR COM PROCESSADOR,INTEL CORE I7-6700T MEMÓRIA: 8GB DDR4 DISCO RÍGIDO DE 1TB
586,10662,INSERVIVEL,85,85,22/04/2016,22/04/2020,TOUCH SMART 9100,TECLADO PARA MICROCOMPUTADOR,COM LEITOR DE SMART CARD PADRÃO ABNT 2 USB
587,10680,INSERVIVEL,732,732,06/05/2016,06/05/2019,C240P4QPYEW,MONITOR DE VIDEO LCD,24 POLEGADAS RESOLUÇÃO MÁXIMA: 1920 X 1080 (FULL HD) 60 HZ COR BRANCA
588,10691,INSERVIVEL,732,732,06/05/2016,06/05/2019,C240P4QPYEW,MONITOR DE VIDEO LCD,24 POLEGADAS RESOLUÇÃO MÁXIMA: 1920 X 1080 (FULL HD) 60 HZ COR BRANCA
589,10750,INSERVIVEL,3214,3214,24/08/2016,24/08/2017,HEFE30B2IA,CENTRAL DE AR CONDICIONADO,TIPO SPLIT POTÊNCIA DE 30 MIL BTU'S TIPO FRIO COM CONTROLE REMOTO SEM FIO VOLTAGEM: 220V COR BRANCA UNIDADE EXTERNA: A16045328115W00249
590,10751,INSERVIVEL,"1702,14","1702,14",31/08/2016,31/08/2017,HEFE18B2IA,MINI-CENTRAL DE AR CONDICIONADO,TIPO SPLIT POTÊNCIA DE 18 MIL BTU'S TIPO FRIO COM CONTROLE REMOTO SEM FIO VOLTAGEM: 220V COR BRANCA UNIDADE EXTERNA: A16026072606W00204
591,10780,INSERVIVEL,"639,95","639,95",04/11/2016,04/11/2017,BCR-2010,MOTO BOMBA CENTRIFUGA,POTÊNCIA DE 3/4 CV 60HZ RPM 3500 VAZÃO MÁXIMA DE 5 1 M³/H VOLTAGEM 127V
592,10787,INSERVIVEL,5992,5992,17/01/2017,17/01/2018,R-410A,CENTRAL DE AR CONDICIONADO,POTÊNCIA 60000BTUS COR BRANCA UNIDADE EXTERNA: 03065854 - MARCA: ELGIN 220V -TRIFÁSICO - PEFI60B2NA
593,10789,INSERVIVEL,5992,5992,17/01/2017,17/01/2018,R-410A,CENTRAL DE AR CONDICIONADO,POTÊNCIA: 60000BTUS COR BRANCA UNIDADE EXTERNA: 03065769 - MARCA: ELGIN 220V - TRIFÁSICO - PEFI60B2NA
594,10812,INSERVIVEL,"2179,99","2179,99",16/02/2017,16/02/2018,HEFE24B2IA,CENTRAL DE AR CONDICIONADO,POTÊNCIA: 24 MIL BTUS CICLO FRIO 220V FREQUÊNCIA 60 HZ (7032 KW) UNIDADE EXTERNA: 03272799
595,10813,INSERVIVEL,5358,5358,16/02/2017,16/02/2018,HEFE48B2IA,CENTRAL DE AR CONDICIONADO,POTÊNCIA: 48 MIL BTUS CICLO FRIO 220V FREQUÊNCIA 60 HZ (14 06 KW) UNIDADE EXTERNA: 03260091
596,10817,INSERVIVEL,395,"350,29",02/03/2017,02/03/2018,P-20,INTERFONE,INTERFONE PORTEIRO ELETRÔNICO RESIDENCIAL ECP BIVOLT MONOFONE - PORTEIRO ELETRÔNICO CINZA CLARO
597,10978,INSERVIVEL,100,100,14/03/2018,14/03/2019,TSF 8001,APARELHO TELEFONICO SEM FIO,COM IDENTIFICADOR DE CHAMADAS DTMF E FSK AGENDA PARA 50 CONTATOS DISPLAY EM CRISTAL LÍQUIDO MODO VIVA VOZ COR PRETA
598,10987,INSERVIVEL,100,100,14/03/2018,14/03/2019,TSF 8001,APARELHO TELEFONICO SEM FIO,COM IDENTIFICADOR DE CHAMADAS DTMF E FSK AGENDA PARA 50 CONTATOS DISPLAY EM CRISTAL LÍQUIDO MODO VIVA VOZ COR PRETA
599,11006,INSERVIVEL,100,100,14/03/2018,14/03/2019,TSF 8001,APARELHO TELEFONICO SEM FIO,COM IDENTIFICADOR DE CHAMADAS DTMF E FSK AGENDA PARA 50 CONTATOS DISPLAY EM CRISTAL LÍQUIDO MODO VIVA VOZ COR PRETA
600,11010,INSERVIVEL,"602,35","566,19",,,ML-3710ND,IMPRESSORA LASER,MONOCROMÁTICA
601,11011,INSERVIVEL,"602,35","566,19",,,ML-3710ND,IMPRESSORA LASER,MONOCROMÁTICA
602,11015,INSERVIVEL,"602,35","566,19",,,ML-3710ND,IMPRESSORA LASER,MONOCROMÁTICA
603,11018,INSERVIVEL,"602,35","566,19",,,ML-3710ND,IMPRESSORA LASER,MONOCROMÁTICA
604,11334,INSERVIVEL,"9999,99","9999,99",,,,BALCAO DE ATENDIMENTO,EM MDF SOB MEDIDA
605,11343,INSERVIVEL,680,680,16/11/2018,16/11/2019,EASY WAY,NO BREAK,
606,11352,INSERVIVEL,"278,5","278,5",22/11/2018,22/11/2019,,NO BREAK,POTENCIA 700VA 6 TOMADAS BIVOLT COR PRETA
607,11354,INSERVIVEL,"278,5","278,5",22/11/2018,22/11/2019,,NO BREAK,POTENCIA 700VA 6 TOMADAS BIVOLT COR PRETA
608,11400,INSERVIVEL,1177,1177,,,SL-M3375FD,IMPRESSORA LASER,DIAMANTE LINHA ULTRA DIMENSÕES: PORTA EM MDF DE 25MM DA MESMA COR DO BALCÃO
609,11423,INSERVIVEL,"999,8","999,8",,,ML-3710ND,IMPRESSORA LASER,
610,11432,INSERVIVEL,"999,8","999,8",,,ML-3710ND,IMPRESSORA LASER,MEDINDO 1 00M X 0 84M
611,11435,INSERVIVEL,"602,35","602,35",,,ML-3710ND,IMPRESSORA LASER,
612,11461,INSERVIVEL,"278,5","278,5",25/04/2019,25/04/2020,,NO BREAK,NOBREAK MARCA TS SHARA MODELO POWERUPS 700 COD 4008 CARACTERÍSTICAS 700VA DE POTÊNCIA - TECNOLOGIA SMD - ENTRADA E SAIDA MONOVOLT 115V - FILTRO DE LINHA INTEGRADO - DISPONÍVEL NA COR: BLACK - MICROPROCESSADOR CISC / FLASH
613,11465,INSERVIVEL,"278,5","278,5",25/04/2019,25/04/2020,,NO BREAK,NOBREAK MARCA TS SHARA MODELO POWERUPS 700 COD 4008 CARACTERÍSTICAS 700VA DE POTÊNCIA - TECNOLOGIA SMD - ENTRADA E SAIDA MONOVOLT 115V - FILTRO DE LINHA INTEGRADO - DISPONÍVEL NA COR: BLACK - MICROPROCESSADOR CISC / FLASH
614,11746,INSERVIVEL,"894,2","894,2",18/12/2019,18/12/2024,,MONITOR DE VIDEO LCD,REVESTIDO DE MDF DE 15MM (COR BRANCO DIAMANTE)
615,41486,INSERVIVEL,1960,1960,,,PROBOOK 4430S,NOTEBOOK COM PROCESSADOR,PROCESSADOR INTEL CORE I3 2330M MEMÓRIA DE 2GB DISCO RÍGIDO DE 300GB
616,41534,INSERVIVEL,1960,1960,,,PROBOOK 4430S,NOTEBOOK COM PROCESSADOR,PROCESSADOR INTEL CORE I3 2330M MEMÓRIA DE 2GB DISCO RÍGIDO DE 300GB
617,43642,INSERVIVEL,"65,8","65,8",,,E198FPB,MONITOR LCD - CRISTAL LIQUIDO,19 POLEGADAS COR PRETA
618,43662,INSERVIVEL,"65,8","65,8",,,E198FPB,MONITOR LCD - CRISTAL LIQUIDO,19 POLEGADAS COR PRETA
619,46658,INSERVIVEL,"65,8","65,8",,,W1942PEU,MONITOR LCD - CRISTAL LIQUIDO,19 POLEGADAS COR PRETA
620,46824,INSERVIVEL,"65,8","65,8",,,W1942PEU,MONITOR LCD - CRISTAL LIQUIDO,19 POLEGADAS COR PRETA
621,46851,INSERVIVEL,"65,8","65,8",,,W1942PEU,MONITOR LCD - CRISTAL LIQUIDO,19 POLEGADAS COR PRETA
622,46934,INSERVIVEL,"65,8","65,8",,,W1942PEU,MONITOR LCD - CRISTAL LIQUIDO,19 POLEGADAS COR PRETA
623,46944,INSERVIVEL,"65,8","65,8",,,W1942PEU,MONITOR LCD - CRISTAL LIQUIDO,19 POLEGADAS COR PRETA
624,46968,INSERVIVEL,"65,8","65,8",,,W1942PEU,MONITOR LCD - CRISTAL LIQUIDO,19 POLEGADAS COR PRETA
625,47264,INSERVIVEL,"65,8","65,8",,,W1942PEU,MONITOR LCD - CRISTAL LIQUIDO,19 POLEGADAS COR PRETA
626,47934,INSERVIVEL,"528,42","528,42",,,POST-AT SERIES K (I5PE),MICROCOMPUTADOR COM PROCESSADOR,INTEL I5 650 DE 32GHZ MEMÓRIA 4GB DDR3 PC10660 DISCO RÍGIDO DE 500GB GRAVADORA DE CD 48X E DVD 22X DRIVE DE DISQUETE COM BARRAMENTO DE 1333MHZ CAIXA DE SOM INTERNA INTERFACES: 10 USB 1 E-SATA 1 DISPLAY E 1 RGB
627,47976,INSERVIVEL,"528,42","528,42",,,POST-AT SERIES K (I5PE),MICROCOMPUTADOR COM PROCESSADOR,INTEL I5 650 DE 32GHZ MEMÓRIA 4GB DDR3 PC10660 DISCO RÍGIDO DE 500GB GRAVADORA DE CD 48X E DVD 22X DRIVE DE DISQUETE COM BARRAMENTO DE 1333MHZ CAIXA DE SOM INTERNA INTERFACES: 10 USB 1 E-SATA 1 DISPLAY E 1 RGB
628,48341,INSERVIVEL,"528,42","528,42",,,POST-AT SERIES K (I5PE),MICROCOMPUTADOR COM PROCESSADOR,INTEL I5 650 DE 32GHZ MEMÓRIA 4GB DDR3 PC10660 DISCO RÍGIDO DE 500GB GRAVADORA DE CD 48X E DVD 22X DRIVE DE DISQUETE COM BARRAMENTO DE 1333MHZ CAIXA DE SOM INTERNA INTERFACES: 10 USB 1 E-SATA 1 DISPLAY E 1 RGB
629,63105,INSERVIVEL,"30,94","30,94",,,,TECLADO PARA MICROCOMPUTADOR,PADRÃO DO TECLADO ABNT2
630,63126,INSERVIVEL,"30,94","30,94",,,,TECLADO PARA MICROCOMPUTADOR,PADRÃO DO TECLADO ABNT2
631,63145,INSERVIVEL,"30,94","30,94",,,,TECLADO PARA MICROCOMPUTADOR,PADRÃO DO TECLADO ABNT2
632,401192,INSERVIVEL,"171,58","171,58",,,,LIVRO - EDICAO: 10ª,TÍTULO: CÓDIGO PENAL COMENTADO - AUTOR: GULHERME DE SOUZA NUCCI - EDITORA: RT - ANO DE PUBLICACAO: 2010
633,820613,INSERVIVEL,"82,42","8,24",09/08/2002,09/08/2004,,PAR DE CAIXA DE SOM PARA MICROCOMPUTADOR,
634,820617,INSERVIVEL,"82,42","8,24",09/08/2002,09/08/2004,,PAR DE CAIXA DE SOM PARA MICROCOMPUTADOR,
635,820618,INSERVIVEL,"82,42","8,24",09/08/2002,09/08/2004,,PAR DE CAIXA DE SOM PARA MICROCOMPUTADOR,
636,820634,INSERVIVEL,"82,42","8,24",,,,PAR DE CAIXA DE SOM PARA MICROCOMPUTADOR,
637,820936,INSERVIVEL,1151,"115,1",30/12/2003,03/11/2004,,CENTRAL DE ALARME 4 SETORES,
638,820953,INSERVIVEL,"199,5","19,95",,,,BARRACA DE CAMPING,ESTRUTURA EM TUBO DE FERRO 3X3X2 5 - BRANCA
639,820954,INSERVIVEL,"199,5","19,95",,,,BARRACA DE CAMPING,ESTRUTURA EM TUBO DE FERRO 3X3X2 5 - BRANCA
640,821151,INSERVIVEL,2000,200,06/06/2006,20/04/2006,PCS A1,MICROFONE,
641,821153,INSERVIVEL,1000,100,16/06/2006,05/06/2009,PCS-R1,CONTROLE REMOTO CODEC,
642,821232,INSERVIVEL,"178,74","178,74",28/09/2006,28/03/2007,ALTO RELEVO,PERSIANA VERTICAL,MAT DE PVC - COR BEGE - TAM 2 20 X 1 40M
643,821234,INSERVIVEL,"178,74","178,74",28/09/2006,28/03/2007,ALTO RELEVO,PERSIANA VERTICAL,MAT DE PVC - COR BEGE - TAM 2 20 X 1 40M
644,821235,INSERVIVEL,"178,76","178,76",28/09/2006,28/03/2007,ALTO RELEVO,PERSIANA VERTICAL,MAT DE PVC - COR BEGE - TAM 2 20 X 1 40M
645,821307,INSERVIVEL,"120,03","120,03",28/09/2006,28/03/2007,LISA,PERSIANA VERTICAL,MAT DE PVC - COR BEGE - TAM 2 20X1 40M
646,821308,INSERVIVEL,"120,03","120,03",28/09/2006,28/03/2007,LISA,PERSIANA VERTICAL,MAT DE PVC - COR BEGE - TAM 2 20X1 40M
647,821309,INSERVIVEL,"120,03","120,03",28/09/2006,28/03/2007,LISA,PERSIANA VERTICAL,MAT DE PVC - COR BEGE - TAM 2 20X1 40M
648,821311,INSERVIVEL,"120,03","120,03",28/09/2006,28/03/2007,LISA,PERSIANA VERTICAL,MAT DE PVC - COR BEGE - TAM 2 20X1 40M
649,821312,INSERVIVEL,"120,03","120,03",28/09/2006,28/03/2007,LISA,PERSIANA VERTICAL,MAT DE PVC - COR BEGE - TAM 2 20X1 40M
650,821313,INSERVIVEL,"120,03","120,03",28/09/2006,28/03/2007,LISA,PERSIANA VERTICAL,MAT DE PVC - COR BEGE - TAM 2 20X1 40M
651,821314,INSERVIVEL,"120,03","120,03",28/09/2006,28/03/2007,LISA,PERSIANA VERTICAL,MAT DE PVC - COR BEGE - TAM 2 20X1 40M
652,821410,INSERVIVEL,"280,5","280,5",,,,PERSIANA VERTICAL,PVC LISO NA COR BEGE ESCURO LARGURA DA LÃMINA 90MM MEDINDO 2 00X1 50
653,821411,INSERVIVEL,"280,5","280,5",,,,PERSIANA VERTICAL,PVC LISO NA COR BEGE ESCURO LARGURA DA LÃMINA 90MM MEDINDO 2 00X1 50
654,821486,INSERVIVEL,"423,4","73,6",24/06/2009,24/06/2010,SUPFORCE,SUPORTE PARA TELEVISAO,LCD/PLASMA TIPO ARTICULÁVEL
655,821488,INSERVIVEL,"220,8","220,8",,,,PERSIANA VERTICAL,EM PVC MEDINDO 2 67M (LARGURA) X 1 50M (ALTURA)
656,821489,INSERVIVEL,"220,8","220,8",,,,PERSIANA VERTICAL,EM PVC MEDINDO 2 67M (LARGURA) X 1 50M (ALTURA)
657,821490,INSERVIVEL,"190,44","190,44",,,,PERSIANA VERTICAL,EM PVC MEDINDO 2 30M (LARGURA) X 1 50M (ALTURA)
658,821491,INSERVIVEL,"190,44","190,44",,,,PERSIANA VERTICAL,EM PVC MEDINDO 2 30M (LARGURA) X 1 50M (ALTURA)
659,821492,INSERVIVEL,"190,44","190,44",,,,PERSIANA VERTICAL,EM PVC MEDINDO 2 30M (LARGURA) X 1 50M (ALTURA)
660,822053,INSERVIVEL,"114,21","114,21",,,,PERSIANA VERTICAL,EM PVC MEDIDAS: 1 20M (A) X 1 38M (L)
661,822054,INSERVIVEL,"114,21","114,21",,,,PERSIANA VERTICAL,EM PVC MEDIDAS: 1 20M (A) X 1 38M (L)
662,822117,INSERVIVEL,"1653,1","1653,1",,,,DIVISORIA EM FORMICA,ESPESSURA DE 35MM PAINEL CEGO MONTANTES DE ALUMÍNIO ANODIZADO COM PORTA DE MEDIDAS: 130X110CM FECHADURA ELÉTRICA COM ACIONAMENTO POR BOTOEIRA E CONTROLE REMOTO
663,60070923,INSERVIVEL,850,850,,,WATSON MINI,KIT BIO LEITOR OTICO DE DIGITAIS,
664,60104921,INSERVIVEL,"632,7","632,7",,,AK-MCP 14V,KIT BIO MODULO CENARIO,
