,Item,Patrimônio,,Nº Antigo,,,,,Descrição,,,Garantia,Marca,,,Modelo,,Série,
,"1,",00000010,,0002950,,,,,MESA PARA MAQUINA DE ESCREVER EM MADEIRA - DESCRICAO: CLARA COM 02 GAVETAS,,,,,,,,,,
,"2,",00000028,,0001443,,,,,MESA PARA ESCRITORIO EM MADEIRA - DESCRICAO: CLARA COM 03 GAVETAS,,,,BORTOLINI,,,,,,
,"3,",00000093,,0001344,,,,,ARQUIVO EM ACO - DESCRICAO: COR CINZA COM 04 GAVETAS,,,,PANDIN,,,,,,
,"4,",00000128,,0002941,,,,,ARQUIVO EM ACO - DESCRICAO: COR CINZA COM 04 GAVETAS,,,,PANDIN,,,,,,
,"5,",00000179,,0003564,,,,,POLTRONA FIXA EM TECIDO - DESCRICAO: COR VERMELHA COM ESTRUTURA EM METAL SOBRE LONGARINA,,,,CADERODE,,,,,,
,"6,",00000181,,0003562,,,,,POLTRONA FIXA EM TECIDO - DESCRICAO: COR VERMELHA COM ESTRUTURA EM METAL SOBRE LONGARINA,,,,CADERODE,,,,,,
,"7,",00000182,,0003561,,,,,POLTRONA FIXA EM TECIDO - DESCRICAO: COR VERMELHA COM ESTRUTURA EM METAL SOBRE LONGARINA,,,,CADERODE,,,,,,
,"8,",00000199,,0002473,,,,,POLTRONA FIXA EM TECIDO - DESCRICAO: COR VERMELHA COM ESTRUTURA EM METAL SOBRE LONGARINA,,,,CADERODE,,,,,,
,"9,",00000200,,0002472,,,,,POLTRONA FIXA EM TECIDO - DESCRICAO: COR VERMELHA COM ESTRUTURA EM METAL SOBRE LONGARINA,,,,CADERODE,,,,,,
,"10,",00000202,,0002469,,,,,POLTRONA FIXA EM TECIDO - DESCRICAO: COR VERMELHA COM ESTRUTURA EM METAL SOBRE LONGARINA,,,,CADERODE,,,,,,
,"11,",00000219,,0003588,,,,,POLTRONA FIXA EM TECIDO - DESCRICAO: COR VERMELHA COM ESTRUTURA EM METAL SOBRE LONGARINA,,,,CADERODE,,,,,,
,"12,",00000220,,0003587,,,,,POLTRONA FIXA EM TECIDO - DESCRICAO: COR VERMELHA COM ESTRUTURA EM METAL SOBRE LONGARINA,,,,CADERODE,,,,,,
,"13,",00000221,,0003586,,,,,POLTRONA FIXA EM TECIDO - DESCRICAO: COR VERMELHA COM ESTRUTURA EM METAL SOBRE LONGARINA,,,,CADERODE,,,,,,
,"14,",00000222,,0003585,,,,,POLTRONA FIXA EM TECIDO - DESCRICAO: COR VERMELHA COM ESTRUTURA EM METAL SOBRE LONGARINA,,,,CADERODE,,,,,,
,"15,",00000225,,0002480,,,,,POLTRONA FIXA EM TECIDO - DESCRICAO: COR VERMELHA COM ESTRUTURA EM METAL SOBRE LONGARINA,,,,CADERODE,,,,,,
,"16,",00000465,,0003361,,,,,FURADEIRA ELETRICA PORTATIL,,,,BOSCH,,,SUPER HOBBY,,87101788,
,"17,",00000616,,0001600,,,,,MESA PARA MICROCOMPUTADOR - DESCRICAO: COM ACABAMENTO EM LAMINADO MELAMINICO,,,,,,,,,,
,"18,",00000772,,0002946,,,,,ESTANTE EM MADEIRA - DESCRICAO: CLARA COM 03 PRATELEIRAS E 02 PORTAS,,,,,,,,,,
,"19,",00000852,,0003541,,,,,BALANCA DE PLATAFORMA,,,,BALMAK,,,104,,4326,
,"20,",00001030,,0002953,,,,,TELEVISOR EM CORES - DESCRICAO: 14 POLEGADAS,,,,SANYO,,,CTP-3791 P,,9806263883T031,
,"21,",00001053,,0002550,,,,,MESA DE CENTRO - DESCRICAO: CLARA COM 03 PRATELEIRAS,,,,,,,,,,
,"22,",00001074,,0002954,,,,,TELEVISOR EM CORES - DESCRICAO: 14 POLEGADAS,,,,SANYO,,,CTP-3791P,,9806266839T031,
,"23,",00001230,,0003016,,,,,GAVETEIRO VOLANTE EM MADEIRA - DESCRICAO: COM ACABAMENTO EM LAMINADO MELAMINICO COM 05 GAVETAS,,,,,,,,,,
,"24,",00001411,,0001811,,,,,MESA PARA ESCRITORIO EM MADEIRA - DESCRICAO: CLARA COM 03 GAVETAS,,,,,,,,,,
,"25,",00001895,,0001836,,,,,TELA PARA PROJECAO,,,,REFLECTA,,,,,,
,"26,",00002063,,0003537,,,,,BEBEDOURO DE AGUA TIPO GARRAFAO - DESCRICAO: COR BEGE COM 02 TORNEIRAS,,,,ESMALTEC,,,GELAGUA,,445654,
,"27,",00002082,,0001433,,,,,MESA PARA MAQUINA DE ESCREVER EM MADEIRA - DESCRICAO: CLARA COM 02 GAVETAS,,,,,,,,,,
,"28,",00002110,,0003690,,,,,FICHARIO EM ACO - DESCRICAO: COR CINZA COM 08 GAVETAS,,,,WB,,,,,,
,"29,",00002111,,0003691,,,,,FICHARIO EM ACO - DESCRICAO: COR CINZA COM 08 GAVETAS,,,,WB,,,,,,
,"30,",00002112,,0003689,,,,,FICHARIO EM ACO - DESCRICAO: COR CINZA COM 08 GAVETAS,,,,WB,,,,,,
,"31,",00002150,,0003688,,,,,FICHARIO EM ACO - DESCRICAO: COR CINZA COM 08 GAVETAS,,,,WB,,,,,,
,"32,",00002158,,0003681,,,,,FOGAO TIPO RESIDENCIAL - DESCRICAO: COR BRANCA COM 04 QUEIMADORES,,,,ESMALTEC,,,VERONA,,,
,"33,",00002291,,0002732,,,,,BOMBA PARA ABASTECIMENTO - GERADOR,,,,MAC,,,80,,,
,"34,",00002292,,0002193,,,,,EXTINTOR DE INCENDIO PQS - DESCRICAO: CAPACIDADE 04 QUILOS,,,,,,,,,,
,"35,",00002464,,0002644,,,,,BEBEDOURO DE AGUA TIPO GARRAFAO - DESCRICAO: COM 02 TORNEIRAS,,,,IBBL,,,105GFNI,,816A044387,
,"36,",00002590,,0001383,,,,,ARQUIVO EM ACO - DESCRICAO: COR CINZA COM 04 GAVETAS,,,,PANDIN,,,,,,
,"37,",00002618,,0002864,,,,,CADEIRA GIRATORIA EM TECIDO - DESCRICAO: COR PRETA COM ESTRUTURA EM METAL,,,,,,,,,,
,"38,",00002652,,,,,,,REFRIGERADOR TIPO FRIGOBAR,,,16/08/2000 a 14/08/2001,CONSUL,,,,,JF0998434,
,"39,",00002902,,,,,,,BANCO DE ESPERA EM PALHINA - DESCRICAO: C/ 03 LUGARES,,,,CADERODE,,,,,,
,"40,",00002904,,,,,,,BANCO DE ESPERA EM PALHINA - DESCRICAO: C/ 03 LUGARES,,,,CADERODE,,,,,,
,"41,",00002907,,,,,,,BANCO DE ESPERA EM PALHINA - DESCRICAO: C/ 03 LUGARES,,,,CADERODE,,,,,,
,"42,",00003128,,,,,,,"MESA PARA ESCRITORIO EM MADEIRA - DESCRICAO: DE LEI, TIPO SECRETÁRIA, C/ 03 GAVETAS, MED. 1,30 X 0,70 X 0,74 M",,,22/06/2001 a 20/06/2002,,,,,,,
,"43,",00003133,,,,,,,"MESA PARA ESCRITORIO EM MADEIRA - DESCRICAO: DE LEI, TIPO SECRETARIA C/ 3 GAVETAS MED. 1,30X0,70X0,74M",,,22/06/2001 a 20/06/2002,,,,,,,
,"44,",00003135,,,,,,,"MESA PARA ESCRITORIO EM MADEIRA - DESCRICAO: DE LEI, TIPO SECRETÁRIA, C/ 03 GAVETAS, MED. 1,30 X 0,70 X 0,74 M",,,22/06/2001 a 20/06/2002,,,,,,,
,"45,",00003136,,,,,,,"MESA PARA ESCRITORIO EM MADEIRA - DESCRICAO: DE LEI, TIPO SECRETÁRIA, C/ 03 GAVETAS, MED. 1,30 X 0,70 X 0,74 M",,,22/06/2001 a 20/06/2002,,,,,,,
,"46,",00003256,,,,,,,PAINEL ELETRONICO - DESCRICAO: COM IMPRESSORA PARA SENHA(SÉRIE: 2499010708419).,,,29/08/2001 a 12/08/2002,,,,,,SMJ010807CODIL-01,
,"47,",00003328,,,,,,,MESA PARA ESCRITORIO EM MADEIRA - DESCRICAO: C/ 02 GAVETAS,,,,,,,,,,
,"48,",00003350,,,,,,,MESA PARA ESCRITORIO EM MADEIRA - DESCRICAO: TIPO ESCRIVANINHA,,,18/10/2001 a 10/10/2002,,,,,,,
,"49,",00003388,,,,,,,EXTINTOR DE INCENDIO CO2 - DESCRICAO: de 6 k.,,,15/03/2002 a 14/03/2003,,,,,,160P T,
,"50,",00003390,,,,,,,EXTINTOR DE INCENDIO CO2 - DESCRICAO: DE 06 K.,,,15/03/2002 a 14/03/2003,,,,,,N767 T,
,"51,",00003403,,,,,,,GRUPO GERADOR PORTATIL - DESCRICAO: A GASOLINA,,,14/11/2001 a 14/11/2001,COLEMAN,,,65-5000,,85961501,
,"52,",00003449,,,,,,,MINI-CENTRAL DE AR CONDICIONADO - DESCRICAO: SPLIT DE 12.000 BTU´S,,,27/12/2001 a 03/11/2001,SPRINGER,,,,,4200B49006,
,"53,",00003513,,,,,,,"ARMARIO PARA COZINHA EM MADEIRA - DESCRICAO: DE LEI, TRABALHADO, C/PRATELEIRAS INTERNAS, MED. 0,50X2,08X0,40M.",,,25/04/2002 a 25/04/2003,,,,,,,
,"54,",00003518,,,,,,,CONDICIONADOR DE AR DE PAREDE - DESCRICAO: DE 30.000BTUS,,,,SPRINGER,,,,,2102B12845,
,"55,",00003528,,,,,,,CONDICIONADOR DE AR DE PAREDE - DESCRICAO: 30.000 BTUS 220V,,,13/05/2002 a 13/05/2003,SPRINGER,,,,,1702B25315,
,"56,",00003548,,,,,,,ESTANTE EM MADEIRA - DESCRICAO: DE LEI,,,19/06/2002 a 19/06/2003,,,,,,,
,"57,",00003735,,,,,,,"MESA PARA ESCRITORIO EM MADEIRA - DESCRICAO: MEDINDO 1,25MX0,70MX0,74M COM 3 GAVETAS",,,06/09/2002 a 06/09/2002,,,,,,,
,"58,",00003829,,,,,,,HUB-CONCENTRADOR DE COMUNICACAO COM 12 PORTAS - DESCRICAO: CONECTOR 145 110X220,,,14/10/2002 a 07/10/2005,3COM,,,,,0100/LT1G028828,
,"59,",00003870,,,,,,,TELEVISOR EM CORES - DESCRICAO: 29 POLEGADAS/ CONTROLES.,,,23/10/2002 a 23/10/2002,CCE,,,,,00110352,
,"60,",00003871,,,,,,,TELEVISOR EM CORES - DESCRICAO: 29 POLEGADAS/ CONTROLES.,,,23/10/2002 a 23/10/2002,CCE,,,,,00116112,
,"61,",00003876,,,,,,,TELEVISOR EM CORES - DESCRICAO: 29 POLEGADAS/ CONTROLES.,,,23/10/2002 a 23/10/2002,CCE,,,,,00199092,
,"62,",00003901,,,,,,,APARELHO DE VIDEO CASSETE - DESCRICAO: DE 4 CABEÇAS C/ CONTROLE,,,30/10/2002 a 30/10/2003,LG,,,EC-971B,,00892,
,"63,",00003904,,,,,,,APARELHO DE VIDEO CASSETE - DESCRICAO: DE 4 CABEÇAS C/ CONTROLE,,,30/10/2002 a 30/10/2003,LG,,,EC-971B,,000864,
,"64,",00003909,,,,,,,APARELHO DE VIDEO CASSETE - DESCRICAO: DE 4 CABEÇAS C/ CONTROLE,,,30/10/2002 a 30/10/2003,LG,,,EC-971B,,00847,
,"65,",00003911,,,,,,,HUB-CONCENTRADOR DE COMUNICACAO COM 12 PORTAS - DESCRICAO: CONECTOR RJ45,,,30/10/2002 a 30/10/2003,SONY,,,,,0100/LT1G028146,
,"66,",00003913,,,,,,,"ARMARIO ALTO EM ACO - DESCRICAO: COM 2 PORTAS COM PRATELEIRAS INTERNAS REFORÇADAS, MED. APROX. 2.00X0,40X1,00, COR CINZA",,,07/11/2002 a 30/10/2003,WCM,,,,,,
,"67,",00003977,,,,,,,CONDICIONADOR DE AR DE PAREDE - DESCRICAO: DE 30.000 BETUS 220 WATS,,,11/11/2002 a 11/11/2003,SPRINGER,,,,,430B301124,
,"68,",00004013,,,,,,,"SCANNER DE MESA - DESCRICAO: EASYSCAN 450P,19200DPI",,,12/12/2002 a 08/12/2003,NETRIX,,,38BR,,205PX05495,
,"69,",00004038,,,,,,,CPU DO SERVIDOR E SERVER 342 PIII,,,16/01/2003 a 07/02/2005,IBM,,,,,78LVL75,
,"70,",00004039,,,,,,,SWITCH SERVER - DESCRICAO: KVM,,,16/01/2003 a 07/02/2005,IBM,,,,,2309959,
,"71,",00004043,,,,,,,"IMPRESSORA JATO DE TINTA - DESCRICAO: TIPO PLOTTER. PRÓPRIA PARA PARA DESENHOS DE ARQUITETURA, ENGENHARIA E MECÂNICA. MEMÓRIA PADRÃO 16MB. RESOLUÇÃO MÁXIMA 1200 X 600 DPI. DIMENSÕES (LARGURA X ALTURA X PROFUNDIDADE): 1690 X 1100 X 674 MM.",,,22/01/2003 a 13/01/2004,HP,,,500,,SG24532087,
,"72,",00004094,,,,,,,"CADEIRA GIRATORIA EM TECIDO - DESCRICAO: COM BRAÇO, COR AZUL",,,04/02/2003 a 22/01/2004,ERGOFLEX,,,5003,,,
,"73,",00004120,,,,,,,"CADEIRA GIRATORIA EM TECIDO - DESCRICAO: COM BRAÇO, COR AZUL",,,04/02/2003 a 22/01/2004,ERGOFLEX,,,5003,,,
,"74,",00004124,,,,,,,"CADEIRA GIRATORIA EM TECIDO - DESCRICAO: COM BRAÇO, COR AZUL",,,04/02/2003 a 22/01/2004,ERGOFLEX,,,5003,,,
,"75,",00004125,,,,,,,"CADEIRA GIRATORIA EM TECIDO - DESCRICAO: COM BRAÇO, COR AZUL",,,04/02/2003 a 22/01/2004,ERGOFLEX,,,5003,,,
,"76,",00004142,,,,,,,"MESA PARA MICROCOMPUTADOR - DESCRICAO: COM TAMPO DE AGLORAMERADO REVEST. EM MELAMINIO C/REG. DE ALT. DA BASE P/TEC., TAMPO MED. 0,90X0,70X0,75M",,,17/02/2003 a 23/01/2004,CADERODE,,,1516,,,
,"77,",00004150,,,,,,,"MESA PARA MICROCOMPUTADOR - DESCRICAO: COM TAMPO DE AGLORAMERADO REVEST. EM MELAMINIO C/REG. DE ALT. DA BASE P/TEC., TAMPO MED. 0,90X0,70X0,75M",,,17/02/2003 a 23/01/2004,CADERODE,,,1516,,,
,"78,",00004158,,,,,,,"MESA PARA MICROCOMPUTADOR - DESCRICAO: COM TAMPO DE AGLORAMERADO REVEST. EM MELAMINIO C/REG. DE ALT. DA BASE P/TEC., TAMPO MED. 0,90X0,70X0,75M",,,17/02/2003 a 23/01/2004,CADERODE,,,1516,,,
,"79,",00004164,,,,,,,CONDICIONADOR DE AR DE PAREDE - DESCRICAO: 30.000 BTUS,,,04/02/2003 a 22/01/2004,SPRINGER,,,,,033B10975,
,"80,",00004231,,,,,,,"RACK EM ACO PARA HUB - DESCRICAO: PORTA EM ACRÍLICO, DE PAREDE, PARA HUB DE PORTAS.",,,26/05/2003 a 26/05/2004,,,,,,,
,"81,",00004291,,,,,,,REFRIGERADOR TIPO RESIDENCIAL,,,11/07/2003 a 11/07/2004,CONSUL,,,,,JF3273309,
,"82,",00004299,,,,,,,"ARMARIO SUSPENSO EM MADEIRA - DESCRICAO: EM MADEIRA DE LEI, MEDINDO 0,60X1,51X0,40M",,,,,,,,,,
,"83,",00004311,,,,,,,"MESA PARA ESCRITORIO EM MADEIRA - DESCRICAO: EM CURVA COM 6 GAVETAS MEDINDO 1,50X232 CM DE COMPRIMENTO",,,,,,,,,,
,"84,",00004317,,,,,,,"MESA PARA REUNIAO  EM MELAMINIO - DESCRICAO: FORMATO OVAL , MEDINDO 2,30X1,20X0,74M NA CINZA.",,,28/07/2003 a 28/07/2004,,,,,,,
,"85,",00004411,,,,,,,MALETA PARA DOCUMENTOS,,,28/11/2003 a 19/11/2004,PRINCE,,,,,,
,"86,",00004450,,,,,,,"CALCULADORA  PROFISSIONAL DE MESA - DESCRICAO: COM VISOR, FITA E BOBINA, VISOR DE CRISTAL LIQUIDO COM NUMEROS GRANDES, CALCULOS DE PORCENTAGEM",,,11/06/2004 a 09/06/2005,SHARP,,,EL-1801P,,3D063245,
,"87,",00004454,,,,,,,"CALCULADORA  PROFISSIONAL DE MESA - DESCRICAO: COM VISOR, FITA E BOBINA, VISOR DE CRISTAL LIQUIDO COM NUMEROS GRANDES, CALCULOS DE PORCENTAGEM",,,11/06/2004 a 09/06/2005,SHARP,,,EL-1801P,,3D05335Y,
,"88,",00004457,,,,,,,"CALCULADORA  PROFISSIONAL DE MESA - DESCRICAO: COM VISOR, FITA E BOBINA, VISOR DE CRISTAL LIQUIDO COM NUMEROS GRANDES, CALCULOS DE PORCENTAGEM",,,11/06/2004 a 09/06/2005,SHARP,,,EL-1801P,,3D05333Y,
,"89,",00004496,,,,,,,"MESA PARA MICROCOMPUTADOR - DESCRICAO: EM MELAMÍNIO, MEDINDO 1,60 X 0,68 X 0.74 M",,,,,,,,,,
,"90,",00004565,,,,,,,MESA PARA ESCRITORIO EM MADEIRA - DESCRICAO: MAÇICA MEDINDO 160X76X74 COM 6 GAVETAS,,,30/06/2004 a 28/06/2005,LUDNA,,,,,,
,"91,",00004633,,,,,,,ARQUIVO EM ACO - DESCRICAO: COM 4 GAVETAS,,,06/07/2004 a 02/07/2005,PANDIM,,,,,,
,"92,",00004647,,,,,,,NO BREAK . - DESCRICAO: 1200 VA NET STATION,,,06/07/2004 a 01/07/2005,SMS,,,,,008399-B,
,"93,",00004659,,,,,,,CONDICIONADOR DE AR DE PAREDE - DESCRICAO: 21.000 BTUS,,,07/07/2004 a 07/07/2005,SPRINGER,,,,,S2304B08759,
,"94,",00004660,,,,,,,CONDICIONADOR DE AR DE PAREDE - DESCRICAO: 21.000 BTUS,,,07/07/2004 a 07/07/2005,SPRINGER,,,,,S2304B08761,
,"95,",00004665,,,,,,,CONDICIONADOR DE AR DE PAREDE - DESCRICAO: 21.000 BTUS,,,07/07/2004 a 07/07/2005,SPRINGER,,,,,S2304B08647,
,"96,",00004880,,,,,,,"ARMARIO ALTO EM  MELAMINIO - DESCRICAO: COM 2 PORTAS MEDINDO 1,60X40X1.00.",,,,,,,,,,
,"97,",00004881,,,,,,,"ARMARIO ALTO EM  MELAMINIO - DESCRICAO: COM 2 PORTAS MEDINDO 1,60X40X1.00.",,,,,,,,,,
,"98,",00004889,,,,,,,"ESTANTE EM ACO - DESCRICAO: COM 5 PRATELEIRAS, MED. 3,00X0,60X16M",,,,,,,,,,
,"99,",00004892,,,,,,,EXTINTOR DE INCENDIO PÓ QUÍMICO PRESSURIZADO - DESCRICAO: 4 KG,,,28/07/2004 a 27/07/2005,,,,,,,
,"100,",00004894,,,,,,,"ESTANTE EM ACO - DESCRICAO: COM 5 PRATELEIRAS, MED. 3,00X0,60X16M",,,,,,,,,,
,"101,",00004923,,,,,,,CARRINHO COM BANDEIJA PLÁSTICA - DESCRICAO: ESTRUTURA EM AÇO NA COR PRETA,,,,,,,,,,
,"102,",00004945,,,,,,,DVD PLAYER,,,13/08/2004 a 01/08/2005,COBY,,,DVD-218,,1233143439,
,"103,",00004965,,,,,,,"BANCADA DE TRABALHO . - DESCRICAO: COM 3,00X0,50X0,82CM, RODÍZIO COM FREIOS, 16 TOMADAS FÊMEAS BIPOLAR E CABO COM TOMADA",,,,,,,,,,
,"104,",00005002,,,,,,,"ARMARIO ALTO EM  MELAMINIO - DESCRICAO: COM DUAS PORTAS NA COR CINZA - MEDINDO 0,90X0,44X1,60M.",,,,GIOBEL,,,,,,
,"105,",00005026,,,,,,,SECADOR DE CABELO PORTATIL,,,20/09/2004 a 20/09/2004,DAIHATSU,,,TAIFF TURBO,,,
,"106,",00005045,,,,,,,"MESA PARA MICROCOMPUTADOR - DESCRICAO: EM MELAMINIO, MED. 1,70X0,68X0,75",,,18/10/2004 a 15/04/2005,GIOBEL,,,,,,
,"107,",00005048,,,,,,,APARELHO DE FAX,,,28/10/2004 a 14/09/2004,PANASONIC,,,KX-FT71LA-B,,4DBBA291130,
,"108,",00005049,,,,,,,APARELHO DE FAX,,,28/10/2004 a 14/09/2004,PANASONIC,,,KX-FT71LA-B,,4DBBA292264,
,"109,",00005052,,,,,,,APARELHO DE FAX,,,28/10/2004 a 14/09/2004,PANASONIC,,,KX-FT71LA-B,,4DBBA285337,
,"110,",00005056,,,,,,,APARELHO DE FAX,,,28/10/2004 a 14/09/2004,PANASONIC,,,KX-FT71LA-B,,4DBBA292435,
,"111,",00005267,,,,,,,"MOTO BOMBA CENTRIFUGA - DESCRICAO: MONO-ESTÁGIO 1 1/2 CV/220V, SUCCÃO 1""1/4 E CHAVE DE COMANDO 1 1/2CV 220V",,,02/12/2004 a 01/12/2005,SCHNEIDER,,,BC-92S HB,,85070725300010,
,"112,",00005273,,,,,,,MESA PARA MICROCOMPUTADOR - DESCRICAO: EM MADEIRA MEDINDO 120X075X060 COM 01 GAVETA PARA TECLADO,,,16/12/2004 a 09/06/2005,,,,,,,
,"113,",00005330,,,,,,,EXTINTOR DE INCENDIO CO2 - DESCRICAO: COM 6 KG,,,,,,,,,,
,"114,",00005331,,,,,,,EXTINTOR DE INCENDIO CO2 - DESCRICAO: COM 6 KG,,,,,,,,,,
,"115,",00005507,,,,,,,CADEIRA  GIRATÓRIA S/BRAÇOS - DESCRICAO: COM ASSENTO E ENCOSTO EM ESPUMA,,,,,,,,,,
,"116,",00005509,,,,,,,CADEIRA  GIRATÓRIA S/BRAÇOS - DESCRICAO: COM ASSENTO E ENCOSTO EM ESPUMA,,,,,,,,,,
,"117,",00005521,,,,,,,CADEIRA FIXA S/BRAÇO - DESCRICAO: COM ASSENTO E ENCOSTO EM ESPUMA INJETÁVEL,,,,,,,,,,
,"118,",00005526,,,,,,,CADEIRA FIXA S/BRAÇO - DESCRICAO: COM ASSENTO E ENCOSTO EM ESPUMA INJETÁVEL,,,,,,,,,,
,"119,",00005612,,,,,,,POLTRONA FIXA COM BRAÇO,,,,,,,,,,
,"120,",00005626,,,,,,,MESA PARA REUNIÃO - DESCRICAO: EM FORMA REDONDA,,,,,,,,,,
,"121,",00005630,,,,,,,MESA INTEGRADA - DESCRICAO: COM PAINEL FRONTAL E HORIZONTAL COM 4 SUPORTES PARA CPU,,,,,,,,,,
,"122,",00005740,,,,,,,POLTRONA FIXA EM COURO SINTETICO SOBRE LONGARINA,,,,,,,,,,
,"123,",00005741,,,,,,,POLTRONA FIXA EM COURO SINTETICO SOBRE LONGARINA,,,,,,,,,,
,"124,",00005760,,,,,,,POLTRONA FIXA EM COURO SINTETICO SOBRE LONGARINA,,,,,,,,,,
,"125,",00005761,,,,,,,POLTRONA FIXA EM COURO SINTETICO SOBRE LONGARINA,,,,,,,,,,
,"126,",00005762,,,,,,,POLTRONA FIXA EM COURO SINTETICO SOBRE LONGARINA,,,,,,,,,,
,"127,",00005763,,,,,,,POLTRONA FIXA EM COURO SINTETICO SOBRE LONGARINA,,,,,,,,,,
,"128,",00005790,,,,,,,"BANCADA DE TRABALHO . - DESCRICAO: ESTRUTURA METALICA NA COR PRETA, COM TAMPO EM MELAMINIO BRANCO GELO, MED. 2,75X0,50X0,82, COM RODÍZIOS",,,,,,,,,,
,"129,",00005807,,,,,,,MESA EM MELAMINIO,,,,,,,,,,
,"130,",00005809,,,,,,,"MESA INTEGRADA - DESCRICAO: TIPO U, COM 2 SUPORTES PARA CPU",,,,,,,,,,
,"131,",00005887,,,,,,,CADEIRA GIRATORIA EM TECIDO - DESCRICAO: NA COR AZUL MARINH0.,,,22/07/2005 a 22/07/2006,CADERODE,,,5012-03 + 5021,,,
,"132,",00005892,,,,,,,CADEIRA GIRATORIA EM TECIDO - DESCRICAO: NA COR AZUL MARINH0.,,,22/07/2005 a 22/07/2006,CADERODE,,,5012-03 + 5021,,,
,"133,",00005906,,,,,,,CADEIRA GIRATORIA EM TECIDO - DESCRICAO: NA COR AZUL MARINH0.,,,22/07/2005 a 22/07/2006,CADERODE,,,5012-03 + 5021,,,
,"134,",00005938,,,,,,,"BALCAO EM MADEIRA - DESCRICAO: MACIÇA MEDINDO 3,95 X1,30X0,60M.",,,,,,,,,,
,"135,",00005947,,,,,,,FOGAO TIPO RESIDENCIAL - DESCRICAO: COM COM 04 BOCAS,,,12/08/2005 a 12/08/2006,CONTINENTAL,,,,,,
,"136,",00005975,,,,,,,MOTO BOMBA CENTRIFUGA - DESCRICAO: 1/2 CV COM SAÍDA 3/4,,,,THEBE,,,,,,
,"137,",00005992,,,,,,,EXTINTOR DE INCENDIO CO2 - DESCRICAO: 6 KG,,,,,,,,,,
,"138,",00006000,,,,,,,"PRATELEIRA COM TAMPA - DESCRICAO: EM MADEIRA ESTRUTURA DE FERRO, COM SUPORTE E MÃO-DE-FORCA, INSTALADA A PARTIR 2 METROS DE ALTURA DO CHÃO, PROFUNDIDADE DE 40 CM, ALTURA DE 50 CM CADA UMA, 1 (UMA) PARTE DE 3 METROS E 1(UMA) PARTE DE 4 METROS",,,,,,,,,,
,"139,",00006001,,,,,,,"PRATELEIRA COM TAMPA - DESCRICAO: EM MADEIRA ESTRUTURA DE FERRO, COM SUPORTE E MÃO-DE-FORCA, INSTALADA A PARTIR 2 METROS DE ALTURA DO CHÃO, PROFUNDIDADE DE 40 CM, ALTURA DE 50 CM CADA UMA, 1 (UMA) PARTE DE 3 METROS E 1(UMA) PARTE DE 4 METROS",,,,,,,,,,
,"140,",00006002,,,,,,,CONDICIONADOR DE AR DE PAREDE - DESCRICAO: 10.000BTUS DE 220WATS,,,22/12/2005 a 22/12/2006,SPRINGER,,,MCA105BB,,2705897652,
,"141,",00006003,,,,,,,CONDICIONADOR DE AR DE PAREDE - DESCRICAO: 10.000BTUS DE 220WATS,,,22/12/2005 a 22/12/2006,SPRINGER,,,MCA105BB,,2405897641,
,"142,",00006066,,,,,,,MONITOR DE VIDEO POLICROMATICO,,,24/02/2006 a 24/02/2008,IBM,,,,,VG-32809,
,"143,",00006070,,,,,,,TECLADO PARA MICROCOMPUTADOR,,,24/02/2006 a 24/02/2008,IBM,,,,,0138775,
,"144,",00006159,,,,,,,MICROCOMPUTADOR COM PROCESSADOR PENTIUM IV,,,,IBM,,,,,L1AK6DK,
,"145,",00006205,,,,,,,MONITOR DE VIDEO POLICROMATICO,,,22/04/2006 a 16/03/2009,IBM,,,,,VR09028,
,"146,",00006307,,,,,,,DVD PLAYER - DESCRICAO: PORTÁTIL,,,,GRADIENTE,,,DT-320,,57U266729A5K,
,"147,",00006308,,,,,,,ROTEADOR PARA REDES,,,,DIGITEL,,,2G 3201,,7802606,
,"148,",00006315,,,,,,,GAVETEIRO VOLANTE EM MELAMINIO - DESCRICAO: COM 3 GAVETAS / CHAVES NA COR CINZA.,,,,CADERODE,,,,,,
,"149,",00006323,,,,,,,TELEVISOR EM CORES - DESCRICAO: 34 POLEGADAS,,,06/06/2006 a 20/04/2007,SONY,,,KV-34FS110,,3002026,
,"150,",00006328,,,,,,,SWITCH  ,,,07/06/2006 a 01/03/2009,CISCO,,,2950T,,FOC1002Z349,
,"151,",00006369,,,,,,,DVD PLAYER,,,30/08/2006 a 30/01/2007,GRADIENTE,,,D-203,,25U289925H6E,
,"152,",00006379,,,,,,,APARELHO DE GPS (SISTEMA DE POSICIONAMENTO GLOBAL) - DESCRICAO: NR. SÉRIE 74969798,,,05/09/2006 a 29/01/2007,GARMIN,,,MAP 60CSX,,,
,"153,",00006399,,,,,,,"BALCAO PARA ATENDIMENTO - DESCRICAO: EM MELAMINIO COM PAINÉIS 1,20 X0,73M 1MEDINDO 0,90X1,08M   COM DOIS  MÓDULOS",,,,,,,,,,
,"154,",00006400,,,,,,,"BALCAO PARA ATENDIMENTO - DESCRICAO: EM MELAMINIO COM PAINÉIS 1,20 X0,73M 1MEDINDO 0,90X1,08M   -   COM  DOIS  MÓDULOS  .",,,,,,,,,,
,"155,",00006463,,,,,,,"MINI-CENTRAL DE AR CONDICIONADO - DESCRICAO: TIPO SPLIT, CAPACIDADE 12.000 BTUS.",,,29/12/2006 a 12/12/2007,SPRINGER,,,SILENTIA,,S2906B92329,
,"156,",00006464,,,,,,,"MINI-CENTRAL DE AR CONDICIONADO - DESCRICAO: TIPO SPLIT, CAPACIDADE 12.000 BTUS.",,,29/12/2006 a 12/12/2007,SPRINGER,,,SILENTIA,,S2906B92397,
,"157,",00006468,,,,,,,APARELHO DE FAX - DESCRICAO: - PAPEL PLANO,,,12/01/2007 a 22/06/2007,BROTHER,,,FAX-575,,B6K957759,
,"158,",00006496,,,,,,,CADEIRA FIXA EM TECIDO - DESCRICAO: NA COR AZUL MARINHO,,,,SUL BASES,,,ANATÔMICA,,,
,"159,",00006500,,,,,,,POLTRONA FIXA EM TECIDO SOBRE LONGARINA - DESCRICAO: NA COR AZUL MARINHO,,,,,,,,,,
,"160,",00006503,,,,,,,POLTRONA FIXA EM TECIDO SOBRE LONGARINA - DESCRICAO: NA COR AZUL MARINHO,,,,,,,,,,
,"161,",00006536,,,,,,,MONITOR LCD - CRISTAL LIQUIDO - DESCRICAO: 17 POLEGADAS,,,13/03/2007 a 13/03/2008,AOC,,,,,T7P71904926,
,"162,",00006541,,,,,,,MONITOR LCD - CRISTAL LIQUIDO - DESCRICAO: 17 POLEGADAS,,,13/03/2007 a 13/03/2008,AOC,,,,,T7CP71A902516,
,"163,",00006545,,,,,,,MONITOR LCD - CRISTAL LIQUIDO - DESCRICAO: 17 POLEGADAS,,,13/03/2007 a 13/03/2008,AOC,,,LM722,,T7CP71A904800,
,"164,",00006548,,,,,,,MONITOR LCD - CRISTAL LIQUIDO - DESCRICAO: 17 POLEGADAS,,,13/03/2007 a 13/03/2008,AOC,,,LM722,,T7CP71A904641,
,"165,",00006550,,,,,,,MONITOR LCD - CRISTAL LIQUIDO - DESCRICAO: 17 POLEGADAS,,,13/03/2007 a 13/03/2008,AOC,,,LM722,,T7CP71A902841,
,"166,",00006551,,,,,,,MONITOR LCD - CRISTAL LIQUIDO - DESCRICAO: 17 POLEGADAS,,,13/03/2007 a 13/03/2008,AOC,,,LM722,,T7CP71A904492,
,"167,",00006576,,,,,,,NO BREAK . - DESCRICAO: 3KVA/ 1.8 KW PARA RACK 19,,,16/04/2007 a 16/04/2008,APC,,,SURTA 3000XL,,JS0646014603,
,"168,",00006579,,,,,,,NO BREAK . - DESCRICAO: 3KVA/ 1.8 KW PARA RACK 19,,,16/04/2007 a 16/04/2008,APC,,,SURTA 3000XL,,JS0646014605,
,"169,",00006581,,,,,,,RECEPTOR DE MICROFONE - DESCRICAO: SISTEMA WIRELESS MICROPHONE SYSTEM,,,04/06/2007 a 30/11/2007,KARSECT,,,KRU-302,,KRU302070306577,
,"170,",00006583,,,,,,,CAIXA ACUSTICA - DESCRICAO: DE 75 W.,,,07/05/2007 a 03/05/2008,FRAHM,,,PS 500,,,
,"171,",00006584,,,,,,,CAIXA ACUSTICA - DESCRICAO: DE 75 W.,,,07/05/2007 a 03/05/2008,FRAHM,,,PS 500,,,
,"172,",00006595,,,,,,,ESTAÇÃO DE TRABALHO C/ UM MÓDULO - TIPO SECRETÁRIO - DESCRICAO: MEDINDO 135 X 135 X 060 X 060 X 074CM,,,20/05/2007 a 16/02/2008,MOBRAN,,,SECRETÁRIO,,,
,"173,",00006652,,,,,,,"ARMARIO ALTO - C/ DUAS PORTAS DE CORRER - DESCRICAO: MEDINDO 090CM DE LARG., 050CM DE PROF. E 163CM DE ALTURA",,,20/05/2007 a 16/02/2008,MOBRAN,,,PADRÃO,,,
,"174,",00006810,,,,,,,MICROFONE SEM FIO - DESCRICAO: SISTEMA WIRELESS MICROPHONE SYSTEM,,,04/06/2007 a 30/11/2007,KARSECT,,,KST-5U,,KST5U070306577/1,
,"175,",00006811,,,,,,,MICROFONE SEM FIO - DESCRICAO: SISTEMA WIRELESS MICROPHONE SYSTEM,,,04/06/2007 a 30/11/2007,KARSECT,,,KST-5U,,KST5U070306577/2,
,"176,",00006814,,,,,,,"CÂMERA FOTOGRÁFICA DIGITAL - DESCRICAO: 7.2 MEGA PIXELS, COM ZOOM ÓPTICO 3X E MONITOR DE LCD DE 2.0",,,22/06/2007 a 19/06/2008,SONY,,,CYBER-SHOT DSC-S650,,S01-0248275-E,
,"177,",00006815,,,,,,,"CÂMERA FOTOGRÁFICA DIGITAL - DESCRICAO: 7.2 MEGA PIXELS, COM ZOOM ÓPTICO 3X E MONITOR DE LCD DE 2.0",,,22/06/2007 a 19/06/2008,SONY,,,CYBER-SHOT DSC-S650,,S01-024874-E,
,"178,",00006834,,,,,,,CONDICIONADOR DE AR DE PAREDE - DESCRICAO: DE 21.000 BETUS,,,09/07/2007 a 02/07/2008,GREE,,,GJ21,,143347000894,
,"179,",00006837,,,,,,,CONDICIONADOR DE AR DE PAREDE - DESCRICAO: DE 21.000 BETUS,,,09/07/2007 a 02/07/2008,GREE,,,GJ21,,1433460002395,
,"180,",00006844,,,,,,,MINI-CENTRAL DE AR CONDICIONADO - DESCRICAO: DE 30.000 BTÚS. CONDENSADORA    SÉRIE-471965,,,17/08/2007 a 17/08/2008,HITACHI,,,SPLIT,,150013,
,"181,",00006851,,,,,,,BANCADA DE TRABALHO . - DESCRICAO: EM MADEIRA C/ ESTRUTURA EM AÇO MEDINDO 3 METROS NA COR BRANCA COM 16 TOMADAS FEMEAS,,,,,,,,,,
,"182,",00006852,,,,,,,BANCADA DE TRABALHO . - DESCRICAO: EM MADEIRA C/ ESTRUTURA EM AÇO MEDINDO 3 METROS NA COR BRANCA COM 16 TOMADAS FEMEAS,,,,,,,,,,
,"183,",00006854,,,,,,,BANCADA DE TRABALHO . - DESCRICAO: EM MADEIRA C/ ESTRUTURA EM AÇO MEDINDO 3 METROS NA COR BRANCA COM 16 TOMADAS FEMEAS,,,,,,,,,,
,"184,",00006855,,,,,,,BANCADA DE TRABALHO . - DESCRICAO: EM MADEIRA C/ ESTRUTURA EM AÇO MEDINDO 3 METROS NA COR BRANCA COM 16 TOMADAS FEMEAS,,,,,,,,,,
,"185,",00006856,,,,,,,BANCADA DE TRABALHO . - DESCRICAO: EM MADEIRA C/ ESTRUTURA EM AÇO MEDINDO 3 METROS NA COR BRANCA COM 16 TOMADAS FEMEAS,,,,,,,,,,
,"186,",00006857,,,,,,,BANCADA DE TRABALHO . - DESCRICAO: EM MADEIRA C/ ESTRUTURA EM AÇO MEDINDO 3 METROS NA COR BRANCA COM 16 TOMADAS FEMEAS,,,,,,,,,,
,"187,",00006858,,,,,,,BANCADA DE TRABALHO . - DESCRICAO: EM MADEIRA C/ ESTRUTURA EM AÇO MEDINDO 3 METROS NA COR BRANCA COM 16 TOMADAS FEMEAS,,,,,,,,,,
,"188,",00006967,,,,,,,"CINZEIRO LIXEIRA - DESCRICAO: INOX MEDINDO 0,30 CM DIAMETRO X 0,70 CM ALTURA .",,,,MITRA,,,,,,
,"189,",00006968,,,,,,,"CINZEIRO LIXEIRA - DESCRICAO: INOX MEDINDO 0,30 CM DIAMETRO X 0,70 CM ALTURA .",,,,MITRA,,,,,,
,"190,",00006976,,,,,,,BANCADA DE TRABALHO . - DESCRICAO: PARA SUPORTE DE URNAS ELETRÔNICAS,,,,,,,,,,
,"191,",00006979,,,,,,,BANCADA DE TRABALHO . - DESCRICAO: PARA SUPORTE DE URNAS ELETRÔNICAS,,,,,,,,,,
,"192,",00006984,,,,,,,BANCADA DE TRABALHO . - DESCRICAO: PARA SUPORTE DE URNAS ELETRÔNICAS,,,,,,,,,,
,"193,",00007044,,,,,,,HEADSET APARELHO  COM FONE DE OUVIDO E MICROFONE - DESCRICAO: SEM FIO 2.4 GHZ,,,15/04/2008 a 14/04/2009,PLANTRONICS,,,CT 12,,74052541,
,"194,",00007045,,,,,,,HEADSET APARELHO  COM FONE DE OUVIDO E MICROFONE - DESCRICAO: SEM FIO 2.4 GHZ,,,15/04/2008 a 14/04/2009,PLANTRONICS,,,CT 12,,74052987,
,"195,",00007046,,,,,,,HEADSET APARELHO  COM FONE DE OUVIDO E MICROFONE - DESCRICAO: SEM FIO 2.4 GHZ,,,15/04/2008 a 14/04/2009,PLANTRONICS,,,CT 12,,74054438,
,"196,",00007052,,,,,,,APARELHO DE FAX - DESCRICAO: PAPEL A4,,,,BROTHER,,,FAX-575,,U61361L7K900370,
,"197,",00007053,,,,,,,DVD PLAYER - DESCRICAO: COM CONTROLE,,,,CCE,,,700USX,,JMC3688FGTNI00GBA,
,"198,",00007073,,,,,,,MESA DIGITAL - DESCRICAO: DE 6X8,,,15/05/2008 a 15/05/2008,WACUM,,,GTE-650,,71P000714,
,"199,",00007079,,,,,,,"CONDICIONADOR DE AR DE PAREDE - DESCRICAO: 21.000 BTU´S, TENSÃO 220 V",,,30/05/2008 a 30/05/2008,GREE,,,,,1433460002386,
,"200,",00007097,,,,,,,PROJETOR MULTIMIDIA - DESCRICAO: RESOLUÇÃO NATIVA XGA (1024 X 768),,,20/06/2008 a 16/06/2009,EPSON,,,EMP-X5,,JX8F822302L,
,"201,",00007102,,,,,,,SCANNER DE MESA - DESCRICAO: FOTOGRÁFICO SCANJET,,,25/06/2008 a 20/06/2009,HP,,,G2710,,CN82PA52RW,
,"202,",00007103,,,,,,,SCANNER DE MESA - DESCRICAO: FOTOGRÁFICO SCANJET,,,25/06/2008 a 20/06/2009,HP,,,G2710,,CN82RA53SY,
,"203,",00007115,,,,,,,HEADSET APARELHO  COM FONE DE OUVIDO E MICROFONE,,,15/07/2008 a 09/07/2010,MELCOM,,,ST-P101A,,2007048812,
,"204,",00007160,,,,,,,MODEM . - DESCRICAO: EXTERNO 56K,,,31/07/2008 a 11/03/2011,TRELLIS,,,M56K,,773559-8,
,"205,",00007185,,,,,,,"POLTRONA GIRATORIA EM COURVIM - DESCRICAO: TIPO DIRETOR, COM BRAÇOS, ESPALDAR MÉDIO",,,30/07/2008 a 24/07/2009,,,,,,,
,"206,",00007187,,,,,,,"POLTRONA GIRATORIA EM COURVIM - DESCRICAO: COM BRAÇOS, ESPALDAR MÉDIO, COR PRETA",,,30/07/2008 a 24/07/2009,,,,,,,
,"207,",00007191,,,,,,,"POLTRONA GIRATORIA EM COURVIM - DESCRICAO: COM BRAÇOS, ESPALDAR MÉDIO, COR PRETA",,,30/07/2008 a 24/07/2009,,,,,,,
,"208,",00007192,,,,,,,"POLTRONA GIRATORIA EM COURVIM - DESCRICAO: COM BRAÇOS, ESPALDAR MÉDIO, COR PRETA",,,30/07/2008 a 24/07/2009,,,,,,,
,"209,",00007194,,,,,,,"POLTRONA GIRATORIA EM COURVIM - DESCRICAO: COM BRAÇOS, ESPALDAR MÉDIO, COR PRETA",,,30/07/2008 a 24/07/2009,,,,,,,
,"210,",00007215,,,,,,,ARMÁRIO ALTO EXECUTIVO  - C/ DUAS PORTAS DE CORRER - DESCRICAO: MEDINDO 90X50X163,,,30/08/2008 a 04/08/2009,ADATTARE,,,ADATTARE,,,
,"211,",00007246,,,,,,,BALCAO DE ATENDIMENTO - EM MDF SOB MEDIDA - DESCRICAO: BALCÃO DE ATENDIMENTO,,,15/08/2008 a 15/08/2009,MOBILE,,,MOBILE,,,
,"212,",00007248,,,,,,,SUPORTE SUPORTE PARA CPU - DESCRICAO: SUPORTE PARA CPU,,,15/08/2008 a 15/08/2009,MOBILE,,,MOBILE,,,
,"213,",00007249,,,,,,,SUPORTE SUPORTE PARA CPU - DESCRICAO: SUPORTE PARA CPU,,,15/08/2008 a 15/08/2009,MOBILE,,,MOBILE,,,
,"214,",00007265,,,,,,,MINI-CENTRAL DE AR CONDICIONADO - DESCRICAO: 30.000 BTUS,,,30/08/2008 a 05/08/2009,ELECTROLUX,,,,,80614403,
,"215,",00007272,,,,,,,"CÂMERA FOTOGRÁFICA DIGITAL - DESCRICAO: 8.1 MEGAPIXELS, ZOOM ÓPTICO 3X, LCD 2,4"" .",,,10/09/2008 a 10/09/2009,SAMSUNG,,,S860,,A07DC90Q703666D,
,"216,",00007273,,,,,,,"CÂMERA FOTOGRÁFICA DIGITAL - DESCRICAO: 8.1 MEGAPIXELS, ZOOM ÓPTICO 3X, LCD 2,4"" .",,,10/09/2008 a 10/09/2009,SAMSUNG,,,S860,,A08AC90Q709728T,
,"217,",00007275,,,,,,,"CÂMERA FOTOGRÁFICA DIGITAL - DESCRICAO: 8.1 MEGAPIXELS, ZOOM ÓPTICO 3X, LCD 2,4"" .",,,10/09/2008 a 10/09/2009,SAMSUNG,,,S860,,A08AC90Q707618R,
,"218,",00007277,,,,,,,"CÂMERA FOTOGRÁFICA DIGITAL - DESCRICAO: 8.1 MEGAPIXELS, ZOOM ÓPTICO 3X, LCD 2,4"" .",,,10/09/2008 a 10/09/2009,SAMSUNG,,,S860,,A07DC90Q703386E,
,"219,",00007279,,,,,,,"CÂMERA FOTOGRÁFICA DIGITAL - DESCRICAO: 8.1 MEGAPIXELS, ZOOM ÓPTICO 3X, LCD 2,4"" .",,,10/09/2008 a 10/09/2009,SAMSUNG,,,S860,,A08AC90Q709696L,
,"220,",00007296,,,,,,,"MINI-CENTRAL DE AR CONDICIONADO - DESCRICAO: MINI-CENTRAL DE AR CONDICIONADO SPLIT, 12.000 BTUS KOS 12 FC-G2B",,,27/02/2008 a 11/01/2009,KOMECO,,,SPLIT,,C101001240907A121206,
,"221,",00007346,,,,,,,NO BREAK . - DESCRICAO: 1.4 KVA.,,,13/10/2008 a 10/10/2009,SMS,,,NET4+,,272510008730,
,"222,",00007393,,,,,,,"MICROCOMPUTADOR COM PROCESSADOR - DESCRICAO: INTEL CORE 2 DUO E6750 (2.66 GHZ), 2 GB DE MEMÓRIA RAM , DISCO RÍGIDO 160GB.",,,18/09/2008 a 15/09/2008,LENOVO,,,THINKCENTRE M57P,,L1AK2RD,
,"223,",00007394,,,,,,,"MICROCOMPUTADOR COM PROCESSADOR - DESCRICAO: INTEL CORE 2 DUO E6750 (2.66 GHZ), 2 GB DE MEMÓRIA RAM , DISCO RÍGIDO 160GB.",,,18/09/2008 a 15/09/2008,LENOVO,,,THINKCENTRE M57P,,L1AK0YT,
,"224,",00007399,,,,,,,"MICROCOMPUTADOR COM PROCESSADOR - DESCRICAO: INTEL CORE 2 DUO E6750 (2.66 GHZ), 2 GB DE MEMÓRIA RAM , DISCO RÍGIDO 160GB.",,,18/09/2008 a 15/09/2008,LENOVO,,,THINKCENTRE M57P,,L1AK0ZH,
,"225,",00007402,,,,,,,"MICROCOMPUTADOR COM PROCESSADOR - DESCRICAO: INTEL CORE 2 DUO E6750 (2.66 GHZ), 2 GB DE MEMÓRIA RAM , DISCO RÍGIDO 160GB.",,,18/09/2008 a 15/09/2008,LENOVO,,,THINKCENTRE M57P,,L1AK3GB,
,"226,",00007420,,,,,,,"MONITOR LCD - CRISTAL LIQUIDO - DESCRICAO: SVGA, 17 POLEGADAS.",,,07/10/2008 a 01/10/2009,AOC,,,718SWAG-1,,K3085CA002890,
,"227,",00007429,,,,,,,"MONITOR LCD - CRISTAL LIQUIDO - DESCRICAO: SVGA, 17 POLEGADAS.",,,07/10/2008 a 01/10/2009,AOC,,,177SA-1,,98676CA000010,
,"228,",00007433,,,,,,,"MONITOR LCD - CRISTAL LIQUIDO - DESCRICAO: SVGA, 17 POLEGADAS.",,,07/10/2008 a 01/10/2009,AOC,,,177SA-1,,98676CA001657,
,"229,",00007454,,,,,,,CALCULADORA  ELETRONICA - DESCRICAO: DE MESA COM VISOR E IMPRESSORA.,,,07/10/2008 a 07/10/2009,ELGIN,,,,,8000362,
,"230,",00007488,,,,,,,"MICROCOMPUTADOR COM PROCESSADOR - DESCRICAO: INTEL CORE 2 DUO, 2GB RAM, HD 160 GB, DVD/RW.",,,30/10/2008 a 13/10/2009,LENOVO,,,6073BA4,,L1AC2ZF,
,"231,",00007504,,,,,,,MONITOR LCD - CRISTAL LIQUIDO - DESCRICAO: 17 POLEGADAS.,,,30/10/2008 a 13/10/2009,LENOVO,,,4428-AB1,,VF 51178,
,"232,",00007505,,,,,,,MONITOR LCD - CRISTAL LIQUIDO - DESCRICAO: 17 POLEGADAS.,,,30/10/2008 a 13/10/2009,LENOVO,,,4428-AB1,,VF 51245,
,"233,",00007558,,,,,,,UNIDADE DE BACKUP - DESCRICAO: LTO.,,,06/11/2008 a 31/10/2008,HP,,,,,,
,"234,",00007569,,,,,,,"MICROCOMPUTADOR COM PROCESSADOR - DESCRICAO: INTEL CORE 2 DUO E8400 (3.0 GHZ), 2GB RAM, HD 160 GB, DVD/RW",,,22/12/2008 a 19/12/2009,LENOVO,,,THINKCENTRE M57P,,L1AN8VN,
,"235,",00007573,,,,,,,"MICROCOMPUTADOR COM PROCESSADOR - DESCRICAO: INTEL CORE 2 DUO E8400 (3.0 GHZ), 2GB RAM, HD 160 GB, DVD/RW",,,22/12/2008 a 19/12/2009,LENOVO,,,THINKCENTRE M57P,,L1AN8VK,
,"236,",00007577,,,,,,,"MICROCOMPUTADOR COM PROCESSADOR - DESCRICAO: INTEL CORE 2 DUO E8400 (3.0 GHZ), 2GB RAM, HD 160 GB, DVD/RW",,,22/12/2008 a 19/12/2009,LENOVO,,,THINKCENTRE M57P,,L1AN8VL,
,"237,",00007598,,,,,,,APARELHO DE FAX,,,13/03/2009 a 13/03/2010,BROTHER,,,FAX-575,,L7K900469,
,"238,",00007622,,,,,,,DESUMIDIFICADOR DE PAPEL - DESCRICAO: CAPACIDADE 1500 FLS.,,,08/06/2009 a 05/11/2009,MENNO,,,,,,
,"239,",00007657,,,,,,,"SISTEMA DE MICROFONES SEM FIO - DESCRICAO: DUPLO, CONTENDO: 01 RECEPTOR (S/N 255080901417) E 02 MICROFONES DE MÃO.",,,17/06/2009 a 17/06/2010,SKP PRO AUDIO,,,UHF 255,,255080901417,
,"240,",00007714,,,,,,,"LAVADORA  DE ALTA PRESSÃO - DESCRICAO: POTÊNCIA: 1600 W, VAZÃO: 360 L/H.",,,26/10/2009 a 26/10/2010,MOTOMIL,,,LM-1600,,10752,
,"241,",00007808,,,,,,,"MOTO BOMBA CENTRIFUGA - DESCRICAO: 1/2CV, MONOFÁSICA, 60HZ.",,,17/11/2009 a 17/11/2010,SCHNEIDER,,,BC-98SC,,6308142771028,
,"242,",00007809,,,,,,,"CONDICIONADOR DE AR DE PAREDE - DESCRICAO: 12.000 BTUS, 220 V.",,,24/11/2009 a 24/11/2010,SPRINGER,,,MINIMAXI,,S4009B55143,
,"243,",00007810,,,,,,,"CONDICIONADOR DE AR DE PAREDE - DESCRICAO: 12.000 BTUS, 220 V.",,,24/11/2009 a 24/11/2010,SPRINGER,,,MINIMAXI,,S4009B55039,
,"244,",00007828,,,,,,,BEBEDOURO DE AGUA EM AÇO INOX. - DESCRICAO: TIPO COLUNA.,,,,ESMALTEC,,,EGC35B,,12051406763645,
,"245,",00007843,,,,,,,IMPRESSORA LASER - DESCRICAO: MONOCROMÁTICA,,,20/01/2010 a 19/01/2013,HP,,,LASERJET P2055DN,,BRBH9BJ5LO,
,"246,",00007844,,,,,,,IMPRESSORA LASER - DESCRICAO: MONOCROMÁTICA,,,20/01/2010 a 19/01/2013,HP,,,LASERJET P2055DN,,BRBH9CL517,
,"247,",00007845,,,,,,,IMPRESSORA LASER - DESCRICAO: MONOCROMÁTICA,,,20/01/2010 a 19/01/2013,HP,,,LASERJET P2055DN,,BRBH9CL5Q9,
,"248,",00007846,,,,,,,IMPRESSORA LASER - DESCRICAO: MONOCROMÁTICA,,,20/01/2010 a 19/01/2013,HP,,,LASERJET P2055DN,,BRBH9CM52Y,
,"249,",00007850,,,,,,,IMPRESSORA LASER - DESCRICAO: MONOCROMÁTICA,,,20/01/2010 a 19/01/2013,HP,,,LASERJET P2055DN,,BRBH9CD51K,
,"250,",00007852,,,,,,,IMPRESSORA LASER - DESCRICAO: MONOCROMÁTICA,,,20/01/2010 a 19/01/2013,HP,,,LASERJET P2055DN,,BRBH9CL511,
,"251,",00007853,,,,,,,IMPRESSORA LASER - DESCRICAO: MONOCROMÁTICA,,,20/01/2010 a 19/01/2013,HP,,,LASERJET P2055DN,,BRBH9CM533,
,"252,",00007854,,,,,,,IMPRESSORA MATRICIAL,,,20/01/2010 a 11/01/2010,EPSON,,,LQ-590,,FSQY143926,
,"253,",00007856,,,,,,,IMPRESSORA MATRICIAL,,,20/01/2010 a 11/01/2010,EPSON,,,LQ-590,,FSQY143913,
,"254,",00007865,,,,,,,"FRAGMENTADORA DE PAPEL - DESCRICAO: FRAGMENTADORA DE PAPEL MARCA EBA, MODELO 5140S.",,,,EBA,,,5140S,,,
,"255,",00007869,,,,,,,IMPRESSORA LASERJET,,,,HP,,,LASERJET P2055DN,,BRBH9DH527,
,"256,",00007870,,,,,,,IMPRESSORA LASERJET,,,,HP,,,LASERJET P2055DN,,BRBH9DH52W,
,"257,",00007871,,,,,,,IMPRESSORA LASERJET,,,,HP,,,LASERJET P2055DN,,BRBH9DH530,
,"258,",00007872,,,,,,,IMPRESSORA LASERJET,,,,HP,,,LASERJET P2055DN,,BRBH9DH5HJ,
,"259,",00007873,,,,,,,IMPRESSORA LASERJET,,,,HP,,,LASERJET P2055DN,,BRBH9DH52M,
,"260,",00007874,,,,,,,IMPRESSORA LASERJET,,,,HP,,,LASERJET P2055DN,,BRBH9DH52N,
,"261,",00007878,,,,,,,IMPRESSORA LASERJET,,,,HP,,,LASERJET P2055DN,,BRBH9DH528,
,"262,",00007879,,,,,,,IMPRESSORA LASERJET,,,,HP,,,LASERJET P2055DN,,BRBH9DH5B9,
,"263,",00007880,,,,,,,IMPRESSORA LASERJET,,,,HP,,,LASERJET P2055DN,,BRBH9DH52T,
,"264,",00007882,,,,,,,IMPRESSORA LASERJET,,,,HP,,,LASERJET P2055DN,,BRBH9DH52X,
,"265,",00007886,,,,,,,IMPRESSORA LASERJET,,,,HP,,,LASERJET P2055DN,,BRBH9DH52B,
,"266,",00007887,,,,,,,IMPRESSORA LASERJET,,,,HP,,,LASERJET P2055DN,,BRBH9DH52P,
,"267,",00007904,,,,,,,"FOGAO TIPO RESIDENCIAL - DESCRICAO: 04 (QUATRO) BOCAS, FORNO AUTOLIMPANTE.",,,,,,,,,,
,"268,",00007930,,,,,,,IMPRESSORA MATRICIAL,,,,EPSON,,,LQ-590,,FSQY152015,
,"269,",00007932,,,,,,,PAINEL ELETRONICO - DESCRICAO: DE SENHAS.,,,,,,,,,PS003-0225/V2,
,"270,",00007942,,,,,,,"CARRO TUBULAR PARA TRANSPORTE DE MATERIAL, 2 RODAS",,,,,,,,,,
,"271,",00008054,,,,,,,APARELHO TELEFONICO SEM FIO - DESCRICAO: TELEFONE SEM FIO [HANDSET].,,,,OREGON,,,OS6014,,0028521411,
,"272,",00008059,,,,,,,APARELHO TELEFONICO SEM FIO - DESCRICAO: TELEFONE SEM FIO [HANDSET].,,,,OREGON,,,OS6014,,0028521416,
,"273,",00008084,,,,,,,NO BREAK . - DESCRICAO: NO BREAK SMS MODELO NETWINNER 1300BI.,,,,SMS,,,NW 1300BI,,,
,"274,",00008092,,,,,,,MONITOR KVM 17 POLEGADAS COM TECLADO,,,,BLACK BOX,,,,,,
,"275,",00008111,,,,,,,"CADEIRA GIRATORIA EM TECIDO - DESCRICAO: ESPALDAR MÉDIO, COR PRETA.",,,,,,,,,,
,"276,",00008113,,,,,,,"CADEIRA GIRATORIA EM TECIDO - DESCRICAO: ESPALDAR MÉDIO, COR PRETA.",,,,,,,,,,
,"277,",00008114,,,,,,,"CADEIRA GIRATORIA EM TECIDO - DESCRICAO: ESPALDAR MÉDIO, COR PRETA.",,,,,,,,,,
,"278,",00008117,,,,,,,"CADEIRA GIRATORIA EM TECIDO - DESCRICAO: ESPALDAR MÉDIO, COR PRETA.",,,,,,,,,,
,"279,",00008121,,,,,,,"CADEIRA GIRATORIA EM TECIDO - DESCRICAO: ESPALDAR MÉDIO, COR PRETA.",,,,,,,,,,
,"280,",00008151,,,,,,,"MONITOR LCD - CRISTAL LIQUIDO - DESCRICAO: 22"" WIDESCREEN",,,,LENOVO,,,THINKVISION L2250P,,V6-E8944,
,"281,",00008186,,,,,,,"MICROCOMPUTADOR COM PROCESSADOR - DESCRICAO: INTEL CORE 2 DUO E7500 (2.93 GHZ), 2 X 2 GB DE RAM, HD 320 GB, DVDRW.",,,21/08/2010 a 21/08/2013,LENOVO,,,THINKCENTRE M58,,L1BMRDO,
,"282,",00008192,,,,,,,"MICROCOMPUTADOR COM PROCESSADOR - DESCRICAO: INTEL CORE 2 DUO E7500 (2.93 GHZ), 2 X 2 GB DE RAM, HD 320 GB, DVDRW.",,,21/08/2010 a 21/08/2013,LENOVO,,,THINKCENTRE M58,,L1BMRCL,
,"283,",00008195,,,,,,,"MICROCOMPUTADOR COM PROCESSADOR - DESCRICAO: INTEL CORE 2 DUO E7500 (2.93 GHZ), 2 X 2 GB DE RAM, HD 320 GB, DVDRW.",,,21/08/2010 a 21/08/2013,LENOVO,,,THINKCENTRE M58,,L1BMRA2,
,"284,",00008201,,,,,,,"MICROCOMPUTADOR COM PROCESSADOR - DESCRICAO: INTEL CORE 2 DUO E7500 (2.93 GHZ), 2 X 2 GB DE RAM, HD 320 GB, DVDRW.",,,21/08/2010 a 21/08/2013,LENOVO,,,THINKCENTRE M58,,L1BMR9Z,
,"285,",00008344,,,,,,,"APARELHO TELEFONICO SEM FIO COM HEADSET - DESCRICAO: TELEFONE GIGASET C38H, HEADSET PLANTRONICS.",,,,SIEMENS,,,GIGASET C385,,0166F2F800,
,"286,",00008347,,,,,,,"APARELHO TELEFONICO SEM FIO COM HEADSET - DESCRICAO: TELEFONE GIGASET C38H, HEADSET PLANTRONICS.",,,,SIEMENS,,,GIGASET C385,,0166F2F260,
,"287,",00008350,,,,,,,"APARELHO TELEFONICO SEM FIO COM HEADSET - DESCRICAO: TELEFONE GIGASET C38H, HEADSET PLANTRONICS.",,,,SIEMENS,,,GIGASET C385,,01666CEFC0,
,"288,",00008351,,,,,,,"APARELHO TELEFONICO SEM FIO COM HEADSET - DESCRICAO: TELEFONE GIGASET C38H, HEADSET PLANTRONICS.",,,,SIEMENS,,,GIGASET C385,,0166F1EE60,
,"289,",00008352,,,,,,,"APARELHO TELEFONICO SEM FIO COM HEADSET - DESCRICAO: TELEFONE GIGASET C38H, HEADSET PLANTRONICS.",,,,SIEMENS,,,GIGASET C385,,0166F2AB00,
,"290,",00008354,,,,,,,"APARELHO TELEFONICO SEM FIO COM HEADSET - DESCRICAO: TELEFONE GIGASET C38H, HEADSET PLANTRONICS.",,,,SIEMENS,,,GIGASET C385,,01666DE640,
,"291,",00008369,,,,,,,CORTADOR DE GRAMA ELÉTRICO,,,,GARTHEN,,,GC-1100,,,
,"292,",00008370,,,,,,,CARRINHO DE MÃO - DESCRICAO: COM CAÇAMBA EM POLIPROPILENO.,,,,TRAMONTINA,,,,,,
,"293,",00008389,,,,,,,NOTEBOOK COM PROCESSADOR - DESCRICAO: INTEL CORE 2 DUO P8600/2GB/HD 160GB/DVD-RW,,,,DATEN,,,DT02 M5,,00250658,
,"294,",00008391,,,,,,,NOTEBOOK COM PROCESSADOR - DESCRICAO: INTEL CORE 2 DUO P8600/2GB/HD 160GB/DVD-RW,,,,DATEN,,,DT02 M5,,00250776,
,"295,",00008393,,,,,,,NOTEBOOK COM PROCESSADOR - DESCRICAO: INTEL CORE 2 DUO P8600/2GB/HD 160GB/DVD-RW,,,,DATEN,,,DT02 M5,,00250711,
,"296,",00008433,,,,,,,CÂMERA FOTOGRÁFICA DIGITAL - DESCRICAO: COR PRATA,,,,SAMSUNG,,,ES70,,0942C90Z701310R,
,"297,",00008435,,,,,,,CÂMERA FOTOGRÁFICA DIGITAL - DESCRICAO: COR PRATA,,,,SAMSUNG,,,ES70,,0942C90Z602490Y,
,"298,",00008437,,,,,,,CÂMERA FOTOGRÁFICA DIGITAL - DESCRICAO: COR PRATA,,,,SAMSUNG,,,ES70,,0942C90Z701350T,
,"299,",00008439,,,,,,,CÂMERA FOTOGRÁFICA DIGITAL - DESCRICAO: COR PRATA,,,,SAMSUNG,,,ES70,,0942C90Z505124H,
,"300,",00008441,,,,,,,CÂMERA FOTOGRÁFICA DIGITAL - DESCRICAO: COR PRATA,,,,SAMSUNG,,,ES70,,0942C90Z500773H,
,"301,",00008442,,,,,,,CÂMERA FOTOGRÁFICA DIGITAL - DESCRICAO: COR PRATA,,,,SAMSUNG,,,ES70,,0942C90Z701096Z,
,"302,",00008505,,,,,,,"BEBEDOURO DE AGUA TIPO GARRAFAO - DESCRICAO: TIPO COLUNA, EM AÇO INOX.",,,,LIBELL,,,MASTER,,,
,"303,",00008521,,,,,,,"CENTRAL DE AR CONDICIONADO - DESCRICAO: APARELHO DE AR-CONDICIONADO COM CAPACIDADE DE
REFRIGERAÇÃO DE 30.000 BTUS, TENSÃO 110/220V, U.EX. C101261560810A26130005",,,,MIDEA,,,MSE1-30CR,,C101236701710728120371,
,"304,",00008550,,,,,,,"MONITOR DE VIDEO LCD - DESCRICAO: 19 POLEGADAS, COR PRETA.",,,,HP,,,L190HB,,,
,"305,",00008552,,,,,,,"MONITOR DE VIDEO LCD - DESCRICAO: 19 POLEGADAS, COR PRETA.",,,,HP,,,L190HB,,,
,"306,",00008554,,,,,,,"MONITOR DE VIDEO LCD - DESCRICAO: 19 POLEGADAS, COR PRETA.",,,,HP,,,L190HB,,,
,"307,",00008562,,,,,,,"MONITOR DE VIDEO LCD - DESCRICAO: 19 POLEGADAS, COR PRETA.",,,,HP,,,L190HB,,,
,"308,",00008563,,,,,,,"MONITOR DE VIDEO LCD - DESCRICAO: 19 POLEGADAS, COR PRETA.",,,,HP,,,L190HB,,,
,"309,",00008572,,,,,,,"MONITOR DE VIDEO LCD - DESCRICAO: 19 POLEGADAS, WIDESCREEN.",,,,ITAUTEC,,,L190HB,,,
,"310,",00008581,,,,,,,"MONITOR DE VIDEO LCD - DESCRICAO: 19 POLEGADAS, WIDESCREEN.",,,,ITAUTEC,,,L190HB,,,
,"311,",00008590,,,,,,,"MONITOR DE VIDEO LCD - DESCRICAO: 19 POLEGADAS, WIDESCREEN.",,,,ITAUTEC,,,L190HB,,,
,"312,",00008596,,,,,,,"MONITOR DE VIDEO LCD - DESCRICAO: 19 POLEGADAS, WIDESCREEN.",,,,ITAUTEC,,,L190HB,,,
,"313,",00008613,,,,,,,"MONITOR DE VIDEO LCD - DESCRICAO: 19 POLEGADAS, WIDESCREEN.",,,,ITAUTEC,,,L190HB,,,
,"314,",00008615,,,,,,,MICROCOMPUTADOR COM PROCESSADOR - DESCRICAO: 4GB,,,31/05/2011 a 31/05/2015,ITAUTEC,,,INFOWAY SM 3330,,4003007100255,
,"315,",00008616,,,,,,,MICROCOMPUTADOR COM PROCESSADOR - DESCRICAO: 4GB,,,31/05/2011 a 31/05/2015,ITAUTEC,,,INFOWAY SM 3330,,4003007100076,
,"316,",00008617,,,,,,,MICROCOMPUTADOR COM PROCESSADOR - DESCRICAO: 4GB,,,31/05/2011 a 31/05/2015,ITAUTEC,,,INFOWAY SM 3330,,4003007000212,
,"317,",00008618,,,,,,,MICROCOMPUTADOR COM PROCESSADOR - DESCRICAO: 4GB,,,31/05/2011 a 31/05/2015,ITAUTEC,,,INFOWAY SM 3330,,4003006800228,
,"318,",00008620,,,,,,,MICROCOMPUTADOR COM PROCESSADOR - DESCRICAO: 4GB,,,31/05/2011 a 31/05/2015,ITAUTEC,,,INFOWAY SM 3330,,4003007100337,
,"319,",00008621,,,,,,,MICROCOMPUTADOR COM PROCESSADOR - DESCRICAO: 4GB,,,31/05/2011 a 31/05/2015,ITAUTEC,,,INFOWAY SM 3330,,4003007000191,
,"320,",00008622,,,,,,,MICROCOMPUTADOR COM PROCESSADOR - DESCRICAO: 4GB,,,31/05/2011 a 31/05/2015,ITAUTEC,,,INFOWAY SM 3330,,4003006800341,
,"321,",00008623,,,,,,,MICROCOMPUTADOR COM PROCESSADOR - DESCRICAO: 4GB,,,31/05/2011 a 31/05/2015,ITAUTEC,,,INFOWAY SM 3330,,4003007100339,
,"322,",00008625,,,,,,,MICROCOMPUTADOR COM PROCESSADOR - DESCRICAO: 4GB,,,31/05/2011 a 31/05/2015,ITAUTEC,,,INFOWAY SM 3330,,4002739500377,
,"323,",00008628,,,,,,,MICROCOMPUTADOR COM PROCESSADOR - DESCRICAO: 4GB,,,31/05/2011 a 31/05/2015,ITAUTEC,,,INFOWAY SM 3330,,4003007100338,
,"324,",00008630,,,,,,,MICROCOMPUTADOR COM PROCESSADOR - DESCRICAO: 4GB,,,31/05/2011 a 31/05/2015,ITAUTEC,,,INFOWAY SM 3330,,4003007100335,
,"325,",00008633,,,,,,,MICROCOMPUTADOR COM PROCESSADOR - DESCRICAO: 4GB,,,31/05/2011 a 31/05/2015,ITAUTEC,,,INFOWAY SM 3330,,4002739500388,
,"326,",00008634,,,,,,,MICROCOMPUTADOR COM PROCESSADOR - DESCRICAO: 4GB,,,31/05/2011 a 31/05/2015,ITAUTEC,,,INFOWAY SM 3330,,4003007000376,
,"327,",00008635,,,,,,,MICROCOMPUTADOR COM PROCESSADOR - DESCRICAO: 4GB,,,31/05/2011 a 31/05/2015,ITAUTEC,,,INFOWAY SM 3330,,4003006800074,
,"328,",00008636,,,,,,,MICROCOMPUTADOR COM PROCESSADOR - DESCRICAO: 4GB,,,31/05/2011 a 31/05/2015,ITAUTEC,,,INFOWAY SM 3330,,4003007100330,
,"329,",00008637,,,,,,,MICROCOMPUTADOR COM PROCESSADOR - DESCRICAO: 4GB,,,31/05/2011 a 31/05/2015,ITAUTEC,,,INFOWAY SM 3330,,4003007100297,
,"330,",00008638,,,,,,,MICROCOMPUTADOR COM PROCESSADOR - DESCRICAO: 4GB,,,31/05/2011 a 31/05/2015,ITAUTEC,,,INFOWAY SM 3330,,4003007100308,
,"331,",00008641,,,,,,,MICROCOMPUTADOR COM PROCESSADOR - DESCRICAO: 4GB,,,31/05/2011 a 31/05/2015,ITAUTEC,,,INFOWAY SM 3330,,4003006800183,
,"332,",00008642,,,,,,,MICROCOMPUTADOR COM PROCESSADOR - DESCRICAO: 4GB,,,31/05/2011 a 31/05/2015,ITAUTEC,,,INFOWAY SM 3330,,4003007000165,
,"333,",00008643,,,,,,,MICROCOMPUTADOR COM PROCESSADOR - DESCRICAO: 4GB,,,31/05/2011 a 31/05/2015,ITAUTEC,,,INFOWAY SM 3330,,4003007100350,
,"334,",00008644,,,,,,,MICROCOMPUTADOR COM PROCESSADOR - DESCRICAO: 4GB,,,31/05/2011 a 31/05/2015,ITAUTEC,,,INFOWAY SM 3330,,4003007000389,
,"335,",00008647,,,,,,,MICROCOMPUTADOR COM PROCESSADOR - DESCRICAO: 4GB,,,31/05/2011 a 31/05/2015,ITAUTEC,,,INFOWAY SM 3330,,4003007100346,
,"336,",00008648,,,,,,,MICROCOMPUTADOR COM PROCESSADOR - DESCRICAO: 4GB,,,31/05/2011 a 31/05/2015,ITAUTEC,,,INFOWAY SM 3330,,4003007000099,
,"337,",00008649,,,,,,,MICROCOMPUTADOR COM PROCESSADOR - DESCRICAO: 4GB,,,31/05/2011 a 31/05/2015,ITAUTEC,,,INFOWAY SM 3330,,4003007100155,
,"338,",00008650,,,,,,,MICROCOMPUTADOR COM PROCESSADOR - DESCRICAO: 4GB,,,31/05/2011 a 31/05/2015,ITAUTEC,,,INFOWAY SM 3330,,4003007000267,
,"339,",00008651,,,,,,,MICROCOMPUTADOR COM PROCESSADOR - DESCRICAO: 4GB,,,31/05/2011 a 31/05/2015,ITAUTEC,,,INFOWAY SM 3330,,4003007100048,
,"340,",00008652,,,,,,,MICROCOMPUTADOR COM PROCESSADOR - DESCRICAO: 4GB,,,31/05/2011 a 31/05/2015,ITAUTEC,,,INFOWAY SM 3330,,4003007100256,
,"341,",00008654,,,,,,,MICROCOMPUTADOR COM PROCESSADOR - DESCRICAO: 4GB,,,31/05/2011 a 31/05/2015,ITAUTEC,,,INFOWAY SM 3330,,4003007100314,
,"342,",00008655,,,,,,,MICROCOMPUTADOR COM PROCESSADOR - DESCRICAO: 4GB,,,31/05/2011 a 31/05/2015,ITAUTEC,,,INFOWAY SM 3330,,4003006800213,
,"343,",00008657,,,,,,,MICROCOMPUTADOR COM PROCESSADOR - DESCRICAO: 4GB,,,31/05/2011 a 31/05/2015,ITAUTEC,,,INFOWAY SM 3330,,4003006800169,
,"344,",00008658,,,,,,,MICROCOMPUTADOR COM PROCESSADOR - DESCRICAO: 4GB,,,31/05/2011 a 31/05/2015,ITAUTEC,,,INFOWAY SM 3330,,4003007100128,
,"345,",00008708,,,,,,,"NO BREAK . - DESCRICAO: STAY 700 USB, AUT/115, 220V.",,,,APC,,,,,5713140145,
,"346,",00008711,,,,,,,"NO BREAK . - DESCRICAO: STAY 700 USB, AUT/115, 220V.",,,,APC,,,,,5713140136,
,"347,",00008717,,,,,,,"NO BREAK . - DESCRICAO: STAY 700 USB, AUT/115, 220V.",,,,APC,,,,,5713720134,
,"348,",00008720,,,,,,,"NO BREAK . - DESCRICAO: STAY 700 USB, AUT/115, 220V.",,,,APC,,,,,5713140134,
,"349,",00008723,,,,,,,"NO BREAK . - DESCRICAO: STAY 700 USB, AUT/115, 220V.",,,,APC,,,,,5713140120,
,"350,",00008727,,,,,,,"NO BREAK . - DESCRICAO: STAY 700 USB, AUT/115, 220V.",,,,APC,,,,,5713140148,
,"351,",00008729,,,,,,,"NO BREAK . - DESCRICAO: STAY 700 USB, AUT/115, 220V.",,,,APC,,,,,5713140149,
,"352,",00008737,,,,,,,"NO BREAK . - DESCRICAO: STAY 700 USB, AUT/115, 220V.",,,,APC,,,,,5713140126,
,"353,",00008743,,,,,,,"NO BREAK . - DESCRICAO: STAY 700 USB, AUT/115, 220V.",,,,APC,,,,,5713140150,
,"354,",00008747,,,,,,,"NO BREAK . - DESCRICAO: STAY 700 USB, AUT/115, 220V.",,,,APC,,,,,571372130,
,"355,",00008769,,,,,,,MICROCOMPUTADOR COM PROCESSADOR - DESCRICAO: 4GB,,,17/06/2011 a 17/06/2015,POSITIVO,,,I5PE,,1A331CG4B,
,"356,",00008776,,,,,,,MICROCOMPUTADOR COM PROCESSADOR - DESCRICAO: 4GB,,,17/06/2011 a 17/06/2015,POSITIVO,,,I5PE,,1A3340V81,
,"357,",00008780,,,,,,,MICROCOMPUTADOR COM PROCESSADOR - DESCRICAO: 4GB,,,17/06/2011 a 17/06/2015,POSITIVO,,,I5PE,,1A3340W3F,
,"358,",00008789,,,,,,,MICROCOMPUTADOR COM PROCESSADOR - DESCRICAO: 4GB,,,17/06/2011 a 17/06/2015,POSITIVO,,,I5PE,,1A3340Z15,
,"359,",00008826,,,,,,,IMPRESSORA MATRICIAL - DESCRICAO: .,,,,EPSON,,,LQ-590,,FSRY023247,
,"360,",00008828,,,,,,,IMPRESSORA MATRICIAL - DESCRICAO: .,,,,EPSON,,,LQ-590,,FSRY024170,
,"361,",00008838,,,,,,,"CENTRAL DE AR CONDICIONADO - DESCRICAO: SPLIT, PISO-TETO, 48.000 BTU'S. UN. EXTERNA: C101342370911424130035",,,,KOMECO,,,KOP48FC,,C101342370211402130020,
,"362,",00008839,,,,,,,"CENTRAL DE AR CONDICIONADO - DESCRICAO: SPLIT, PISO-TETO, 48.000 BTU'S. UN. EXTERNA: C101342370911424130037",,,,KOMECO,,,KOP48FC,,C101342370211402130002,
,"363,",00008840,,,,,,,"CENTRAL DE AR CONDICIONADO - DESCRICAO: SPLIT, PISO-TETO, 48.000 BTU'S. UN. EXTERNA: C101342370911424130001",,,,KOMECO,,,KOP48FC,,C101342370211402130032,
,"364,",00008842,,,,,,,SERVIDOR DE ARMAZENAMENTO DE DADOS - DESCRICAO: UNIDADE DE BACKUP TAPE LIBRARY,,,13/07/2011 a 13/07/2016,,,,,,S78P4319,
,"365,",00008848,,,,,,,MICROCOMPUTADOR TIPO ESTAÇÃO DE TRABALHO - DESCRICAO: 4GB.,,,17/11/2011 a 17/11/2014,HP,,,Z600,,BRG135FB4L,
,"366,",00008853,,,,,,,CENTRAL DE AR CONDICIONADO - DESCRICAO: 30 MIL BTU'S. 220V. UN. EXTERNA: H30ABC051101100065.,,,,RHEEM,,,RB1HW24HP2BE,,H30ABE051101100661,
,"367,",00008867,,,,,,,IMPRESSORA LASER - DESCRICAO: MULTIFUNCIONAL. CABO USB.,,,,SAMSUNG,,,SCX-5637FR,,Z5W1BAIB700475L,
,"368,",00008868,,,,,,,IMPRESSORA LASER - DESCRICAO: MULTIFUNCIONAL. CABO USB.,,,,SAMSUNG,,,SCX-5637FR,,Z5W1BAKB400572K,
,"369,",00008875,,,,,,,IMPRESSORA LASER - DESCRICAO: MULTIFUNCIONAL. CABO USB.,,,,SAMSUNG,,,SCX-5637FR,,Z5W1BAAB800130R,
,"370,",00008877,,,,,,,IMPRESSORA LASER - DESCRICAO: MULTIFUNCIONAL. CABO USB.,,,,SAMSUNG,,,SCX-5637FR,,Z5W1BAIB700443P,
,"371,",00008880,,,,,,,IMPRESSORA LASER - DESCRICAO: MULTIFUNCIONAL. CABO USB.,,,,SAMSUNG,,,SCX-5637FR,,Z5W1BAIB700418B,
,"372,",00008883,,,,,,,"REFRIGERADOR TIPO RESIDENCIAL - DESCRICAO: 01 PORTA, 240 L, COR BRANCA",,,,ELECTROLUX,,,RE28,,14001355,
,"373,",00008898,,,,,,,"CENTRAL DE AR CONDICIONADO - DESCRICAO: SPLIT, 30.000 BTUS, 220V.",,,12/12/2011 a 12/12/2012,RHEEM,,,RB1HW30AC2BS,,H30ABE051101100398,
,"374,",00008904,,,,,,,"CADEIRA GIRATORIA EM TECIDO - DESCRICAO: COM BRAÇOS, ESPALDAR MÉDIO, COR PRETA.",,,,FLEXFORM,,,PLUS,,,
,"375,",00008913,,,,,,,"CADEIRA GIRATORIA EM TECIDO - DESCRICAO: COM BRAÇOS, ESPALDAR MÉDIO, COR PRETA.",,,,FLEXFORM,,,PLUS,,,
,"376,",00008927,,,,,,,"CADEIRA GIRATORIA EM TECIDO - DESCRICAO: COM BRAÇOS, ESPALDAR MÉDIO, COR PRETA.",,,,FLEXFORM,,,PLUS,,,
,"377,",00008978,,,,,,,"CADEIRA GIRATORIA EM TECIDO - DESCRICAO: COM BRAÇOS, ESPALDAR MÉDIO, COR PRETA.",,,,FLEXFORM,,,PLUS,,,
,"378,",00009030,,,,,,,IMPRESSORA TÉRMICA,,,,ZEBRA,,,TLP 2844,,41J113702382,
,"379,",00009033,,,,,,,IMPRESSORA TÉRMICA,,,,ZEBRA,,,TLP 2844,,41J113702381,
,"380,",00009036,,,,,,,MINI-CENTRAL DE AR CONDICIONADO - DESCRICAO: TIPO SPLIT. CICLO FRIO. 220V. UN. EXT.: 2712ECBA206.,,,,ELECTROLUX,,,PI12F,,2712ICBA206,
,"381,",00009037,,,,,,,MINI-CENTRAL DE AR CONDICIONADO - DESCRICAO: TIPO SPLIT. 12 MIL BTU'S. CICLO FRIO. 220V. UN. EXT.: 2712ECBA206,,,,ELECTROLUX,,,PI12F,,2712ICBA206,
,"382,",00009046,,,,,,,"NOTEBOOK COM PROCESSADOR - DESCRICAO: INTEL CORE I3-2330M (2,20GHZ), TELA LED 14"" WIDESCREEN, HD 320 GB STA-2 7200RPM, MEMÓRIA 2GB (DDR3)",,,,HP,,,PROBOOK 4430S,,BRG207F1F2,
,"383,",00009051,,,,,,,IMPRESSORA LASER - DESCRICAO: MONOCROMÁTICA.,,,,SAMSUNG,,,ML-3710ND,,Z5HABAGBC02493X,
,"384,",00009053,,,,,,,IMPRESSORA LASER - DESCRICAO: MONOCROMÁTICA.,,,,SAMSUNG,,,ML-3710ND,,Z5HABAGBC02335P,
,"385,",00009059,,,,,,,IMPRESSORA LASER - DESCRICAO: MONOCROMÁTICA.,,,,SAMSUNG,,,ML-3710ND,,,
,"386,",00009104,,,,,,,IMPRESSORA MATRICIAL,,,,EPSON,,,LQ-590,,FSRY032967,
,"387,",00009148,,,,,,,"MESA DE USO DIVERSO EM PLASTICO - DESCRICAO: RETANGULAR, MEDINDO 1,36 X 0,85 X 0,72 M (COMPRIMENTO X LARGURA X ALTURA). COR BRANCA.",,,,TRAMONTINA,,,BALI,,,
,"388,",00009158,,,,,,,"MESA DE USO DIVERSO EM PLASTICO - DESCRICAO: RETANGULAR, MEDINDO 1,36 X 0,85 X 0,72 M (COMPRIMENTO X LARGURA X ALTURA). COR BRANCA.",,,,TRAMONTINA,,,BALI,,,
,"389,",00009160,,,,,,,"MESA DE USO DIVERSO EM PLASTICO - DESCRICAO: RETANGULAR, MEDINDO 1,36 X 0,85 X 0,72 M (COMPRIMENTO X LARGURA X ALTURA). COR BRANCA.",,,,TRAMONTINA,,,BALI,,,
,"390,",00009161,,,,,,,"MESA DE USO DIVERSO EM PLASTICO - DESCRICAO: RETANGULAR, MEDINDO 1,36 X 0,85 X 0,72 M (COMPRIMENTO X LARGURA X ALTURA). COR BRANCA.",,,,TRAMONTINA,,,BALI,,,
,"391,",00009166,,,,,,,MICROFONE SEM FIO - DESCRICAO: DE MÃO. ALIMENTAÇÃO COM 2 PILHAS AA. UHF.,,,,LYCO,,,UH01M,,UH01M12110000322,
,"392,",00009170,,,,,,,MICROFONE SEM FIO - DESCRICAO: DE MÃO. ALIMENTAÇÃO COM 2 PILHAS AA. UHF.,,,,LYCO,,,UH01M,,UH01M12110001086,
,"393,",00009172,,,,,,,MICROFONE SEM FIO - DESCRICAO: DE MÃO. ALIMENTAÇÃO COM 2 PILHAS AA. UHF.,,,,LYCO,,,UH01M,,UH01M12110000709,
,"394,",00009174,,,,,,,MICROFONE SEM FIO - DESCRICAO: DE MÃO. ALIMENTAÇÃO COM 2 PILHAS AA. UHF.,,,,LYCO,,,UH01M,,UH01M12110000939,
,"395,",00009177,,,,,,,MICROFONE SEM FIO - DESCRICAO: DE MÃO. ALIMENTAÇÃO COM 2 PILHAS AA. UHF.,,,,LYCO,,,UH01M,,UH01M12110000587,
,"396,",00009181,,,,,,,NO BREAK .,,,,RAGTECH,,,IFH 1300,,12130028,
,"397,",00009182,,,,,,,NO BREAK .,,,,RAGTECH,,,IFH 1300,,12130004,
,"398,",00009183,,,,,,,NO BREAK .,,,,RAGTECH,,,IFH 1300,,12130015,
,"399,",00009186,,,,,,,NO BREAK .,,,,RAGTECH,,,IFH 1300,,12130012,
,"400,",00009189,,,,,,,NO BREAK .,,,,RAGTECH,,,IFH 1300,,12130029,
,"401,",00009191,,,,,,,NO BREAK .,,,,RAGTECH,,,IFH 1300,,12130018,
,"402,",00009215,,,,,,,HEADSET APARELHO  COM FONE DE OUVIDO E MICROFONE,,,,EARSET,,,K65/X19,,A458802,
,"403,",00009222,,,,,,,HEADSET APARELHO  COM FONE DE OUVIDO E MICROFONE,,,,EARSET,,,K65/X19,,A458785,
,"404,",00009224,,,,,,,IMPRESSORA LASER - DESCRICAO: MULTIFUNCIONAL,,,,SAMSUNG,,,SCX-5637FR,,Z5W1BAKB400750T,
,"405,",00009229,,,,,,,IMPRESSORA LASER - DESCRICAO: MULTIFUNCIONAL,,,,SAMSUNG,,,SCX-5637FR,,Z5W1BAKB400911D,
,"406,",00009234,,,,,,,IMPRESSORA LASER - DESCRICAO: MULTIFUNCIONAL,,,,SAMSUNG,,,SCX-5637FR,,Z5W1BAIBC00704J,
,"407,",00009237,,,,,,,IMPRESSORA LASER - DESCRICAO: MULTIFUNCIONAL,,,,SAMSUNG,,,SCX-5637FR,,Z5W1BAIBC00768T,
,"408,",00009239,,,,,,,IMPRESSORA LASER - DESCRICAO: MULTIFUNCIONAL,,,,SAMSUNG,,,SCX-5637FR,,Z5W1BAIBC00610E,
,"409,",00009243,,,,,,,MESA PARA AUDIÊNCIA - DESCRICAO: OVAL. EM MELAMÍNICO. MEDIDAS 1500CM X 2000CM.,,,,,,,,,,
,"410,",00009251,,,,,,,CENTRAL DE AR CONDICIONADO - DESCRICAO: 30 MIL BTU'S. SPLIT. 220V. UN. EXT.: 1580949,,,,ELGIN,,,SRFI-30000-2,,1576978,
,"411,",00009257,,,,,,,CENTRAL DE AR CONDICIONADO - DESCRICAO: 30 MIL BTU'S. SPLIT. 220V. UN. EXT.: 1580814,,,,ELGIN,,,SRFI-30000-2,,1576979,
,"412,",00009264,,,,,,,MINI-CENTRAL DE AR CONDICIONADO - DESCRICAO: 9 MIL BTU'S. 200V. UN. EXT. 20903006,,,,ELECTROLUX,,,,,20904349,
,"413,",00009266,,,,,,,MINI-CENTRAL DE AR CONDICIONADO - DESCRICAO: 9 MIL BTU'S. 200V. UN. EXT. 20903020,,,,ELECTROLUX,,,,,20904745,
,"414,",00009267,,,,,,,MINI-CENTRAL DE AR CONDICIONADO - DESCRICAO: 9 MIL BTU'S. 200V. UN. EXT. 12006523,,,,ELECTROLUX,,,,,20904749,
,"415,",00009280,,,,,,,CAIXA DE SOM AMPLIFICADA - DESCRICAO: COM ENTRADA USB. 60W DE POTÊNCIA.,,,,HAYONIC,,,NEO 400 USB,,,
,"416,",00009294,,,,,,,CENTRAL DE AR CONDICIONADO - DESCRICAO: SPLIT. 30 MIL BTU'S. 220V. U.EX.: C101382843411A14130095,,,,MIDEA,,,MSE1-30CR,,C1011382841811A14150197,
,"417,",00009296,,,,,,,CENTRAL DE AR CONDICIONADO - DESCRICAO: SPLIT. 30 MIL BTU'S. 220V. U.EX.: C101382843411A14130094,,,,MIDEA,,,MSE1-30CR,,C1011382841811A14150189,
,"418,",00009311,,,,,,,CENTRAL DE AR CONDICIONADO - DESCRICAO: 60 MIL BTU'S. TENSÃO 220V. U. EXT.: 21000180,,,,ELECTROLUX,,,CFI60,,21600124,
,"419,",00009317,,,,,,,APARELHO DE FAX - DESCRICAO: PARA PAPEL COMUM. COM IDENTIFICADOR DE CHAMADAS.,,,,BROTHER,,,FAX-575,,U61361MOK971506,
,"420,",00009318,,,,,,,APARELHO DE FAX - DESCRICAO: PARA PAPEL COMUM. COM IDENTIFICADOR DE CHAMADAS.,,,,BROTHER,,,FAX-575,,U61361L8K150711,
,"421,",00009320,,,,,,,APARELHO DE FAX - DESCRICAO: PARA PAPEL COMUM. COM IDENTIFICADOR DE CHAMADAS.,,,,BROTHER,,,FAX-575,,U61361MOK971353,
,"422,",00009458,,,,,,,"MICROCOMPUTADOR PORTATIL (NETBOOK) COM PROCESSADOR - DESCRICAO: INTEL ATOM N570 1.66MHZ, MEMÓRIA: 2GB DDR3, HD: 500GB, TELA:10.1"", WEBCAM E MICROFONE EMBUTIDOS.",,,,ACER,,,ASPIRE ONE D257,,13002814676,
,"423,",00009471,,,,,,,"MICROCOMPUTADOR PORTATIL (NETBOOK) COM PROCESSADOR - DESCRICAO: INTEL ATOM N570 1.66MHZ, MEMÓRIA: 2GB DDR3, HD: 500GB, TELA:10.1"", WEBCAM E MICROFONE EMBUTIDOS.",,,,ACER,,,ASPIRE ONE D257,,13002037176,
,"424,",00009484,,,,,,,CONDICIONADOR DE AR DE PAREDE - DESCRICAO: TIPO JANELA. 21 MIL BTU'S. 220V.,,,,SPRINGER,,,SILENTIA,,1907B05312,
,"425,",00009485,,,,,,,CONDICIONADOR DE AR DE PAREDE - DESCRICAO: TIPO JANELA. 21 MIL BTU'S. 220V.,,,,SPRINGER,,,SILENTIA,,1910B13675,
,"426,",00009486,,,,,,,CONDICIONADOR DE AR DE PAREDE - DESCRICAO: TIPO JANELA. 21 MIL BTU'S. 220V.,,,,SPRINGER,,,SILENTIA,,1907B05354,
,"427,",00009491,,,,,,,CONDICIONADOR DE AR DE PAREDE - DESCRICAO: 30 MIL BTU'S. 220V.,,,,SPRINGER,,,SILENTIA,,4412B08570,
,"428,",00009492,,,,,,,CONDICIONADOR DE AR DE PAREDE - DESCRICAO: 30 MIL BTU'S. 220V.,,,,SPRINGER,,,SILENTIA,,4412B07763,
,"429,",00009495,,,,,,,CONDICIONADOR DE AR DE PAREDE - DESCRICAO: 30 MIL BTU'S. 220V.,,,,SPRINGER,,,SILENTIA,,4412B08569,
,"430,",00009502,,,,,,,RACK PARA SERVIDOR,,,,,,,,,,
,"431,",00009503,,,,,,,MONITOR DE TEMPERATURA PARA DATACENTER - DESCRICAO: DISPLAY DIGITAL. BIVOLT.,,,30/04/2014 a 30/04/2016,PRODIGITAL,,,,,,
,"432,",00009536,,,,,,,CADEIRA GIRATORIA EM TECIDO - DESCRICAO: ESPALDAR MÉDIO. COR PRETA.,,,,FLEXFORM,,,INFO CENTER,,,
,"433,",00009605,,,,,,,BEBEDOURO DE AGUA EM AÇO INOX. - DESCRICAO: TIPO COLUNA.,,,,ESMALTEC,,,EGC35B,,12051406763896,
,"434,",00009607,,,,,,,CENTRAL DE AR CONDICIONADO - DESCRICAO: 30 MIL BTU'S. TENSÃO: 220V. CICLO FRIO. UNIDADE EXTERNA: 30291737.,,,,ELECTROLUX,,,TI30F/TE30F,,30290168,
,"435,",00009618,,,,,,,CENTRAL DE AR CONDICIONADO - DESCRICAO: 30 MIL BTU'S. TENSÃO: 220V. CICLO FRIO. U. EXT.: 31292583,,,,ELECTROLUX,,,TI30F/TE30F,,31292218,
,"436,",00009628,,,,,,,"MESA LINEAR - DESCRICAO: EM MDP 25MM, COR CINZA, MEDINDO 1200 X 600 X 760 MM (L X P X A).",,,,MD MOBILE,,,,,,
,"437,",00009631,,,,,,,BALCAO DE ATENDIMENTO LINEAR - DESCRICAO: EM MDF. COR ARGILA.,,,,,,,,,,
,"438,",00009633,,,,,,,BALCAO DE ATENDIMENTO LINEAR - DESCRICAO: EM MDF. COR ARGILA.,,,,,,,,,,
,"439,",00009636,,,,,,,BALCAO DE ATENDIMENTO LINEAR - DESCRICAO: EM MDF. COR ARGILA.,,,,,,,,,,
,"440,",00009642,,,,,,,BALCAO DE ATENDIMENTO LINEAR - DESCRICAO: EM MDF. COR ARGILA.,,,,,,,,,,
,"441,",00009645,,,,,,,BALCAO DE ATENDIMENTO LINEAR - DESCRICAO: EM MDF. COR ARGILA.,,,,,,,,,,
,"442,",00009646,,,,,,,BALCAO DE ATENDIMENTO LINEAR - DESCRICAO: EM MDF. COR ARGILA.,,,,,,,,,,
,"443,",00009647,,,,,,,BALCAO DE ATENDIMENTO LINEAR - DESCRICAO: EM MDF. COR ARGILA.,,,,,,,,,,
,"444,",00009648,,,,,,,BALCAO DE ATENDIMENTO LINEAR - DESCRICAO: EM MDF. COR ARGILA.,,,,,,,,,,
,"445,",00009649,,,,,,,BALCAO DE ATENDIMENTO LINEAR - DESCRICAO: EM MDF. COR ARGILA.,,,,,,,,,,
,"446,",00009662,,,,,,,BALCAO DE ATENDIMENTO LINEAR - DESCRICAO: EM MDF. COR ARGILA.,,,,,,,,,,
,"447,",00009663,,,,,,,BALCAO DE ATENDIMENTO LINEAR - DESCRICAO: EM MDF. COR ARGILA.,,,,,,,,,,
,"448,",00009664,,,,,,,BALCAO DE ATENDIMENTO LINEAR - DESCRICAO: EM MDF. COR ARGILA.,,,,,,,,,,
,"449,",00009666,,,,,,,BALCAO DE ATENDIMENTO LINEAR - DESCRICAO: EM MDF. COR ARGILA.,,,,,,,,,,
,"450,",00009667,,,,,,,BALCAO DE ATENDIMENTO LINEAR - DESCRICAO: EM MDF. COR ARGILA.,,,,,,,,,,
,"451,",00009669,,,,,,,BALCAO DE ATENDIMENTO LINEAR - DESCRICAO: EM MDF. COR ARGILA.,,,,,,,,,,
,"452,",00009688,,,,,,,BALCAO DE ATENDIMENTO LINEAR - DESCRICAO: EM MDF. COR ARGILA.,,,,,,,,,,
,"453,",00009706,,,,,,,CADEIRA FIXA S/BRAÇO - DESCRICAO: ESTOFADA. COR AZUL.,,,,NOBRE MÓVEIS,,,,,,
,"454,",00009732,,,,,,,CADEIRA FIXA S/BRAÇO - DESCRICAO: ESTOFADA. COR AZUL.,,,,NOBRE MÓVEIS,,,,,,
,"455,",00009747,,,,,,,CADEIRA FIXA S/BRAÇO - DESCRICAO: ESTOFADA. COR AZUL.,,,,NOBRE MÓVEIS,,,,,,
,"456,",00009777,,,,,,,CADEIRA FIXA S/BRAÇO - DESCRICAO: ESTOFADA. COR AZUL.,,,,NOBRE MÓVEIS,,,,,,
,"457,",00009779,,,,,,,CADEIRA FIXA S/BRAÇO - DESCRICAO: ESTOFADA. COR AZUL.,,,,NOBRE MÓVEIS,,,,,,
,"458,",00009782,,,,,,,APARELHO TELEFONICO SEM FIO - DESCRICAO: VISOR LCD. COM IDENTIFICADOR DE CHAMADAS.,,,,GIGASET,,,A390,,131950,
,"459,",00009785,,,,,,,MINI-CENTRAL DE AR CONDICIONADO - DESCRICAO: 18.000 BUTS. 220V. COR BRANCA. UN. EXT.: K18101001415010020093,,,,KOMECO,,,KOS 18 FC2HX,,K18101001391010030143,
,"460,",00009787,,,,,,,MINI-CENTRAL DE AR CONDICIONADO - DESCRICAO: 18.000 BUTS. 220V. COR BRANCA. UN. EXT.: K18101001415010020065,,,,KOMECO,,,KOS 18 FC2HX,,K18101001439010030025,
,"461,",00009792,,,,,,,MINI-CENTRAL DE AR CONDICIONADO - DESCRICAO: 18.000 BUTS. 220V. COR BRANCA. UN. EXT.: K18101001415010020027,,,,KOMECO,,,KOS 18 FC2HX,,K18101001439010030026,
,"462,",00009811,,,,,,,"CONDICIONADOR DE AR PORTATIL - DESCRICAO: CAPACIDADE DE 12.000 BTU/H, TENSÃO 127V,  GÁS ECOLÓGICO R410A, COM PAINEL FRONTAL RETRÁTIL.",,,,SPRINGER,,,MPN-12CRV1,,D205019880112A16200046,
,"463,",00009812,,,,,,,"CONDICIONADOR DE AR PORTATIL - DESCRICAO: CAPACIDADE DE 12.000 BTU/H, TENSÃO 127V,  GÁS ECOLÓGICO R410A, COM PAINEL FRONTAL RETRÁTIL.",,,,SPRINGER,,,MPN-12CRV1,,D205019880112A16201872,
,"464,",00009813,,,,,,,"CONDICIONADOR DE AR PORTATIL - DESCRICAO: CAPACIDADE DE 12.000 BTU/H, TENSÃO 127V,  GÁS ECOLÓGICO R410A, COM PAINEL FRONTAL RETRÁTIL.",,,,SPRINGER,,,MPN-12CRV1,,D205019880112A16200247,
,"465,",00009815,,,,,,,NO BREAK . - DESCRICAO: 1450VA. COR PRETA.,,,,RCG,,,ENERGETIC POWER MC,,,
,"466,",00009824,,,,,,,NO BREAK . - DESCRICAO: 1450VA. COR PRETA.,,,,RCG,,,ENERGETIC POWER MC,,,
,"467,",00009825,,,,,,,NO BREAK . - DESCRICAO: 1450VA. COR PRETA.,,,,RCG,,,ENERGETIC POWER MC,,,
,"468,",00009826,,,,,,,NO BREAK . - DESCRICAO: 1450VA. COR PRETA.,,,,RCG,,,ENERGETIC POWER MC,,,
,"469,",00009832,,,,,,,NO BREAK . - DESCRICAO: 1450VA. COR PRETA.,,,,RCG,,,ENERGETIC POWER MC,,,
,"470,",00009834,,,,,,,NO BREAK . - DESCRICAO: 1450VA. COR PRETA.,,,,RCG,,,ENERGETIC POWER MC,,,
,"471,",00009835,,,,,,,NO BREAK . - DESCRICAO: 1450VA. COR PRETA.,,,,RCG,,,ENERGETIC POWER MC,,,
,"472,",00009836,,,,,,,NO BREAK . - DESCRICAO: 1450VA. COR PRETA.,,,,RCG,,,ENERGETIC POWER MC,,,
,"473,",00009839,,,,,,,NO BREAK . - DESCRICAO: 1450VA. COR PRETA.,,,,RCG,,,ENERGETIC POWER MC,,,
,"474,",00009841,,,,,,,FORNO MICROONDAS - DESCRICAO: CAPACIDADE DE 31L. 127V. COR BRANCA.,,,,ELECTROLUX,,,MEF41,,32210520,
,"475,",00009843,,,,,,,FORNO MICROONDAS - DESCRICAO: CAPACIDADE DE 31L. 127V. COR BRANCA.,,,,ELECTROLUX,,,MEF41,,32208101,
,"476,",00009854,,,,,,,MINI-CENTRAL DE AR CONDICIONADO - DESCRICAO: 18 MIL BTU'S. TENSÃO 220V. COR BRANCA. U. EXT.: MG3687488.,,,,CONSUL,,,CBV18CB,,MG3709303,
,"477,",00009860,,,,,,,CADEIRA FIXA S/BRAÇO - DESCRICAO: ESTOFADA. COR AZUL.,,,,NOBRE MÓVEIS,,,,,,
,"478,",00009862,,,,,,,CADEIRA FIXA S/BRAÇO - DESCRICAO: ESTOFADA. COR AZUL.,,,,NOBRE MÓVEIS,,,,,,
,"479,",00009864,,,,,,,CADEIRA FIXA S/BRAÇO - DESCRICAO: ESTOFADA. COR AZUL.,,,,NOBRE MÓVEIS,,,,,,
,"480,",00009870,,,,,,,CADEIRA FIXA S/BRAÇO - DESCRICAO: ESTOFADA. COR AZUL.,,,,NOBRE MÓVEIS,,,,,,
,"481,",00009875,,,,,,,CADEIRA FIXA S/BRAÇO - DESCRICAO: ESTOFADA. COR AZUL.,,,,NOBRE MÓVEIS,,,,,,
,"482,",00009886,,,,,,,CADEIRA FIXA S/BRAÇO - DESCRICAO: ESTOFADA. COR AZUL.,,,,NOBRE MÓVEIS,,,,,,
,"483,",00009888,,,,,,,CADEIRA FIXA S/BRAÇO - DESCRICAO: ESTOFADA. COR AZUL.,,,,NOBRE MÓVEIS,,,,,,
,"484,",00009893,,,,,,,CADEIRA FIXA S/BRAÇO - DESCRICAO: ESTOFADA. COR AZUL.,,,,NOBRE MÓVEIS,,,,,,
,"485,",00009899,,,,,,,CADEIRA FIXA S/BRAÇO - DESCRICAO: ESTOFADA. COR AZUL.,,,,NOBRE MÓVEIS,,,,,,
,"486,",00009901,,,,,,,CADEIRA FIXA S/BRAÇO - DESCRICAO: ESTOFADA. COR AZUL.,,,,NOBRE MÓVEIS,,,,,,
,"487,",00009907,,,,,,,CADEIRA FIXA S/BRAÇO - DESCRICAO: ESTOFADA. COR AZUL.,,,,NOBRE MÓVEIS,,,,,,
,"488,",00009908,,,,,,,CADEIRA FIXA S/BRAÇO - DESCRICAO: ESTOFADA. COR AZUL.,,,,NOBRE MÓVEIS,,,,,,
,"489,",00009927,,,,,,,"MICROCOMPUTADOR COM PROCESSADOR - DESCRICAO: INTEL CORE I3 -3240 (3.4GHZ, 3MB CACHE), 4GB DE MEMÓRIA RAM, DISCO RÍGIDO DE 320GB.",,,,DELL,,,OPTIPLEX 9010,,2VB90Y1,
,"490,",00009948,,,,,,,APARELHO TELEFONICO SEM FIO,,,,GIGASET,,,A390,,118042,
,"491,",00009950,,,,,,,APARELHO TELEFONICO SEM FIO,,,,GIGASET,,,A390,,118041,
,"492,",00009951,,,,,,,APARELHO TELEFONICO SEM FIO,,,,GIGASET,,,A390,,118013,
,"493,",00009953,,,,,,,FORNO DE MICROONDAS - DESCRICAO: 110V. 60HZ. 31 LITROS. COR BRANCA.,,,17/02/2014 a 17/02/2015,ELECTROLUX,,,MEF41,,34108646,
,"494,",00009963,,,,,,,CADEIRA FIXA S/BRAÇO - DESCRICAO: ESTOFADA. COR AZUL.,,,,NOBRE MÓVEIS,,,,,,
,"495,",00009969,,,,,,,CADEIRA FIXA S/BRAÇO - DESCRICAO: ESTOFADA. COR AZUL.,,,,NOBRE MÓVEIS,,,,,,
,"496,",00009973,,,,,,,CADEIRA FIXA S/BRAÇO - DESCRICAO: ESTOFADA. COR AZUL.,,,,NOBRE MÓVEIS,,,,,,
,"497,",00009976,,,,,,,CADEIRA FIXA S/BRAÇO - DESCRICAO: ESTOFADA. COR AZUL.,,,,NOBRE MÓVEIS,,,,,,
,"498,",00009985,,,,,,,CADEIRA FIXA S/BRAÇO - DESCRICAO: ESTOFADA. COR AZUL.,,,,NOBRE MÓVEIS,,,,,,
,"499,",00009989,,,,,,,CADEIRA FIXA S/BRAÇO - DESCRICAO: ESTOFADA. COR AZUL.,,,,NOBRE MÓVEIS,,,,,,
,"500,",00010038,,,,,,,ULTRABOOK COM PROCESSADOR DE DADOS - DESCRICAO: PROCESSADOR INTEL CORE I5. 14 POLEGADAS. MEMÓRIA RAM: 4GB. HD: 500GB. COR PRETA.,,,30/05/2014 a 30/05/2017,HP,,,B080BR,,BRG339FBX1,
,"501,",00010059,,,,,,,BEBEDOURO DE AGUA TIPO GARRAFAO - DESCRICAO: DE PÉ COM DUAS TORNEIRAS (COLUNA),,,22/12/2005 a 22/06/2006,ESMALTEC,,,BNCC 7B,,05062131021117,
,"502,",00010074,,,,,,,"MESA DE USO DIVERSO EM PLASTICO - DESCRICAO: RETANGULAR, MEDINDO 1,36 X 0,85 X 0,72 M (COMPRIMENTO X LARGURA X ALTURA). COR BRANCA.",,,,TRAMONTINA,,,BALI,,,
,"503,",00010077,,,,,,,"MESA DE USO DIVERSO EM PLASTICO - DESCRICAO: RETANGULAR, MEDINDO 1,36 X 0,85 X 0,72 M (COMPRIMENTO X LARGURA X ALTURA). COR BRANCA.",,,,TRAMONTINA,,,BALI,,,
,"504,",00010079,,,,,,,"MESA DE USO DIVERSO EM PLASTICO - DESCRICAO: RETANGULAR, MEDINDO 1,36 X 0,85 X 0,72 M (COMPRIMENTO X LARGURA X ALTURA). COR BRANCA.",,,,TRAMONTINA,,,BALI,,,
,"505,",00010171,,,,,,,"RELOGIO DE PONTO BIOMETRICO - DESCRICAO: SISTEMA DE IMPRESSÃO COM CORTE DE PAPEL, RECURSO DE NOBREAK, CALENDÁRIO PERPÉTUO, CAPACIDADE DE CADASTRAMENTO DE INFORMAÇÕES DO EMPREGADOR, LOCAL DE TRABALHO E FUNCIONÁRIOS (1 A 10 DIGITAIS POR PESSOA), HOMOLOGADO DE ACORDO COM A PORTARIA NO 1.510/2009 MTE.",,,,HENRY,,,SUPERFÁCIL R02,,00004001900024875,
,"506,",00010187,,,,,,,BALCAO DE ATENDIMENTO LINEAR - DESCRICAO: EM MDF. COR ARGILA.,,,,,,,,,,
,"507,",00010189,,,,,,,"ULTRABOOK COM PROCESSADOR DE DADOS - DESCRICAO: INTEL CORE I5, 14 POLEGADAS, MEMÓRIA RAM: 4GB, HD: 32GB SSD + 500GB, COR: PRATA.",,,17/09/2014 a 17/09/2017,LG,,,U460,,407BZZD010357,
,"508,",00010201,,,,,,,"ULTRABOOK COM PROCESSADOR DE DADOS - DESCRICAO: INTEL CORE I5, 14 POLEGADAS, MEMÓRIA RAM: 4GB, HD: 32GB SSD + 500GB, COR: PRATA.",,,17/09/2014 a 17/09/2017,LG,,,U460,,407BZEX010340,
,"509,",00010204,,,,,,,"ULTRABOOK COM PROCESSADOR DE DADOS - DESCRICAO: INTEL CORE I5, 14 POLEGADAS, MEMÓRIA RAM: 4GB, HD: 32GB SSD + 500GB, COR: PRATA.",,,17/09/2014 a 17/09/2017,LG,,,U460,,407BZYM010354,
,"510,",00010206,,,,,,,"ULTRABOOK COM PROCESSADOR DE DADOS - DESCRICAO: INTEL CORE I5, 14 POLEGADAS, MEMÓRIA RAM: 4GB, HD: 32GB SSD + 500GB, COR: PRATA.",,,17/09/2014 a 17/09/2017,LG,,,U460,,407BZMV010387,
,"511,",00010208,,,,,,,"ULTRABOOK COM PROCESSADOR DE DADOS - DESCRICAO: INTEL CORE I5, 14 POLEGADAS, MEMÓRIA RAM: 4GB, HD: 32GB SSD + 500GB, COR: PRATA.",,,17/09/2014 a 17/09/2017,LG,,,U460,,408BZDQ003050,
,"512,",00010212,,,,,,,"ULTRABOOK COM PROCESSADOR DE DADOS - DESCRICAO: INTEL CORE I5, 14 POLEGADAS, MEMÓRIA RAM: 4GB, HD: 32GB SSD + 500GB, COR: PRATA.",,,17/09/2014 a 17/09/2017,LG,,,U460,,407BZRK010374,
,"513,",00010214,,,,,,,"ULTRABOOK COM PROCESSADOR DE DADOS - DESCRICAO: INTEL CORE I5, 14 POLEGADAS, MEMÓRIA RAM: 4GB, HD: 32GB SSD + 500GB, COR: PRATA.",,,17/09/2014 a 17/09/2017,LG,,,U460,,407BZVL010423,
,"514,",00010217,,,,,,,"ULTRABOOK COM PROCESSADOR DE DADOS - DESCRICAO: INTEL CORE I5, 14 POLEGADAS, MEMÓRIA RAM: 4GB, HD: 32GB SSD + 500GB, COR: PRATA.",,,17/09/2014 a 17/09/2017,LG,,,U460,,407BZAH010368,
,"515,",00010222,,,,,,,"ULTRABOOK COM PROCESSADOR DE DADOS - DESCRICAO: INTEL CORE I5, 14 POLEGADAS, MEMÓRIA RAM: 4GB, HD: 32GB SSD + 500GB, COR: PRATA.",,,17/09/2014 a 17/09/2017,LG,,,U460,,408BZWB003057,
,"516,",00010223,,,,,,,"ULTRABOOK COM PROCESSADOR DE DADOS - DESCRICAO: INTEL CORE I5, 14 POLEGADAS, MEMÓRIA RAM: 4GB, HD: 32GB SSD + 500GB, COR: PRATA.",,,17/09/2014 a 17/09/2017,LG,,,U460,,408BZSN002998,
,"517,",00010226,,,,,,,"ULTRABOOK COM PROCESSADOR DE DADOS - DESCRICAO: INTEL CORE I5, 14 POLEGADAS, MEMÓRIA RAM: 4GB, HD: 32GB SSD + 500GB, COR: PRATA.",,,17/09/2014 a 17/09/2017,LG,,,U460,,407BZBJ009245,
,"518,",00010228,,,,,,,"ULTRABOOK COM PROCESSADOR DE DADOS - DESCRICAO: INTEL CORE I5, 14 POLEGADAS, MEMÓRIA RAM: 4GB, HD: 32GB SSD + 500GB, COR: PRATA.",,,17/09/2014 a 17/09/2017,LG,,,U460,,407BZEX010364,
,"519,",00010231,,,,,,,"ULTRABOOK COM PROCESSADOR DE DADOS - DESCRICAO: INTEL CORE I5, 14 POLEGADAS, MEMÓRIA RAM: 4GB, HD: 32GB SSD + 500GB, COR: PRATA.",,,17/09/2014 a 17/09/2017,LG,,,U460,,408BZHC003041,
,"520,",00010235,,,,,,,"ULTRABOOK COM PROCESSADOR DE DADOS - DESCRICAO: INTEL CORE I5, 14 POLEGADAS, MEMÓRIA RAM: 4GB, HD: 32GB SSD + 500GB, COR: PRATA.",,,17/09/2014 a 17/09/2017,LG,,,U460,,408BZAH003056,
,"521,",00010239,,,,,,,"ULTRABOOK COM PROCESSADOR DE DADOS - DESCRICAO: INTEL CORE I5, 14 POLEGADAS, MEMÓRIA RAM: 4GB, HD: 32GB SSD + 500GB, COR: PRATA.",,,17/09/2014 a 17/09/2017,LG,,,U460,,407BZRK010398,
,"522,",00010247,,,,,,,"ULTRABOOK COM PROCESSADOR DE DADOS - DESCRICAO: INTEL CORE I5, 14 POLEGADAS, MEMÓRIA RAM: 4GB, HD: 32GB SSD + 500GB, COR: PRATA.",,,17/09/2014 a 17/09/2017,LG,,,U460,,408BZPS003016,
,"523,",00010251,,,,,,,"NOTEBOOK COM PROCESSADOR - DESCRICAO: INTEL CORE I5 - 4200M (2,5 GHZ). MEMÓRIA 4GB. TELA DE 14,1 POLEGADAS LED FORMATO WIDESCREEN.",,,,POSITIVO,,,,,1AC97NY86,
,"524,",00010254,,,,,,,"NOTEBOOK COM PROCESSADOR - DESCRICAO: INTEL CORE I5 - 4200M (2,5 GHZ). MEMÓRIA 4GB. TELA DE 14,1 POLEGADAS LED FORMATO WIDESCREEN.",,,,POSITIVO,,,,,1AC97NT7M,
,"525,",00010262,,,,,,,"NOTEBOOK COM PROCESSADOR - DESCRICAO: INTEL CORE I5 - 4200M (2,5 GHZ). MEMÓRIA 4GB. TELA DE 14,1 POLEGADAS LED FORMATO WIDESCREEN.",,,,POSITIVO,,,,,1AC97NW7V,
,"526,",00010263,,,,,,,"NOTEBOOK COM PROCESSADOR - DESCRICAO: INTEL CORE I5 - 4200M (2,5 GHZ). MEMÓRIA 4GB. TELA DE 14,1 POLEGADAS LED FORMATO WIDESCREEN.",,,,POSITIVO,,,,,1AC97NR9Q,
,"527,",00010275,,,,,,,"NOTEBOOK COM PROCESSADOR - DESCRICAO: INTEL CORE I5 - 4200M (2,5 GHZ). MEMÓRIA 4GB. TELA DE 14,1 POLEGADAS LED FORMATO WIDESCREEN.",,,,POSITIVO,,,,,1AC97NZ9E,
,"528,",00010279,,,,,,,"NOTEBOOK COM PROCESSADOR - DESCRICAO: INTEL CORE I5 - 4200M (2,5 GHZ). MEMÓRIA 4GB. TELA DE 14,1 POLEGADAS LED FORMATO WIDESCREEN.",,,,POSITIVO,,,,,1AC97NG59,
,"529,",00010283,,,,,,,"NOTEBOOK COM PROCESSADOR - DESCRICAO: INTEL CORE I5 - 4200M (2,5 GHZ). MEMÓRIA 4GB. TELA DE 14,1 POLEGADAS LED FORMATO WIDESCREEN.",,,,POSITIVO,,,,,1AC97NQ68,
,"530,",00010285,,,,,,,"NOTEBOOK COM PROCESSADOR - DESCRICAO: INTEL CORE I5 - 4200M (2,5 GHZ). MEMÓRIA 4GB. TELA DE 14,1 POLEGADAS LED FORMATO WIDESCREEN.",,,,POSITIVO,,,,,1AC97P12Z,
,"531,",00010288,,,,,,,"NOTEBOOK COM PROCESSADOR - DESCRICAO: INTEL CORE I5 - 4200M (2,5 GHZ). MEMÓRIA 4GB. TELA DE 14,1 POLEGADAS LED FORMATO WIDESCREEN.",,,,POSITIVO,,,,,1AC97NX6T,
,"532,",00010290,,,,,,,"NOTEBOOK COM PROCESSADOR - DESCRICAO: INTEL CORE I5 - 4200M (2,5 GHZ). MEMÓRIA 4GB. TELA DE 14,1 POLEGADAS LED FORMATO WIDESCREEN.",,,,POSITIVO,,,,,1AC97P310,
,"533,",00010291,,,,,,,"NOTEBOOK COM PROCESSADOR - DESCRICAO: INTEL CORE I5 - 4200M (2,5 GHZ). MEMÓRIA 4GB. TELA DE 14,1 POLEGADAS LED FORMATO WIDESCREEN.",,,,POSITIVO,,,,,1AC97NQ7D,
,"534,",00010292,,,,,,,"NOTEBOOK COM PROCESSADOR - DESCRICAO: INTEL CORE I5 - 4200M (2,5 GHZ). MEMÓRIA 4GB. TELA DE 14,1 POLEGADAS LED FORMATO WIDESCREEN.",,,,POSITIVO,,,,,1AC97NZ74,
,"535,",00010294,,,,,,,"NOTEBOOK COM PROCESSADOR - DESCRICAO: INTEL CORE I5 - 4200M (2,5 GHZ). MEMÓRIA 4GB. TELA DE 14,1 POLEGADAS LED FORMATO WIDESCREEN.",,,,POSITIVO,,,,,1AC97NV23,
,"536,",00010298,,,,,,,"NOTEBOOK COM PROCESSADOR - DESCRICAO: INTEL CORE I5 - 4200M (2,5 GHZ). MEMÓRIA 4GB. TELA DE 14,1 POLEGADAS LED FORMATO WIDESCREEN.",,,,POSITIVO,,,,,1AC97NZ3K,
,"537,",00010300,,,,,,,"NOTEBOOK COM PROCESSADOR - DESCRICAO: INTEL CORE I5 - 4200M (2,5 GHZ). MEMÓRIA 4GB. TELA DE 14,1 POLEGADAS LED FORMATO WIDESCREEN.",,,,POSITIVO,,,,,1AC97NX14,
,"538,",00010301,,,,,,,"NOTEBOOK COM PROCESSADOR - DESCRICAO: INTEL CORE I5 - 4200M (2,5 GHZ). MEMÓRIA 4GB. TELA DE 14,1 POLEGADAS LED FORMATO WIDESCREEN.",,,,POSITIVO,,,,,1AC97NT32,
,"539,",00010306,,,,,,,"NOTEBOOK COM PROCESSADOR - DESCRICAO: INTEL CORE I5 - 4200M (2,5 GHZ). MEMÓRIA 4GB. TELA DE 14,1 POLEGADAS LED FORMATO WIDESCREEN.",,,,POSITIVO,,,,,1AC97NG9T,
,"540,",00010320,,,,,,,"NOTEBOOK COM PROCESSADOR - DESCRICAO: INTEL CORE I5 - 4200M (2,5 GHZ). MEMÓRIA 4GB. TELA DE 14,1 POLEGADAS LED FORMATO WIDESCREEN.",,,,POSITIVO,,,,,1AC97NZ89,
,"541,",00010321,,,,,,,"NOTEBOOK COM PROCESSADOR - DESCRICAO: INTEL CORE I5 - 4200M (2,5 GHZ). MEMÓRIA 4GB. TELA DE 14,1 POLEGADAS LED FORMATO WIDESCREEN.",,,,POSITIVO,,,,,1AC97NV38,
,"542,",00010323,,,,,,,"NOTEBOOK COM PROCESSADOR - DESCRICAO: INTEL CORE I5 - 4200M (2,5 GHZ). MEMÓRIA 4GB. TELA DE 14,1 POLEGADAS LED FORMATO WIDESCREEN.",,,,POSITIVO,,,,,1AC97P11U,
,"543,",00010325,,,,,,,"NOTEBOOK COM PROCESSADOR - DESCRICAO: INTEL CORE I5 - 4200M (2,5 GHZ). MEMÓRIA 4GB. TELA DE 14,1 POLEGADAS LED FORMATO WIDESCREEN.",,,,POSITIVO,,,,,1AC97NR3W,
,"544,",00010381,,,,,,,"NO BREAK . - DESCRICAO: BIFÁSICO. 1,4KVA. COM ESTABILIZADOR INTERNO.",,,06/11/2014 a 06/11/2015,RAGTECH,,,1400N,,341314240067,
,"545,",00010383,,,,,,,"NO BREAK . - DESCRICAO: BIFÁSICO. 1,4KVA. COM ESTABILIZADOR INTERNO.",,,06/11/2014 a 06/11/2015,RAGTECH,,,1400N,,341314200061,
,"546,",00010385,,,,,,,"NO BREAK . - DESCRICAO: BIFÁSICO. 1,4KVA. COM ESTABILIZADOR INTERNO.",,,06/11/2014 a 06/11/2015,RAGTECH,,,1400N,,341314240064,
,"547,",00010388,,,,,,,"NO BREAK . - DESCRICAO: BIFÁSICO. 1,4KVA. COM ESTABILIZADOR INTERNO.",,,06/11/2014 a 06/11/2015,RAGTECH,,,1400N,,341314440075,
,"548,",00010410,,,,,,,IMPRESSORA LASER - DESCRICAO: MONOCROMÁTICA. IMPRESSÃO EM DUPLEX.,,,19/02/2015 a 19/02/2018,SAMSUNG,,,M4020ND,,ZERAQYBQAFA002AQK,
,"549,",00010446,,,,,,,"NO BREAK . - DESCRICAO: TRIFÁSICO. 1,4 KVA. COM ESTABILIZADOR INTERNO E DISPLAY DIGITAL.",,,11/06/2015 a 11/06/2016,RAGTECH,,,SWU/BS-TI,,3842151303630,
,"550,",00010447,,,,,,,"NO BREAK . - DESCRICAO: TRIFÁSICO. 1,4 KVA. COM ESTABILIZADOR INTERNO E DISPLAY DIGITAL.",,,11/06/2015 a 11/06/2016,RAGTECH,,,SWU/BS-TI,,3842151503250,
,"551,",00010448,,,,,,,"NO BREAK . - DESCRICAO: TRIFÁSICO. 1,4 KVA. COM ESTABILIZADOR INTERNO E DISPLAY DIGITAL.",,,11/06/2015 a 11/06/2016,RAGTECH,,,SWU/BS-TI,,3842150503300,
,"552,",00010449,,,,,,,"NO BREAK . - DESCRICAO: TRIFÁSICO. 1,4 KVA. COM ESTABILIZADOR INTERNO E DISPLAY DIGITAL.",,,11/06/2015 a 11/06/2016,RAGTECH,,,SWU/BS-TI,,3842151303580,
,"553,",00010450,,,,,,,"NO BREAK . - DESCRICAO: TRIFÁSICO. 1,4 KVA. COM ESTABILIZADOR INTERNO E DISPLAY DIGITAL.",,,11/06/2015 a 11/06/2016,RAGTECH,,,SWU/BS-TI,,3842151303620,
,"554,",00010452,,,,,,,"NO BREAK . - DESCRICAO: TRIFÁSICO. 1,4 KVA. COM ESTABILIZADOR INTERNO E DISPLAY DIGITAL.",,,11/06/2015 a 11/06/2016,RAGTECH,,,SWU/BS-TI,,3842150503240,
,"555,",00010454,,,,,,,"NO BREAK . - DESCRICAO: TRIFÁSICO. 1,4 KVA. COM ESTABILIZADOR INTERNO E DISPLAY DIGITAL.",,,11/06/2015 a 11/06/2016,RAGTECH,,,SWU/BS-TI,,3842151303570,
,"556,",00010455,,,,,,,"NO BREAK . - DESCRICAO: TRIFÁSICO. 1,4 KVA. COM ESTABILIZADOR INTERNO E DISPLAY DIGITAL.",,,11/06/2015 a 11/06/2016,RAGTECH,,,SWU/BS-TI,,3842150503270,
,"557,",00010457,,,,,,,"NO BREAK . - DESCRICAO: TRIFÁSICO. 1,4 KVA. COM ESTABILIZADOR INTERNO E DISPLAY DIGITAL.",,,11/06/2015 a 11/06/2016,RAGTECH,,,SWU/BS-TI,,3842150403200,
,"558,",00010458,,,,,,,"NO BREAK . - DESCRICAO: TRIFÁSICO. 1,4 KVA. COM ESTABILIZADOR INTERNO E DISPLAY DIGITAL.",,,11/06/2015 a 11/06/2016,RAGTECH,,,SWU/BS-TI,,3842150503340,
,"559,",00010460,,,,,,,"NO BREAK . - DESCRICAO: TRIFÁSICO. 1,4 KVA. COM ESTABILIZADOR INTERNO E DISPLAY DIGITAL.",,,11/06/2015 a 11/06/2016,RAGTECH,,,SWU/BS-TI,,3842150503320,
,"560,",00010466,,,,,,,MOTO BOMBA CENTRIFUGA - DESCRICAO: POTÊNCIA DE 1/2 CV. 127V. 60HZ. RECALQUE 3/4.,,,,SCHNEIDER,,,ASP-98,,15G87-13-00081A,
,"561,",00010467,,,,,,,FORNO DE MICROONDAS - DESCRICAO: 30 LITROS. 127V. POTÊNCIA: 1250W. COR BRANCA.,,,14/09/2015 a 14/09/2016,LG,,,MS3044L,,501AZBZBG093,
,"562,",00010471,,,,,,,BANQUETA EM COURVIM - DESCRICAO: ALTA. SEM ENCOSTO. COM APOIO PARA PÉS. COR PRETA.,,,14/10/2015 a 14/04/2016,SHOPPING DO ESCRITOR,,,,,,
,"563,",00010473,,,,,,,BANQUETA EM COURVIM - DESCRICAO: ALTA. SEM ENCOSTO. COM APOIO PARA PÉS. COR PRETA.,,,14/10/2015 a 14/04/2016,SHOPPING DO ESCRITOR,,,,,,
,"564,",00010474,,,,,,,BANQUETA EM COURVIM - DESCRICAO: ALTA. SEM ENCOSTO. COM APOIO PARA PÉS. COR PRETA.,,,14/10/2015 a 14/04/2016,SHOPPING DO ESCRITOR,,,,,,
,"565,",00010475,,,,,,,BANQUETA EM COURVIM - DESCRICAO: ALTA. SEM ENCOSTO. COM APOIO PARA PÉS. COR PRETA.,,,14/10/2015 a 14/04/2016,SHOPPING DO ESCRITOR,,,,,,
,"566,",00010480,,,,,,,IMPRESSORA TÉRMICA - DESCRICAO: PARA IMPRESSÃO DE ETIQUETAS. ENTRADA USB.,,,06/02/2015 a 06/02/2017,ELGIN,,,L42,,13011001,
,"567,",00010489,,,,,,,CADEIRA FIXA S/BRAÇO - DESCRICAO: COM ASSENTO E ENCOSTO EM POLIPROPILENO. COR PRETA.,,,,FLEXFORM,,,MIMI,,,
,"568,",00010588,,,,,,,"IMPRESSORA LASER - DESCRICAO: MULTIFUNCIONAL. IMPRESSÃO MONOCROMÁTICA EM RESOLUÇÃO 1200 X 1200 DPI. MODO DUPLEX INTEGRADO. COM FUNÇÕES DE CÓPIA, DIGITALIZAÇÃO E ENVIO DE FAX.",,,17/11/2015 a 17/11/2018,LEXMARK,,,MX310DN,,701545LM0KT40,
,"569,",00010589,,,,,,,"IMPRESSORA LASER - DESCRICAO: MULTIFUNCIONAL. IMPRESSÃO MONOCROMÁTICA EM RESOLUÇÃO 1200 X 1200 DPI. MODO DUPLEX INTEGRADO. COM FUNÇÕES DE CÓPIA, DIGITALIZAÇÃO E ENVIO DE FAX.",,,17/11/2015 a 17/11/2018,LEXMARK,,,MX310DN,,701544LM0K84B,
,"570,",00010592,,,,,,,"IMPRESSORA LASER - DESCRICAO: MULTIFUNCIONAL. IMPRESSÃO MONOCROMÁTICA EM RESOLUÇÃO 1200 X 1200 DPI. MODO DUPLEX INTEGRADO. COM FUNÇÕES DE CÓPIA, DIGITALIZAÇÃO E ENVIO DE FAX.",,,17/11/2015 a 17/11/2018,LEXMARK,,,MX310DN,,701544LM0K0PN,
,"571,",00010594,,,,,,,"IMPRESSORA LASER - DESCRICAO: MULTIFUNCIONAL. IMPRESSÃO MONOCROMÁTICA EM RESOLUÇÃO 1200 X 1200 DPI. MODO DUPLEX INTEGRADO. COM FUNÇÕES DE CÓPIA, DIGITALIZAÇÃO E ENVIO DE FAX.",,,17/11/2015 a 17/11/2018,LEXMARK,,,MX310DN,,701544LM0K848,
,"572,",00010596,,,,,,,"IMPRESSORA LASER - DESCRICAO: MULTIFUNCIONAL. IMPRESSÃO MONOCROMÁTICA EM RESOLUÇÃO 1200 X 1200 DPI. MODO DUPLEX INTEGRADO. COM FUNÇÕES DE CÓPIA, DIGITALIZAÇÃO E ENVIO DE FAX.",,,17/11/2015 a 17/11/2018,LEXMARK,,,MX310DN,,701544LM0K873,
,"573,",00010600,,,,,,,"IMPRESSORA LASER - DESCRICAO: MULTIFUNCIONAL. IMPRESSÃO MONOCROMÁTICA EM RESOLUÇÃO 1200 X 1200 DPI. MODO DUPLEX INTEGRADO. COM FUNÇÕES DE CÓPIA, DIGITALIZAÇÃO E ENVIO DE FAX.",,,17/11/2015 a 17/11/2018,LEXMARK,,,MX310DN,,701545LM0KT9Y,
,"574,",00010605,,,,,,,AUTOMATIZADOR DE PORTAO INDUSTRIAL - DESCRICAO: TIPO HÍBRIDO. POTÊNCIA NOMINAL DE 245W. ALIMENTAÇÃO: 220V/127V. TRIFÁSICO. FREQUÊNCIA 60HZ.,,,14/08/2015 a 14/08/2016,CONDOMINIUM,,,JET FLEX,,,
,"575,",00010606,,,,,,,CENTRAL DE AR CONDICIONADO - DESCRICAO: 60.000 BTUS.,,,,YORK,,,,,,
,"576,",00010609,,,,,,,"NO BREAK . - DESCRICAO: POTÊNCIA DE 1,4 KVA. BIVOLT. COM ESTABILIZADOR INTERNO. PORTA-FUSÍVEL COM UNIDADE RESERVA..",,,04/02/2016 a 04/02/2017,SERRANA,,,PINOT 1400 3Q L/1,,011198,
,"577,",00010616,,,,,,,"NO BREAK . - DESCRICAO: POTÊNCIA DE 1,4 KVA. BIVOLT. COM ESTABILIZADOR INTERNO. PORTA-FUSÍVEL COM UNIDADE RESERVA.",,,14/03/2016 a 14/03/2017,SERRANA,,,PINOT 1400 3Q L/1,,011571,
,"578,",00010617,,,,,,,"NO BREAK . - DESCRICAO: POTÊNCIA DE 1,4 KVA. BIVOLT. COM ESTABILIZADOR INTERNO. PORTA-FUSÍVEL COM UNIDADE RESERVA.",,,14/03/2016 a 14/03/2017,SERRANA,,,PINOT 1400 3Q L/1,,011560,
,"579,",00010618,,,,,,,"NO BREAK . - DESCRICAO: POTÊNCIA DE 1,4 KVA. BIVOLT. COM ESTABILIZADOR INTERNO. PORTA-FUSÍVEL COM UNIDADE RESERVA.",,,14/03/2016 a 14/03/2017,SERRANA,,,PINOT 1400 3Q L/1,,011574,
,"580,",00010624,,,,,,,"NO BREAK . - DESCRICAO: POTÊNCIA DE 1,4 KVA. BIVOLT. COM ESTABILIZADOR INTERNO. PORTA-FUSÍVEL COM UNIDADE RESERVA.",,,14/03/2016 a 14/03/2017,SERRANA,,,PINOT 1400 3Q L/1,,011572,
,"581,",00010625,,,,,,,"NO BREAK . - DESCRICAO: POTÊNCIA DE 1,4 KVA. BIVOLT. COM ESTABILIZADOR INTERNO. PORTA-FUSÍVEL COM UNIDADE RESERVA.",,,14/03/2016 a 14/03/2017,SERRANA,,,PINOT 1400 3Q L/1,,011567,
,"582,",00010626,,,,,,,"NO BREAK . - DESCRICAO: POTÊNCIA DE 1,4 KVA. BIVOLT. COM ESTABILIZADOR INTERNO. PORTA-FUSÍVEL COM UNIDADE RESERVA.",,,14/03/2016 a 14/03/2017,SERRANA,,,PINOT 1400 3Q L/1,,011563,
,"583,",00010628,,,,,,,"NO BREAK . - DESCRICAO: POTÊNCIA DE 1,4 KVA. BIVOLT. COM ESTABILIZADOR INTERNO. PORTA-FUSÍVEL COM UNIDADE RESERVA.",,,14/03/2016 a 14/03/2017,SERRANA,,,PINOT 1400 3Q L/1,,011566,
,"584,",00010655,,,,,,,TECLADO PARA MICROCOMPUTADOR - DESCRICAO: COM LEITOR DE SMART CARD. PADRÃO ABNT 2 USB.,,,22/04/2016 a 22/04/2020,HP,,,TOUCH SMART 9100,,BDBSP0DGA9V0WB,
,"585,",00010660,,,,,,,MICROCOMPUTADOR COM PROCESSADOR - DESCRICAO: INTEL CORE I7-6700T. MEMÓRIA: 8GB DDR4. DISCO RÍGIDO DE 1TB.,,,22/04/2016 a 22/04/2020,HP,,,ELITEDESK 800 G2 DM,,,
,"586,",00010662,,,,,,,TECLADO PARA MICROCOMPUTADOR - DESCRICAO: COM LEITOR DE SMART CARD. PADRÃO ABNT 2 USB.,,,22/04/2016 a 22/04/2020,HP,,,TOUCH SMART 9100,,BDBSP0DGA9V2BN,
,"587,",00010680,,,,,,,MONITOR DE VIDEO LCD - DESCRICAO: 24 POLEGADAS. RESOLUÇÃO MÁXIMA: 1920 X 1080 (FULL HD). 60 HZ. COR BRANCA.,,,06/05/2016 a 06/05/2019,PHILIPS,,,C240P4QPYEW,,,
,"588,",00010691,,,,,,,MONITOR DE VIDEO LCD - DESCRICAO: 24 POLEGADAS. RESOLUÇÃO MÁXIMA: 1920 X 1080 (FULL HD). 60 HZ. COR BRANCA.,,,06/05/2016 a 06/05/2019,PHILIPS,,,C240P4QPYEW,,,
,"589,",00010750,,,,,,,CENTRAL DE AR CONDICIONADO - DESCRICAO: TIPO SPLIT. POTÊNCIA DE 30 MIL BTU'S. TIPO FRIO. COM CONTROLE REMOTO SEM FIO. VOLTAGEM: 220V. COR BRANCA. UNIDADE EXTERNA: A16045328115W00249.,,,24/08/2016 a 24/08/2017,ELGIN,,,HEFE30B2IA,,B28475328115N00070,
,"590,",00010751,,,,,,,MINI-CENTRAL DE AR CONDICIONADO - DESCRICAO: TIPO SPLIT. POTÊNCIA DE 18 MIL BTU'S. TIPO FRIO. COM CONTROLE REMOTO SEM FIO. VOLTAGEM: 220V. COR BRANCA. UNIDADE EXTERNA: A16026072606W00204.,,,31/08/2016 a 31/08/2017,ELGIN,,,HEFE18B2IA,,B2B8436072606N01004,
,"591,",00010780,,,,,,,"MOTO BOMBA CENTRIFUGA - DESCRICAO: POTÊNCIA DE 3/4 CV. 60HZ. RPM 3500. VAZÃO MÁXIMA DE 5,1 M³/H. VOLTAGEM 127V.",,,04/11/2016 a 04/11/2017,SCHNEIDER,,,BCR-2010,,16G87-08-00146R,
,"592,",00010787,,,,,,,"CENTRAL DE AR CONDICIONADO - DESCRICAO: POTÊNCIA 60.000BTUS. COR BRANCA. UNIDADE EXTERNA: 03065854  - MARCA: ELGIN, 220V -TRIFÁSICO - PEFI60B2NA",,,17/01/2017 a 17/01/2018,ELGIN,,,R-410A,,03130264,
,"593,",00010789,,,,,,,"CENTRAL DE AR CONDICIONADO - DESCRICAO: POTÊNCIA: 60.000BTUS. COR BRANCA. UNIDADE EXTERNA: 03065769 - MARCA: ELGIN, 220V - TRIFÁSICO - PEFI60B2NA",,,17/01/2017 a 17/01/2018,ELGIN,,,R-410A,,03112778,
,"594,",00010812,,,,,,,CENTRAL DE AR CONDICIONADO - DESCRICAO: POTÊNCIA: 24 MIL BTUS. CICLO FRIO. 220V. FREQUÊNCIA 60 HZ (7032 KW). UNIDADE EXTERNA: 03272799.,,,16/02/2017 a 16/02/2018,ELGIN,,,HEFE24B2IA,,03274520,
,"595,",00010813,,,,,,,"CENTRAL DE AR CONDICIONADO - DESCRICAO: POTÊNCIA: 48 MIL BTUS. CICLO FRIO. 220V. FREQUÊNCIA 60 HZ (14,06 KW). UNIDADE EXTERNA: 03260091.",,,16/02/2017 a 16/02/2018,ELGIN,,,HEFE48B2IA,,03276910,
,"596,",00010817,,,,,,,INTERFONE . - DESCRICAO: INTERFONE PORTEIRO ELETRÔNICO RESIDENCIAL ECP BIVOLT MONOFONE - PORTEIRO ELETRÔNICO CINZA CLARO,,,02/03/2017 a 02/03/2018,AGL,,,P-20,,,
,"597,",00010978,,,,,,,APARELHO TELEFONICO SEM FIO - DESCRICAO: COM IDENTIFICADOR DE CHAMADAS DTMF E FSK. AGENDA PARA 50 CONTATOS. DISPLAY EM CRISTAL LÍQUIDO. MODO VIVA VOZ. COR PRETA.,,,14/03/2018 a 14/03/2019,ELGIN,,,TSF 8001,,50112048105012,
,"598,",00010987,,,,,,,APARELHO TELEFONICO SEM FIO - DESCRICAO: COM IDENTIFICADOR DE CHAMADAS DTMF E FSK. AGENDA PARA 50 CONTATOS. DISPLAY EM CRISTAL LÍQUIDO. MODO VIVA VOZ. COR PRETA.,,,14/03/2018 a 14/03/2019,ELGIN,,,TSF 8001,,50112048105109,
,"599,",00011006,,,,,,,APARELHO TELEFONICO SEM FIO - DESCRICAO: COM IDENTIFICADOR DE CHAMADAS DTMF E FSK. AGENDA PARA 50 CONTATOS. DISPLAY EM CRISTAL LÍQUIDO. MODO VIVA VOZ. COR PRETA.,,,14/03/2018 a 14/03/2019,ELGIN,,,TSF 8001,,50112048105014,
,"600,",00011010,,,,,,,IMPRESSORA LASER - DESCRICAO: MONOCROMÁTICA.,,,,SAMSUNG,,,ML-3710ND,,Z5HABAGBC01805N,
,"601,",00011011,,,,,,,IMPRESSORA LASER - DESCRICAO: MONOCROMÁTICA.,,,,SAMSUNG,,,ML-3710ND,,Z5HABAGBC01867R,
,"602,",00011015,,,,,,,IMPRESSORA LASER - DESCRICAO: MONOCROMÁTICA.,,,,SAMSUNG,,,ML-3710ND,,Z5HABAGBC02107E,
,"603,",00011018,,,,,,,IMPRESSORA LASER - DESCRICAO: MONOCROMÁTICA.,,,,SAMSUNG,,,ML-3710ND,,Z5HABAGBC01401V,
,"604,",00011334,,,,,,,"BALCAO DE ATENDIMENTO - EM MDF SOB MEDIDA - DESCRICAO: BALCÃO DE ATENDIMENTO - BALCÃO EM MDF 25MM, COR PRETÓRIA, LINHA DUAL TOUCH OU

 SIMILAR, PAINÉIS COM ESTRUTURA EM MADEIRA, REVESTIDA DE MDF 15MM, COR BRANCO

 DIAMANTE, LINHA ULTRA. DIMENSÕES: PORTA EM MDF DE 25MM, DA MESMA COR DO BALCÃO

 MEDINDO 1,00M X 0,84M; DIVISÓRIA DE VIDRO TEMPERADO DE 6MM (PARA TRAVAMENTO DA

 PORTA), 1,10M DE ALTURA POR 1,15M DE LARGURA, FIXADA EM PILAR DE MADEIRA 

 REVESTIDO DE MDF DE 15MM (COR BRANCO DIAMANTE).",,,,,,,,,,
,"605,",00011343,,,,,,,NO BREAK . - DESCRICAO: POTENCIA 1600VA. 8 TOMADAS.TRIVOLT. COR PRETA.,,,16/11/2018 a 16/11/2019,RAGTECH,,,EASY WAY,,4148182106780,
,"606,",00011352,,,,,,,"NO BREAK . - DESCRICAO: POTENCIA 700VA, 6 TOMADAS, BIVOLT, COR PRETA",,,22/11/2018 a 22/11/2019,TS SHARA,,,,,180905057,
,"607,",00011354,,,,,,,"NO BREAK . - DESCRICAO: POTENCIA 700VA, 6 TOMADAS, BIVOLT, COR PRETA",,,22/11/2018 a 22/11/2019,TS SHARA,,,,,180905050,
,"608,",00011400,,,,,,,IMPRESSORA LASER - DESCRICAO: MULTIFUNCIONAL,,,,SAMSUNG,,,SL-M3375FD,,ZEROBQAD900207,
,"609,",00011423,,,,,,,IMPRESSORA LASER - DESCRICAO: MONOCROMÁTICA,,,,SAMSUNG,,,ML-3710ND,,Z5HABAGBC01036P,
,"610,",00011432,,,,,,,IMPRESSORA LASER - DESCRICAO: MONOCROMÁTICA,,,,SAMSUNG,,,ML-3710ND,,Z5HABAGBC01007W,
,"611,",00011435,,,,,,,IMPRESSORA LASER - DESCRICAO: MONOCROMÁTICA,,,,SAMSUNG,,,ML-3710ND,,Z5HABAGBC02237V,
,"612,",00011461,,,,,,,"NO BREAK . - DESCRICAO: NOBREAK MARCA TS SHARA MODELO POWERUPS 700 COD. 4008 CARACTERÍSTICAS
 700VA DE POTÊNCIA - TECNOLOGIA SMD - ENTRADA E SAIDA MONOVOLT 115V - FILTRO DE LINHA INTEGRADO - DISPONÍVEL NA COR: BLACK - MICROPROCESSADOR CISC / FLASH",,,25/04/2019 a 25/04/2020,TS SHARA,,,,,190213968,
,"613,",00011465,,,,,,,"NO BREAK . - DESCRICAO: NOBREAK MARCA TS SHARA MODELO POWERUPS 700 COD. 4008 CARACTERÍSTICAS
 700VA DE POTÊNCIA - TECNOLOGIA SMD - ENTRADA E SAIDA MONOVOLT 115V - FILTRO DE LINHA INTEGRADO - DISPONÍVEL NA COR: BLACK - MICROPROCESSADOR CISC / FLASH",,,25/04/2019 a 25/04/2020,TS SHARA,,,,,190300325,
,"614,",00011746,,,,,,,MONITOR DE VIDEO LCD - DESCRICAO: MONITOR DELL DE 23 POLEGADAS. MODELO P2319H. SERVICE TAG H22C2W2.,,,18/12/2019 a 18/12/2024,DELL,,,,,,
,"615,",00041486,,,,,,,"NOTEBOOK COM PROCESSADOR - DESCRICAO: PROCESSADOR INTEL CORE I3 2330M, MEMÓRIA DE 2GB, DISCO RÍGIDO DE 300GB.",,,,HP,,,PROBOOK 4430S,,BRG207F0Q3,
,"616,",00041534,,,,,,,"NOTEBOOK COM PROCESSADOR - DESCRICAO: PROCESSADOR INTEL CORE I3 2330M, MEMÓRIA DE 2GB, DISCO RÍGIDO DE 300GB.",,,,HP,,,PROBOOK 4430S,,BRG207F0ZT,
,"617,",00043642,,,,,,,MONITOR LCD - CRISTAL LIQUIDO - DESCRICAO: 19 POLEGADAS. COR PRETA.,,,,DELL,,,E198FPB,,OG256H7426188UENGL,
,"618,",00043662,,,,,,,MONITOR LCD - CRISTAL LIQUIDO - DESCRICAO: 19 POLEGADAS. COR PRETA.,,,,DELL,,,E198FPB,,OG256H7426188UENJL,
,"619,",00046658,,,,,,,MONITOR LCD - CRISTAL LIQUIDO - DESCRICAO: 19 POLEGADAS. COR PRETA.,,,,HP,,,W1942PEU,,BRG1110HRJ,
,"620,",00046824,,,,,,,MONITOR LCD - CRISTAL LIQUIDO - DESCRICAO: 19 POLEGADAS. COR PRETA.,,,,HP,,,W1942PEU,,BRG1110GZV,
,"621,",00046851,,,,,,,MONITOR LCD - CRISTAL LIQUIDO - DESCRICAO: 19 POLEGADAS. COR PRETA.,,,,HP,,,W1942PEU,,BRG1110DP6,
,"622,",00046934,,,,,,,MONITOR LCD - CRISTAL LIQUIDO - DESCRICAO: 19 POLEGADAS. COR PRETA.,,,,HP,,,W1942PEU,,BRG1110JXM,
,"623,",00046944,,,,,,,MONITOR LCD - CRISTAL LIQUIDO - DESCRICAO: 19 POLEGADAS. COR PRETA.,,,,HP,,,W1942PEU,,BRG1110FFC,
,"624,",00046968,,,,,,,MONITOR LCD - CRISTAL LIQUIDO - DESCRICAO: 19 POLEGADAS. COR PRETA.,,,,HP,,,W1942PEU,,BRG1110,
,"625,",00047264,,,,,,,MONITOR LCD - CRISTAL LIQUIDO - DESCRICAO: 19 POLEGADAS. COR PRETA.,,,,HP,,,W1942PEU,,BRG1110JZ2,
,"626,",00047934,,,,,,,"MICROCOMPUTADOR COM PROCESSADOR - DESCRICAO: INTEL I5 650 DE 3.2GHZ. MEMÓRIA 4GB DDR3 PC10660. DISCO RÍGIDO DE 500GB. GRAVADORA DE CD 48X E DVD 22X. DRIVE DE DISQUETE COM BARRAMENTO DE 1.333MHZ. CAIXA DE SOM INTERNA. INTERFACES: 10 USB, 1 E-SATA, 1 DISPLAY E 1 RGB.",,,,POSITIVO,,,POST-AT SERIES K (I5PE),,1A339PN2T,
,"627,",00047976,,,,,,,"MICROCOMPUTADOR COM PROCESSADOR - DESCRICAO: INTEL I5 650 DE 3.2GHZ. MEMÓRIA 4GB DDR3 PC10660. DISCO RÍGIDO DE 500GB. GRAVADORA DE CD 48X E DVD 22X. DRIVE DE DISQUETE COM BARRAMENTO DE 1.333MHZ. CAIXA DE SOM INTERNA. INTERFACES: 10 USB, 1 E-SATA, 1 DISPLAY E 1 RGB.",,,,POSITIVO,,,POST-AT SERIES K (I5PE),,1A339Y940,
,"628,",00048341,,,,,,,"MICROCOMPUTADOR COM PROCESSADOR - DESCRICAO: INTEL I5 650 DE 3.2GHZ. MEMÓRIA 4GB DDR3 PC10660. DISCO RÍGIDO DE 500GB. GRAVADORA DE CD 48X E DVD 22X. DRIVE DE DISQUETE COM BARRAMENTO DE 1.333MHZ. CAIXA DE SOM INTERNA. INTERFACES: 10 USB, 1 E-SATA, 1 DISPLAY E 1 RGB.",,,,POSITIVO,,,POST-AT SERIES K (I5PE),,1A335HDOT,
,"629,",00063105,,,,,,,TECLADO PARA MICROCOMPUTADOR - DESCRICAO: PADRÃO DO TECLADO ABNT2.,,,,POSITIVO,,,,,,
,"630,",00063126,,,,,,,TECLADO PARA MICROCOMPUTADOR - DESCRICAO: PADRÃO DO TECLADO ABNT2.,,,,POSITIVO,,,,,,
,"631,",00063145,,,,,,,TECLADO PARA MICROCOMPUTADOR - DESCRICAO: PADRÃO DO TECLADO ABNT2.,,,,POSITIVO,,,,,,
,"632,",00401192,,,,,,,LIVRO - - EDICAO: 10ª - TÍTULO: CÓDIGO PENAL COMENTADO - AUTOR: GULHERME DE SOUZA NUCCI - EDITORA: RT - ANO DE PUBLICACAO: 2010,,,,,,,,,,
,"633,",00820613,,,,,,,PAR DE CAIXA DE SOM PARA MICROCOMPUTADOR,,,09/08/2002 a 09/08/2004,IBM,,,,,,
,"634,",00820617,,,,,,,PAR DE CAIXA DE SOM PARA MICROCOMPUTADOR,,,09/08/2002 a 09/08/2004,IBM,,,,,,
,"635,",00820618,,,,,,,PAR DE CAIXA DE SOM PARA MICROCOMPUTADOR,,,09/08/2002 a 09/08/2004,IBM,,,,,,
,"636,",00820634,,,,,,,PAR DE CAIXA DE SOM PARA MICROCOMPUTADOR,,,,IBM,,,,,,
,"637,",00820936,,,,,,,CENTRAL DE ALARME 4 SETORES,,,30/12/2003 a 03/11/2004,,,,,,,
,"638,",00820953,,,,,,,"BARRACA DE CAMPING - DESCRICAO: ESTRUTURA EM TUBO DE FERRO, 3X3X2,5 - BRANCA",,,,,,,,,,
,"639,",00820954,,,,,,,"BARRACA DE CAMPING - DESCRICAO: ESTRUTURA EM TUBO DE FERRO, 3X3X2,5 - BRANCA",,,,,,,,,,
,"640,",00821151,,,,,,,MICROFONE .,,,06/06/2006 a 20/04/2006,SONY,,,PCS A1,,,
,"641,",00821153,,,,,,,CONTROLE REMOTO CODEC,,,16/06/2006 a 05/06/2009,SONY,,,PCS-R1,,,
,"642,",00821232,,,,,,,"PERSIANA  VERTICAL - DESCRICAO: MAT. DE PVC - COR BEGE - TAM. 2,20 X 1,40M",,,28/09/2006 a 28/03/2007,RATTAN,,,ALTO RELEVO,,,
,"643,",00821234,,,,,,,"PERSIANA  VERTICAL - DESCRICAO: MAT. DE PVC - COR BEGE - TAM. 2,20 X 1,40M",,,28/09/2006 a 28/03/2007,RATTAN,,,ALTO RELEVO,,,
,"644,",00821235,,,,,,,"PERSIANA  VERTICAL - DESCRICAO: MAT. DE PVC - COR BEGE - TAM. 2,20 X 1,40M",,,28/09/2006 a 28/03/2007,RATTAN,,,ALTO RELEVO,,,
,"645,",00821307,,,,,,,"PERSIANA  VERTICAL - DESCRICAO: MAT. DE PVC - COR BEGE - TAM. 2,20X1,40M",,,28/09/2006 a 28/03/2007,RATTAN,,,LISA,,,
,"646,",00821308,,,,,,,"PERSIANA  VERTICAL - DESCRICAO: MAT. DE PVC - COR BEGE - TAM. 2,20X1,40M",,,28/09/2006 a 28/03/2007,RATTAN,,,LISA,,,
,"647,",00821309,,,,,,,"PERSIANA  VERTICAL - DESCRICAO: MAT. DE PVC - COR BEGE - TAM. 2,20X1,40M",,,28/09/2006 a 28/03/2007,RATTAN,,,LISA,,,
,"648,",00821311,,,,,,,"PERSIANA  VERTICAL - DESCRICAO: MAT. DE PVC - COR BEGE - TAM. 2,20X1,40M",,,28/09/2006 a 28/03/2007,RATTAN,,,LISA,,,
,"649,",00821312,,,,,,,"PERSIANA  VERTICAL - DESCRICAO: MAT. DE PVC - COR BEGE - TAM. 2,20X1,40M",,,28/09/2006 a 28/03/2007,RATTAN,,,LISA,,,
,"650,",00821313,,,,,,,"PERSIANA  VERTICAL - DESCRICAO: MAT. DE PVC - COR BEGE - TAM. 2,20X1,40M",,,28/09/2006 a 28/03/2007,RATTAN,,,LISA,,,
,"651,",00821314,,,,,,,"PERSIANA  VERTICAL - DESCRICAO: MAT. DE PVC - COR BEGE - TAM. 2,20X1,40M",,,28/09/2006 a 28/03/2007,RATTAN,,,LISA,,,
,"652,",00821410,,,,,,,"PERSIANA  VERTICAL - DESCRICAO: PVC LISO NA COR BEGE ESCURO, LARGURA DA LÃMINA 90MM, MEDINDO 2,00X1,50",,,,,,,,,,
,"653,",00821411,,,,,,,"PERSIANA  VERTICAL - DESCRICAO: PVC LISO NA COR BEGE ESCURO, LARGURA DA LÃMINA 90MM, MEDINDO 2,00X1,50",,,,,,,,,,
,"654,",00821486,,,,,,,"SUPORTE PARA TELEVISAO - DESCRICAO: LCD/PLASMA, TIPO ARTICULÁVEL.",,,24/06/2009 a 24/06/2010,VISOGRAF,,,SUPFORCE,,,
,"655,",00821488,,,,,,,"PERSIANA  VERTICAL - DESCRICAO: EM PVC, MEDINDO 2,67M (LARGURA) X 1,50M (ALTURA).",,,,,,,,,,
,"656,",00821489,,,,,,,"PERSIANA  VERTICAL - DESCRICAO: EM PVC, MEDINDO 2,67M (LARGURA) X 1,50M (ALTURA).",,,,,,,,,,
,"657,",00821490,,,,,,,"PERSIANA  VERTICAL - DESCRICAO: EM PVC, MEDINDO 2,30M (LARGURA) X 1,50M (ALTURA).",,,,,,,,,,
,"658,",00821491,,,,,,,"PERSIANA  VERTICAL - DESCRICAO: EM PVC, MEDINDO 2,30M (LARGURA) X 1,50M (ALTURA).",,,,,,,,,,
,"659,",00821492,,,,,,,"PERSIANA  VERTICAL - DESCRICAO: EM PVC, MEDINDO 2,30M (LARGURA) X 1,50M (ALTURA).",,,,,,,,,,
,"660,",00822053,,,,,,,"PERSIANA  VERTICAL - DESCRICAO: EM PVC. MEDIDAS: 1,20M (A) X 1,38M (L).",,,,DECORACRE,,,,,,
,"661,",00822054,,,,,,,"PERSIANA  VERTICAL - DESCRICAO: EM PVC. MEDIDAS: 1,20M (A) X 1,38M (L).",,,,DECORACRE,,,,,,
,"662,",00822117,,,,,,,DIVISORIA EM FORMICA - DESCRICAO: ESPESSURA DE 35MM. PAINEL CEGO. MONTANTES DE ALUMÍNIO ANODIZADO. COM PORTA DE MEDIDAS: 130X110CM.  FECHADURA  ELÉTRICA COM ACIONAMENTO POR BOTOEIRA E CONTROLE REMOTO.,,,,,,,,,,
,"663,",60070923,,,,,,,KIT BIO LEITOR OTICO DE DIGITAIS,,,,INTEGRATED BIOMETRICS,,,WATSON MINI,,150601924,
,"664,",60104921,,,,,,,KIT BIO MODULO CENARIO,,,,AKIYAMA,,,AK-MCP 14V,,150501922,

